# Blender 4.2.19 LTS
# www.blender.org
mtllib RTC_NikolaevVA7.mtl
o base
v 0.000000 0.000000 -1.000000
v -0.195090 0.000000 -0.980785
v -0.476123 0.000000 -1.112580
v -0.684322 0.000000 -1.001296
v -0.866809 0.000000 -0.851532
v -0.831470 0.000000 -0.555570
v -0.923879 0.000000 -0.382683
v -0.980785 0.000000 -0.195090
v -1.000000 0.000000 -0.000000
v -0.980785 0.000000 0.195090
v -0.923879 0.000000 0.382683
v -0.831470 0.000000 0.555570
v -0.866809 0.000000 0.851532
v -0.684322 0.000000 1.001296
v -0.476123 0.000000 1.112580
v -0.195090 0.000000 0.980785
v 0.000000 0.000000 1.000000
v 0.195090 0.000000 0.980785
v 0.382683 0.000000 0.923880
v 0.653767 0.000000 1.001296
v 0.836255 0.000000 0.851532
v 0.986018 0.000000 0.669044
v 0.923880 0.000000 0.382683
v 0.980785 0.000000 0.195090
v 1.000000 0.000000 -0.000000
v 0.980785 0.000000 -0.195090
v 0.923880 0.000000 -0.382683
v 0.986018 0.000000 -0.669044
v 0.836255 0.000000 -0.851532
v 0.653767 0.000000 -1.001296
v 0.382683 0.000000 -0.923879
v 0.195090 0.000000 -0.980785
v 0.000000 0.294347 -0.931720
v -0.181770 0.294347 -0.913817
v -0.480462 0.039722 -1.111029
v -0.688370 0.039722 -0.999900
v -0.870604 0.039722 -0.850345
v -0.774697 0.294347 -0.517636
v -0.860797 0.294347 -0.356554
v -0.913817 0.294347 -0.181770
v -0.931720 0.294347 0.000000
v -0.913817 0.294347 0.181770
v -0.860797 0.294347 0.356554
v -0.774697 0.294347 0.517636
v -0.870604 0.039722 0.850345
v -0.688370 0.039722 0.999900
v -0.480462 0.039722 1.111029
v -0.181770 0.294347 0.913817
v 0.000000 0.294347 0.931720
v 0.181770 0.294347 0.913817
v 0.356554 0.294347 0.860797
v 0.647853 0.039722 0.999900
v 0.830086 0.039722 0.850345
v 0.979641 0.039722 0.668112
v 0.860797 0.294347 0.356554
v 0.913817 0.294347 0.181770
v 0.931720 0.294347 0.000000
v 0.913817 0.294347 -0.181770
v 0.860797 0.294347 -0.356554
v 0.979641 0.039722 -0.668112
v 0.830086 0.039722 -0.850345
v 0.647853 0.039722 -0.999900
v 0.356554 0.294347 -0.860797
v 0.181770 0.294347 -0.913817
v 0.000000 0.324798 -0.714255
v -0.139344 0.324798 -0.700531
v -0.277556 0.324798 -0.668413
v -0.402637 0.324798 -0.601556
v -0.512272 0.324798 -0.511581
v -0.593881 0.324798 -0.396819
v -0.659885 0.324798 -0.273333
v -0.700531 0.324798 -0.139344
v -0.714255 0.324798 0.000000
v -0.700531 0.324798 0.139344
v -0.659885 0.324798 0.273333
v -0.593881 0.324798 0.396819
v -0.512272 0.324798 0.511581
v -0.402637 0.324798 0.601556
v -0.277556 0.324798 0.668413
v -0.139344 0.324798 0.700531
v 0.000000 0.324798 0.714255
v 0.139344 0.324798 0.700531
v 0.273333 0.324798 0.659885
v 0.401256 0.324798 0.601556
v 0.510891 0.324798 0.511581
v 0.600866 0.324798 0.401947
v 0.659885 0.324798 0.273333
v 0.700531 0.324798 0.139344
v 0.714255 0.324798 0.000000
v 0.700531 0.324798 -0.139344
v 0.659885 0.324798 -0.273333
v 0.600866 0.324798 -0.401947
v 0.510891 0.324798 -0.511581
v 0.401256 0.324798 -0.601556
v 0.273333 0.324798 -0.659885
v 0.139344 0.324798 -0.700531
v 0.000000 0.546349 -0.714255
v -0.139344 0.546349 -0.700531
v -0.277556 0.546349 -0.668413
v -0.402637 0.546349 -0.601556
v -0.512272 0.546349 -0.511581
v -0.593881 0.546349 -0.396819
v -0.659885 0.546349 -0.273333
v -0.700531 0.546349 -0.139344
v -0.714255 0.546349 0.000000
v -0.700531 0.546349 0.139344
v -0.659885 0.546349 0.273333
v -0.593881 0.546349 0.396819
v -0.512272 0.546349 0.511581
v -0.402637 0.546349 0.601556
v -0.277556 0.546349 0.668413
v -0.139344 0.546349 0.700531
v 0.000000 0.546349 0.714255
v 0.139344 0.546349 0.700531
v 0.273333 0.546349 0.659885
v 0.401256 0.546349 0.601556
v 0.510891 0.546349 0.511581
v 0.600866 0.546349 0.401947
v 0.659885 0.546349 0.273333
v 0.700531 0.546349 0.139344
v 0.714255 0.546349 0.000000
v 0.700531 0.546349 -0.139344
v 0.659885 0.546349 -0.273333
v 0.600866 0.546349 -0.401947
v 0.510891 0.546349 -0.511581
v 0.401256 0.546349 -0.601556
v 0.273333 0.546349 -0.659885
v 0.139344 0.546349 -0.700531
v 0.000000 0.546349 -0.817826
v -0.159550 0.546349 -0.802111
v -0.317803 0.546349 -0.765337
v -0.461022 0.546349 -0.688785
v -0.586554 0.546349 -0.585763
v -0.679997 0.546349 -0.454360
v -0.755572 0.546349 -0.312968
v -0.802111 0.546349 -0.159550
v -0.817826 0.546349 0.000000
v -0.802111 0.546349 0.159550
v -0.755572 0.546349 0.312968
v -0.679997 0.546349 0.454360
v -0.586554 0.546349 0.585763
v -0.461022 0.546349 0.688785
v -0.317803 0.546349 0.765337
v -0.159550 0.546349 0.802111
v 0.000000 0.546349 0.817826
v 0.159550 0.546349 0.802111
v 0.312968 0.546349 0.755572
v 0.459441 0.546349 0.688785
v 0.584973 0.546349 0.585763
v 0.687994 0.546349 0.460231
v 0.755572 0.546349 0.312968
v 0.802111 0.546349 0.159550
v 0.817826 0.546349 0.000000
v 0.802111 0.546349 -0.159550
v 0.755572 0.546349 -0.312968
v 0.687994 0.546349 -0.460231
v 0.584973 0.546349 -0.585763
v 0.459441 0.546349 -0.688785
v 0.312968 0.546349 -0.755572
v 0.159550 0.546349 -0.802111
v -1.439189 0.034182 0.666597
v -1.439189 0.568578 0.666598
v -1.439189 0.034182 -0.666597
v -1.439189 0.568578 -0.666597
v -0.887579 0.034182 0.666597
v -0.887579 0.568578 0.666598
v -0.887579 0.034182 -0.666597
v -0.887579 0.568578 -0.666597
v -1.023645 0.034182 -0.666597
v -1.023645 0.568578 -0.666597
v -1.023645 0.034182 0.666597
v -1.023645 0.568578 0.666598
v -1.023645 0.623185 -0.666597
v -0.887579 0.623185 -0.666597
v -0.887579 0.623186 0.666598
v -1.023645 0.623186 0.666598
v -0.887579 0.004191 0.666597
v -0.887579 0.004191 -0.666597
v -1.023645 0.004191 0.666597
v -1.023645 0.004191 -0.666597
vn -0.9776 -0.2092 0.0242
vn -0.9554 -0.2260 0.1900
vn -0.9683 -0.2170 0.1240
vn 0.5500 0.0267 -0.8348
vn 0.6339 0.0375 -0.7725
vn 0.5607 0.0281 -0.8275
vn -0.9599 -0.1823 -0.2129
vn 0.4713 0.0171 -0.8818
vn 0.0955 -0.2249 0.9697
vn -0.0000 -0.2260 0.9741
vn -0.7049 -0.1303 0.6973
vn -0.7656 -0.1377 0.6284
vn -0.6973 -0.1294 0.7050
vn -0.4287 -0.1705 -0.8872
vn -0.4287 -0.1705 0.8872
vn -0.6298 -0.1207 0.7674
vn -0.0000 -0.2260 -0.9741
vn 0.0955 -0.2249 -0.9697
vn 0.5500 0.0267 0.8348
vn 0.4713 0.0171 0.8818
vn 0.5607 0.0281 0.8275
vn 0.2935 -0.1539 0.9435
vn -0.1900 -0.2260 -0.9554
vn 0.6339 0.0375 0.7725
vn -0.1900 -0.2260 0.9554
vn -0.2828 -0.2249 0.9324
vn -0.2828 -0.2249 -0.9324
vn 0.9792 -0.1379 -0.1486
vn 0.2935 -0.1539 -0.9435
vn 0.9000 -0.2260 0.3728
vn 0.8593 -0.2249 0.4593
vn -0.7049 -0.1303 -0.6973
vn -0.6298 -0.1207 -0.7674
vn -0.6973 -0.1294 -0.7050
vn 0.9554 -0.2260 0.1900
vn -0.7656 -0.1377 -0.6284
vn 0.9741 -0.2260 -0.0000
vn -0.9776 -0.2092 -0.0242
vn -0.9599 -0.1823 0.2129
vn -0.9683 -0.2170 -0.1240
vn 0.9554 -0.2260 -0.1900
vn -0.9554 -0.2260 -0.1900
vn 0.9000 -0.2260 -0.3728
vn -0.9741 -0.2260 -0.0000
vn 0.8593 -0.2249 -0.4593
vn 0.9792 -0.1379 0.1486
vn 0.2803 -0.8699 0.4059
vn 0.2586 -0.9402 0.2218
vn 0.2117 -0.9552 0.2066
vn 0.3287 -0.8746 0.3563
vn -0.3722 -0.8588 0.3520
vn -0.3689 -0.8527 0.3700
vn -0.3701 -0.8527 0.3688
vn -0.4116 -0.8616 0.2971
vn -0.0000 -0.9903 -0.1387
vn 0.2586 -0.9402 -0.2218
vn 0.2117 -0.9552 -0.2066
vn 0.2801 -0.8644 0.4177
vn 0.2786 -0.8643 0.4187
vn -0.3191 -0.9326 0.1686
vn -0.2654 -0.9503 0.1626
vn -0.0271 -0.9903 -0.1360
vn 0.2661 -0.8697 0.4157
vn 0.2056 -0.8724 0.4435
vn -0.0271 -0.9903 0.1360
vn -0.3191 -0.9326 -0.1686
vn -0.2654 -0.9503 -0.1626
vn 0.1048 -0.9367 0.3340
vn 0.1091 -0.9536 0.2806
vn -0.0000 -0.9903 0.1387
vn -0.3722 -0.8588 -0.3520
vn -0.4116 -0.8616 -0.2971
vn 0.1281 -0.9903 0.0531
vn -0.3689 -0.8527 -0.3700
vn -0.3701 -0.8527 -0.3688
vn 0.1360 -0.9903 0.0271
vn -0.3533 -0.8591 -0.3704
vn -0.2944 -0.8638 -0.4088
vn 0.1387 -0.9903 -0.0000
vn -0.1679 -0.9359 -0.3096
vn -0.1622 -0.9519 -0.2597
vn 0.1360 -0.9903 -0.0271
vn -0.1360 -0.9903 -0.0271
vn 0.1281 -0.9903 -0.0531
vn -0.1387 -0.9903 -0.0000
vn 0.1048 -0.9367 -0.3340
vn 0.1091 -0.9536 -0.2806
vn -0.1360 -0.9903 0.0271
vn 0.2661 -0.8697 -0.4157
vn 0.2056 -0.8724 -0.4435
vn -0.1679 -0.9359 0.3096
vn -0.1622 -0.9519 0.2597
vn 0.2801 -0.8644 -0.4177
vn 0.2786 -0.8643 -0.4187
vn -0.3533 -0.8591 0.3704
vn -0.2944 -0.8638 0.4088
vn 0.2803 -0.8699 -0.4059
vn 0.3287 -0.8746 -0.3563
vn 0.1625 -0.0000 0.9867
vn -0.0000 -0.0000 1.0000
vn -0.7071 -0.0000 0.7071
vn -0.8479 -0.0000 0.5301
vn 0.1625 -0.0000 -0.9867
vn 0.3519 -0.0000 -0.9360
vn 0.3519 -0.0000 0.9360
vn -0.5291 -0.0000 0.8486
vn -0.0000 -0.0000 -1.0000
vn 0.5556 -0.0000 0.8315
vn -0.3534 -0.0000 0.9355
vn -0.1951 -0.0000 -0.9808
vn 0.7311 -0.0000 0.6823
vn -0.1951 -0.0000 0.9808
vn -0.3534 -0.0000 -0.9355
vn 0.8502 -0.0000 0.5265
vn -0.5291 -0.0000 -0.8486
vn 0.9239 -0.0000 0.3827
vn -0.7071 -0.0000 -0.7071
vn 0.9808 -0.0000 0.1951
vn -0.8479 -0.0000 -0.5301
vn 1.0000 -0.0000 -0.0000
vn -0.9351 -0.0000 -0.3545
vn 0.9808 -0.0000 -0.1951
vn -0.9808 -0.0000 -0.1951
vn 0.9239 -0.0000 -0.3827
vn -1.0000 -0.0000 -0.0000
vn 0.8502 -0.0000 -0.5265
vn -0.9808 -0.0000 0.1951
vn 0.7311 -0.0000 -0.6823
vn -0.9351 -0.0000 0.3545
vn 0.5556 -0.0000 -0.8315
vn -0.0000 1.0000 -0.0000
vn -0.0000 -1.0000 -0.0000
vt 0.000000 0.000000
vt 0.375000 0.000000
vt 0.625000 0.000000
vt 0.625000 0.250000
vt 0.375000 0.250000
vt 0.375000 0.469343
vt 0.625000 0.469343
vt 0.625000 0.500000
vt 0.375000 0.500000
vt 0.625000 0.750000
vt 0.375000 0.750000
vt 0.375000 0.780657
vt 0.625000 0.780657
vt 0.625000 1.000000
vt 0.375000 1.000000
vt 0.655657 0.500000
vt 0.875000 0.500000
vt 0.875000 0.750000
vt 0.655657 0.750000
vt 0.125000 0.500000
vt 0.344343 0.500000
vt 0.344343 0.750000
vt 0.125000 0.750000
s 1
usemtl 
f 27/1/1 26/1/2 58/1/2 59/1/3
f 14/1/4 13/1/5 45/1/5 46/1/6
f 28/1/7 27/1/1 59/1/3 60/1/7
f 15/1/8 14/1/4 46/1/6 47/1/8
f 2/1/9 1/1/10 33/1/10 34/1/9
f 29/1/11 28/1/12 60/1/12 61/1/13
f 16/1/14 15/1/14 47/1/14 48/1/14
f 3/1/15 2/1/15 34/1/15 35/1/15
f 30/1/16 29/1/11 61/1/13 62/1/16
f 17/1/17 16/1/18 48/1/18 49/1/17
f 4/1/19 3/1/20 35/1/20 36/1/21
f 31/1/22 30/1/22 62/1/22 63/1/22
f 18/1/23 17/1/17 49/1/17 50/1/23
f 5/1/24 4/1/19 36/1/21 37/1/24
f 32/1/25 31/1/26 63/1/26 64/1/25
f 19/1/27 18/1/23 50/1/23 51/1/27
f 6/1/28 5/1/28 37/1/28 38/1/28
f 1/1/10 32/1/25 64/1/25 33/1/10
f 20/1/29 19/1/29 51/1/29 52/1/29
f 7/1/30 6/1/31 38/1/31 39/1/30
f 21/1/32 20/1/33 52/1/33 53/1/34
f 8/1/35 7/1/30 39/1/30 40/1/35
f 22/1/36 21/1/32 53/1/34 54/1/36
f 9/1/37 8/1/35 40/1/35 41/1/37
f 23/1/38 22/1/39 54/1/39 55/1/40
f 10/1/41 9/1/37 41/1/37 42/1/41
f 24/1/42 23/1/38 55/1/40 56/1/42
f 11/1/43 10/1/41 42/1/41 43/1/43
f 25/1/44 24/1/42 56/1/42 57/1/44
f 12/1/45 11/1/43 43/1/43 44/1/45
f 26/1/2 25/1/44 57/1/44 58/1/2
f 13/1/46 12/1/46 44/1/46 45/1/46
f 35/1/47 34/1/48 66/1/49 67/1/50
f 62/1/51 61/1/52 93/1/53 94/1/54
f 49/1/55 48/1/56 80/1/57 81/1/55
f 36/1/58 35/1/47 67/1/50 68/1/59
f 63/1/60 62/1/51 94/1/54 95/1/61
f 50/1/62 49/1/55 81/1/55 82/1/62
f 37/1/63 36/1/58 68/1/59 69/1/64
f 64/1/65 63/1/60 95/1/61 96/1/65
f 51/1/66 50/1/62 82/1/62 83/1/67
f 38/1/68 37/1/63 69/1/64 70/1/69
f 33/1/70 64/1/65 96/1/65 65/1/70
f 52/1/71 51/1/66 83/1/67 84/1/72
f 39/1/73 38/1/68 70/1/69 71/1/73
f 53/1/74 52/1/71 84/1/72 85/1/75
f 40/1/76 39/1/73 71/1/73 72/1/76
f 54/1/77 53/1/74 85/1/75 86/1/78
f 41/1/79 40/1/76 72/1/76 73/1/79
f 55/1/80 54/1/77 86/1/78 87/1/81
f 42/1/82 41/1/79 73/1/79 74/1/82
f 56/1/83 55/1/80 87/1/81 88/1/83
f 43/1/84 42/1/82 74/1/82 75/1/84
f 57/1/85 56/1/83 88/1/83 89/1/85
f 44/1/86 43/1/84 75/1/84 76/1/87
f 58/1/88 57/1/85 89/1/85 90/1/88
f 45/1/89 44/1/86 76/1/87 77/1/90
f 59/1/91 58/1/88 90/1/88 91/1/92
f 46/1/93 45/1/89 77/1/90 78/1/94
f 60/1/95 59/1/91 91/1/92 92/1/96
f 47/1/97 46/1/93 78/1/94 79/1/98
f 34/1/48 33/1/70 65/1/70 66/1/49
f 61/1/52 60/1/95 92/1/96 93/1/53
f 48/1/56 47/1/97 79/1/98 80/1/57
f 66/1/99 65/1/100 97/1/100 98/1/99
f 93/1/101 92/1/102 124/1/102 125/1/101
f 80/1/103 79/1/104 111/1/104 112/1/103
f 67/1/105 66/1/99 98/1/99 99/1/105
f 94/1/106 93/1/101 125/1/101 126/1/106
f 81/1/107 80/1/103 112/1/103 113/1/107
f 68/1/108 67/1/105 99/1/105 100/1/108
f 95/1/109 94/1/106 126/1/106 127/1/109
f 82/1/110 81/1/107 113/1/107 114/1/110
f 69/1/111 68/1/108 100/1/108 101/1/111
f 96/1/112 95/1/109 127/1/109 128/1/112
f 83/1/113 82/1/110 114/1/110 115/1/113
f 70/1/114 69/1/111 101/1/111 102/1/114
f 65/1/100 96/1/112 128/1/112 97/1/100
f 84/1/115 83/1/113 115/1/113 116/1/115
f 71/1/116 70/1/114 102/1/114 103/1/116
f 85/1/117 84/1/115 116/1/115 117/1/117
f 72/1/118 71/1/116 103/1/116 104/1/118
f 86/1/119 85/1/117 117/1/117 118/1/119
f 73/1/120 72/1/118 104/1/118 105/1/120
f 87/1/121 86/1/119 118/1/119 119/1/121
f 74/1/122 73/1/120 105/1/120 106/1/122
f 88/1/123 87/1/121 119/1/121 120/1/123
f 75/1/124 74/1/122 106/1/122 107/1/124
f 89/1/125 88/1/123 120/1/123 121/1/125
f 76/1/126 75/1/124 107/1/124 108/1/126
f 90/1/127 89/1/125 121/1/125 122/1/127
f 77/1/128 76/1/126 108/1/126 109/1/128
f 91/1/129 90/1/127 122/1/127 123/1/129
f 78/1/130 77/1/128 109/1/128 110/1/130
f 92/1/102 91/1/129 123/1/129 124/1/102
f 79/1/104 78/1/130 110/1/130 111/1/104
f 99/1/131 98/1/131 130/1/131 131/1/131
f 126/1/131 125/1/131 157/1/131 158/1/131
f 113/1/131 112/1/131 144/1/131 145/1/131
f 100/1/131 99/1/131 131/1/131 132/1/131
f 127/1/131 126/1/131 158/1/131 159/1/131
f 114/1/131 113/1/131 145/1/131 146/1/131
f 101/1/131 100/1/131 132/1/131 133/1/131
f 128/1/131 127/1/131 159/1/131 160/1/131
f 115/1/131 114/1/131 146/1/131 147/1/131
f 102/1/131 101/1/131 133/1/131 134/1/131
f 97/1/131 128/1/131 160/1/131 129/1/131
f 116/1/131 115/1/131 147/1/131 148/1/131
f 103/1/131 102/1/131 134/1/131 135/1/131
f 117/1/131 116/1/131 148/1/131 149/1/131
f 104/1/131 103/1/131 135/1/131 136/1/131
f 118/1/131 117/1/131 149/1/131 150/1/131
f 105/1/131 104/1/131 136/1/131 137/1/131
f 119/1/131 118/1/131 150/1/131 151/1/131
f 106/1/131 105/1/131 137/1/131 138/1/131
f 120/1/131 119/1/131 151/1/131 152/1/131
f 107/1/131 106/1/131 138/1/131 139/1/131
f 121/1/131 120/1/131 152/1/131 153/1/131
f 108/1/131 107/1/131 139/1/131 140/1/131
f 122/1/131 121/1/131 153/1/131 154/1/131
f 109/1/131 108/1/131 140/1/131 141/1/131
f 123/1/131 122/1/131 154/1/131 155/1/131
f 110/1/131 109/1/131 141/1/131 142/1/131
f 124/1/131 123/1/131 155/1/131 156/1/131
f 111/1/131 110/1/131 142/1/131 143/1/131
f 98/1/131 97/1/131 129/1/131 130/1/131
f 125/1/131 124/1/131 156/1/131 157/1/131
f 112/1/131 111/1/131 143/1/131 144/1/131
f 161/2/125 162/3/125 164/4/125 163/5/125
f 169/6/107 170/7/107 168/8/107 167/9/107
f 167/9/120 168/8/120 166/10/120 165/11/120
f 171/12/100 172/13/100 162/14/100 161/15/100
f 169/6/107 167/9/107 178/9/107 180/6/107
f 170/16/131 164/17/131 162/18/131 172/19/131
f 168/8/107 170/7/107 173/7/107 174/8/107
f 163/20/132 169/21/132 171/22/132 161/23/132
f 165/11/100 166/10/100 172/13/100 171/12/100
f 163/5/107 164/4/107 170/7/107 169/6/107
f 174/8/131 173/16/131 176/19/131 175/10/131
f 170/16/125 172/19/125 176/19/125 173/16/125
f 166/10/120 168/8/120 174/8/120 175/10/120
f 172/13/100 166/10/100 175/10/100 176/13/100
f 180/21/132 178/9/132 177/11/132 179/22/132
f 165/11/100 171/12/100 179/12/100 177/11/100
f 171/22/125 169/21/125 180/21/125 179/22/125
f 167/9/120 165/11/120 177/11/120 178/9/120
f 98/1/131 99/1/131 100/1/131 101/1/131 102/1/131 103/1/131 104/1/131 105/1/131 106/1/131 107/1/131 108/1/131 109/1/131 110/1/131 111/1/131 112/1/131 113/1/131 114/1/131 115/1/131 116/1/131 117/1/131 118/1/131 119/1/131 120/1/131 121/1/131 122/1/131 123/1/131 124/1/131 125/1/131 126/1/131 127/1/131 128/1/131 97/1/131
o Cylinder
v -1.639745 3.305269 -0.733451
v 1.091734 3.305269 -0.488348
v -1.639745 3.233745 -0.726407
v 1.091734 3.281562 -0.486013
v -1.639745 3.164970 -0.705544
v 1.091734 3.258767 -0.479098
v -1.639745 3.101587 -0.671665
v 1.091734 3.237758 -0.467869
v -1.639745 3.046030 -0.626071
v 1.091734 3.219344 -0.452757
v -1.639745 3.000437 -0.570515
v 1.091734 3.204232 -0.434343
v -1.639745 2.966558 -0.507132
v 1.091734 3.193003 -0.413335
v -1.639745 2.945695 -0.438356
v 1.091734 3.186088 -0.390539
v -1.639745 2.938650 -0.366833
v 1.091734 3.183753 -0.366833
v -1.639745 2.945695 -0.295309
v 1.091734 3.186088 -0.343126
v -1.639745 2.966558 -0.226534
v 1.091734 3.193003 -0.320331
v -1.639745 3.000437 -0.163150
v 1.091734 3.204232 -0.299322
v -1.639745 3.046030 -0.107594
v 1.091734 3.219344 -0.280908
v -1.639745 3.101587 -0.062000
v 1.091734 3.237758 -0.265796
v -1.639745 3.164970 -0.028121
v 1.091734 3.258767 -0.254567
v -1.639745 3.233745 -0.007258
v 1.091734 3.281562 -0.247652
v -1.639745 3.305269 -0.000214
v 1.091734 3.305269 -0.245317
v -1.639745 3.376793 -0.007258
v 1.091734 3.328975 -0.247652
v -1.639745 3.445568 -0.028121
v 1.091734 3.351771 -0.254567
v -1.639745 3.508951 -0.062000
v 1.091734 3.372779 -0.265796
v -1.639745 3.564507 -0.107594
v 1.091734 3.391193 -0.280908
v -1.639745 3.610101 -0.163150
v 1.091734 3.406305 -0.299322
v -1.639745 3.643981 -0.226534
v 1.091734 3.417534 -0.320331
v -1.639745 3.664843 -0.295309
v 1.091734 3.424449 -0.343126
v -1.639745 3.671888 -0.366833
v 1.091734 3.426784 -0.366833
v -1.639745 3.664843 -0.438356
v 1.091734 3.424449 -0.390539
v -1.639745 3.643981 -0.507132
v 1.091734 3.417534 -0.413335
v -1.639745 3.610101 -0.570515
v 1.091734 3.406305 -0.434343
v -1.639745 3.564507 -0.626071
v 1.091734 3.391193 -0.452757
v -1.639745 3.508951 -0.671665
v 1.091734 3.372779 -0.467869
v -1.639745 3.445568 -0.705544
v 1.091734 3.351771 -0.479098
v -1.639745 3.376793 -0.726407
v 1.091734 3.328975 -0.486013
v -1.554740 3.305269 -0.733451
v -1.554740 3.233745 -0.726407
v -1.554740 3.164970 -0.705544
v -1.554740 3.101587 -0.671665
v -1.554740 3.046030 -0.626071
v -1.554740 3.000437 -0.570515
v -1.554740 2.966558 -0.507132
v -1.554740 2.945695 -0.438356
v -1.554740 2.938650 -0.366833
v -1.554740 2.945695 -0.295309
v -1.554740 2.966558 -0.226534
v -1.554740 3.000437 -0.163150
v -1.554740 3.046030 -0.107594
v -1.554740 3.101587 -0.062000
v -1.554740 3.164970 -0.028121
v -1.554740 3.233745 -0.007258
v -1.554740 3.305269 -0.000214
v -1.554740 3.376793 -0.007258
v -1.554740 3.445568 -0.028121
v -1.554740 3.508951 -0.062000
v -1.554740 3.564507 -0.107594
v -1.554740 3.610101 -0.163150
v -1.554740 3.643981 -0.226534
v -1.554740 3.664843 -0.295309
v -1.554740 3.671888 -0.366833
v -1.554740 3.664843 -0.438356
v -1.554740 3.643981 -0.507132
v -1.554740 3.610101 -0.570515
v -1.554740 3.564507 -0.626071
v -1.554740 3.508951 -0.671665
v -1.554740 3.445568 -0.705544
v -1.554740 3.376793 -0.726407
v -1.213832 3.305269 -0.702717
v -1.213832 3.239741 -0.696263
v -1.213832 3.176732 -0.677149
v -1.213832 3.118662 -0.646110
v -1.213832 3.067763 -0.604339
v -1.213832 3.025991 -0.553440
v -1.213832 2.994952 -0.495370
v -1.213832 2.975839 -0.432360
v -1.213832 2.969385 -0.366833
v -1.213832 2.975839 -0.301305
v -1.213832 2.994952 -0.238295
v -1.213832 3.025991 -0.180225
v -1.213832 3.067763 -0.129327
v -1.213832 3.118662 -0.087555
v -1.213832 3.176732 -0.056516
v -1.213832 3.239741 -0.037402
v -1.213832 3.305269 -0.030948
v -1.213832 3.370797 -0.037402
v -1.213832 3.433806 -0.056516
v -1.213832 3.491876 -0.087555
v -1.213832 3.542775 -0.129327
v -1.213832 3.584547 -0.180225
v -1.213832 3.615586 -0.238295
v -1.213832 3.634699 -0.301305
v -1.213832 3.641153 -0.366833
v -1.213832 3.634699 -0.432360
v -1.213832 3.615586 -0.495370
v -1.213832 3.584547 -0.553440
v -1.213832 3.542775 -0.604339
v -1.213832 3.491876 -0.646110
v -1.213832 3.433806 -0.677149
v -1.213832 3.370797 -0.696263
v -0.532135 3.305269 -0.633438
v -0.532135 3.253257 -0.628315
v -0.532135 3.203243 -0.613144
v -0.532135 3.157151 -0.588507
v -0.532135 3.116750 -0.555351
v -0.532135 3.083595 -0.514951
v -0.532135 3.058958 -0.468858
v -0.532135 3.043786 -0.418845
v -0.532135 3.038664 -0.366833
v -0.532135 3.043786 -0.314820
v -0.532135 3.058958 -0.264807
v -0.532135 3.083595 -0.218715
v -0.532135 3.116750 -0.178314
v -0.532135 3.157151 -0.145158
v -0.532135 3.203243 -0.120521
v -0.532135 3.253257 -0.105350
v -0.532135 3.305269 -0.100227
v -0.532135 3.357281 -0.105350
v -0.532135 3.407295 -0.120521
v -0.532135 3.453387 -0.145158
v -0.532135 3.493788 -0.178314
v -0.532135 3.526943 -0.218715
v -0.532135 3.551580 -0.264807
v -0.532135 3.566752 -0.314820
v -0.532135 3.571875 -0.366833
v -0.532135 3.566752 -0.418845
v -0.532135 3.551580 -0.468858
v -0.532135 3.526943 -0.514951
v -0.532135 3.493788 -0.555351
v -0.532135 3.453387 -0.588507
v -0.532135 3.407295 -0.613144
v -0.532135 3.357281 -0.628315
v -0.340860 3.305269 -0.633438
v -0.340860 3.253257 -0.628315
v -0.340860 3.203243 -0.613144
v -0.340860 3.157151 -0.588507
v -0.340860 3.116750 -0.555351
v -0.340860 3.083595 -0.514951
v -0.340860 3.058958 -0.468858
v -0.340860 3.043786 -0.418845
v -0.340860 3.038664 -0.366833
v -0.340860 3.043786 -0.314820
v -0.340860 3.058958 -0.264807
v -0.340860 3.083595 -0.218715
v -0.340860 3.116750 -0.178314
v -0.340860 3.157151 -0.145158
v -0.340860 3.203243 -0.120521
v -0.340860 3.253257 -0.105350
v -0.340860 3.305269 -0.100227
v -0.340860 3.357281 -0.105350
v -0.340860 3.407295 -0.120521
v -0.340860 3.453387 -0.145158
v -0.340860 3.493788 -0.178314
v -0.340860 3.526943 -0.218715
v -0.340860 3.551580 -0.264807
v -0.340860 3.566752 -0.314820
v -0.340860 3.571875 -0.366833
v -0.340860 3.566752 -0.418845
v -0.340860 3.551580 -0.468858
v -0.340860 3.526943 -0.514951
v -0.340860 3.493788 -0.555351
v -0.340860 3.453387 -0.588507
v -0.340860 3.407295 -0.613144
v -0.340860 3.357281 -0.628315
v 0.888474 3.305269 -0.488348
v 0.888474 3.281562 -0.486013
v 0.888474 3.258767 -0.479098
v 0.888474 3.237758 -0.467869
v 0.888474 3.219344 -0.452757
v 0.888474 3.204232 -0.434343
v 0.888474 3.193003 -0.413335
v 0.888474 3.186088 -0.390539
v 0.888474 3.183753 -0.366833
v 0.888474 3.186088 -0.343126
v 0.888474 3.193003 -0.320331
v 0.888474 3.204232 -0.299322
v 0.888474 3.219344 -0.280908
v 0.888474 3.237758 -0.265796
v 0.888474 3.258767 -0.254567
v 0.888474 3.281562 -0.247652
v 0.888474 3.305269 -0.245317
v 0.888474 3.328975 -0.247652
v 0.888474 3.351771 -0.254567
v 0.888474 3.372779 -0.265796
v 0.888474 3.391193 -0.280908
v 0.888474 3.406305 -0.299322
v 0.888474 3.417534 -0.320331
v 0.888474 3.424449 -0.343126
v 0.888474 3.426784 -0.366833
v 0.888474 3.424449 -0.390539
v 0.888474 3.417534 -0.413335
v 0.888474 3.406305 -0.434343
v 0.888474 3.391193 -0.452757
v 0.888474 3.372779 -0.467869
v 0.888474 3.351771 -0.479098
v 0.888474 3.328975 -0.486013
v 0.686007 3.261670 -0.586019
v 0.686007 3.219747 -0.573302
v 0.686007 3.181110 -0.552650
v 0.686007 3.147244 -0.524857
v 0.686007 3.119452 -0.490992
v 0.686007 3.098800 -0.452355
v 0.686007 3.086082 -0.410432
v 0.686007 3.081788 -0.366833
v 0.686007 3.086082 -0.323234
v 0.686007 3.098800 -0.281310
v 0.686007 3.119452 -0.242673
v 0.686007 3.147244 -0.208808
v 0.686007 3.181110 -0.181015
v 0.686007 3.219747 -0.160363
v 0.686007 3.261670 -0.147646
v 0.686007 3.305269 -0.143352
v 0.686007 3.348868 -0.147646
v 0.686007 3.390791 -0.160363
v 0.686007 3.429428 -0.181015
v 0.686007 3.463294 -0.208808
v 0.686007 3.491086 -0.242673
v 0.686007 3.511738 -0.281310
v 0.686007 3.524456 -0.323234
v 0.686007 3.528749 -0.366833
v 0.686007 3.524456 -0.410432
v 0.686007 3.511738 -0.452355
v 0.686007 3.491086 -0.490992
v 0.686007 3.463294 -0.524857
v 0.686007 3.429428 -0.552650
v 0.686007 3.390791 -0.573302
v 0.686007 3.348868 -0.586019
v 0.686007 3.305269 -0.590313
v 1.168382 3.275974 -0.514110
v 1.168382 3.305269 -0.516995
v 1.168382 3.247804 -0.505565
v 1.168382 3.221843 -0.491688
v 1.168382 3.199088 -0.473014
v 1.168382 3.180413 -0.450259
v 1.168382 3.166537 -0.424297
v 1.168382 3.157991 -0.396128
v 1.168382 3.155106 -0.366833
v 1.168382 3.157991 -0.337537
v 1.168382 3.166537 -0.309368
v 1.168382 3.180413 -0.283407
v 1.168382 3.199088 -0.260651
v 1.168382 3.221843 -0.241977
v 1.168382 3.247804 -0.228100
v 1.168382 3.275974 -0.219555
v 1.168382 3.305269 -0.216670
v 1.168382 3.334564 -0.219555
v 1.168382 3.362734 -0.228100
v 1.168382 3.388695 -0.241977
v 1.168382 3.411450 -0.260651
v 1.168382 3.430125 -0.283407
v 1.168382 3.444001 -0.309368
v 1.168382 3.452546 -0.337537
v 1.168382 3.455431 -0.366833
v 1.168382 3.452546 -0.396128
v 1.168382 3.444001 -0.424297
v 1.168382 3.430125 -0.450259
v 1.168382 3.411450 -0.473014
v 1.168382 3.388695 -0.491688
v 1.168382 3.362734 -0.505565
v 1.168382 3.334564 -0.514110
v 1.201059 3.275974 -0.514110
v 1.201059 3.305269 -0.516995
v 1.201059 3.247804 -0.505565
v 1.201059 3.221843 -0.491688
v 1.201059 3.199088 -0.473014
v 1.201059 3.180413 -0.450259
v 1.201059 3.166537 -0.424297
v 1.201059 3.157991 -0.396128
v 1.201059 3.155106 -0.366833
v 1.201059 3.157991 -0.337537
v 1.201059 3.166537 -0.309368
v 1.201059 3.180413 -0.283407
v 1.201059 3.199088 -0.260651
v 1.201059 3.221843 -0.241977
v 1.201059 3.247804 -0.228100
v 1.201059 3.275974 -0.219555
v 1.201059 3.305269 -0.216670
v 1.201059 3.334564 -0.219555
v 1.201059 3.362734 -0.228100
v 1.201059 3.388695 -0.241977
v 1.201059 3.411450 -0.260651
v 1.201059 3.430125 -0.283407
v 1.201059 3.444001 -0.309368
v 1.201059 3.452546 -0.337537
v 1.201059 3.455431 -0.366833
v 1.201059 3.452546 -0.396128
v 1.201059 3.444001 -0.424297
v 1.201059 3.430125 -0.450259
v 1.201059 3.411450 -0.473014
v 1.201059 3.388695 -0.491688
v 1.201059 3.362734 -0.505565
v 1.201059 3.334564 -0.514110
v -1.004857 3.541627 0.128166
v -1.087661 3.533471 0.128139
v -1.167284 3.509318 0.128059
v -1.240664 3.470095 0.127929
v -1.304982 3.417311 0.127754
v -1.357767 3.352993 0.127540
v -1.396989 3.279612 0.127297
v -1.421143 3.199990 0.127033
v -1.429298 3.117186 0.126758
v -1.421143 3.034382 0.126483
v -1.396989 2.954759 0.126219
v -1.357767 2.881379 0.125976
v -1.304982 2.817061 0.125762
v -1.240664 2.764276 0.125587
v -1.167284 2.725054 0.125457
v -1.087661 2.700901 0.125377
v -1.004857 2.692745 0.125350
v -0.922053 2.700901 0.125377
v -0.842430 2.725054 0.125457
v -0.769050 2.764276 0.125587
v -0.704732 2.817061 0.125762
v -0.651947 2.881379 0.125976
v -0.612725 2.954759 0.126219
v -0.588571 3.034382 0.126483
v -0.580416 3.117186 0.126758
v -0.588571 3.199990 0.127033
v -0.612725 3.279612 0.127297
v -0.651947 3.352993 0.127540
v -0.704732 3.417311 0.127754
v -0.769050 3.470095 0.127929
v -0.842430 3.509318 0.128059
v -0.922053 3.533471 0.128139
v -1.004857 3.541627 -0.001073
v -1.087661 3.533471 -0.001100
v -1.167284 3.509318 -0.001180
v -1.240664 3.470095 -0.001310
v -1.304982 3.417311 -0.001485
v -1.357767 3.352993 -0.001698
v -1.396989 3.279612 -0.001942
v -1.421143 3.199990 -0.002206
v -1.429298 3.117186 -0.002481
v -1.421143 3.034382 -0.002755
v -1.396989 2.954759 -0.003019
v -1.357767 2.881379 -0.003263
v -1.304982 2.817061 -0.003476
v -1.240664 2.764276 -0.003651
v -1.167284 2.725054 -0.003781
v -1.087661 2.700901 -0.003862
v -1.004857 2.692745 -0.003889
v -0.922053 2.700901 -0.003862
v -0.842430 2.725054 -0.003781
v -0.769050 2.764276 -0.003651
v -0.704732 2.817061 -0.003476
v -0.651947 2.881379 -0.003263
v -0.612725 2.954759 -0.003019
v -0.588571 3.034382 -0.002755
v -0.580416 3.117186 -0.002481
v -0.588571 3.199990 -0.002206
v -0.612725 3.279612 -0.001942
v -0.651947 3.352993 -0.001698
v -0.704732 3.417311 -0.001485
v -0.769050 3.470095 -0.001310
v -0.842430 3.509318 -0.001180
v -0.922053 3.533471 -0.001100
v -1.004857 3.570641 -0.046863
v -1.093322 3.561928 -0.046890
v -1.178387 3.536124 -0.046970
v -1.256783 3.494220 -0.047100
v -1.325498 3.437827 -0.047275
v -1.381891 3.369112 -0.047489
v -1.423795 3.290715 -0.047732
v -1.449599 3.205651 -0.047996
v -1.458312 3.117186 -0.048271
v -1.449599 3.028721 -0.048546
v -1.423795 2.943656 -0.048810
v -1.381891 2.865260 -0.049053
v -1.325498 2.796545 -0.049267
v -1.256783 2.740152 -0.049442
v -1.178387 2.698248 -0.049572
v -1.093322 2.672444 -0.049652
v -1.004857 2.663731 -0.049679
v -0.916392 2.672444 -0.049652
v -0.831327 2.698248 -0.049572
v -0.752931 2.740152 -0.049442
v -0.684216 2.796545 -0.049267
v -0.627823 2.865260 -0.049053
v -0.585919 2.943656 -0.048810
v -0.560115 3.028721 -0.048546
v -0.551402 3.117186 -0.048271
v -0.560115 3.205651 -0.047996
v -0.585919 3.290715 -0.047732
v -0.627823 3.369112 -0.047489
v -0.684216 3.437827 -0.047275
v -0.752931 3.494220 -0.047100
v -0.831327 3.536124 -0.046970
v -0.916392 3.561928 -0.046890
v -1.004857 3.570641 -0.149891
v -1.093322 3.561928 -0.149918
v -1.178387 3.536124 -0.149998
v -1.256783 3.494220 -0.150128
v -1.325498 3.437827 -0.150303
v -1.381891 3.369112 -0.150517
v -1.423795 3.290715 -0.150760
v -1.449599 3.205651 -0.151024
v -1.458312 3.117186 -0.151299
v -1.449599 3.028721 -0.151574
v -1.423795 2.943656 -0.151838
v -1.381891 2.865260 -0.152081
v -1.325498 2.796545 -0.152295
v -1.256783 2.740152 -0.152470
v -1.178387 2.698248 -0.152600
v -1.093322 2.672444 -0.152680
v -1.004857 2.663731 -0.152707
v -0.916392 2.672444 -0.152680
v -0.831327 2.698248 -0.152600
v -0.752931 2.740152 -0.152470
v -0.684216 2.796545 -0.152295
v -0.627823 2.865260 -0.152081
v -0.585919 2.943656 -0.151838
v -0.560115 3.028721 -0.151574
v -0.551402 3.117186 -0.151299
v -0.560115 3.205651 -0.151024
v -0.585919 3.290715 -0.150760
v -0.627823 3.369112 -0.150517
v -0.684216 3.437827 -0.150303
v -0.752931 3.494220 -0.150128
v -0.831327 3.536124 -0.149998
v -0.916392 3.561928 -0.149918
v -1.004857 3.311579 -0.150696
v -1.042781 3.307844 -0.150707
v -1.079248 3.296782 -0.150741
v -1.112856 3.278818 -0.150797
v -1.142314 3.254642 -0.150872
v -1.166489 3.225185 -0.150964
v -1.184453 3.191577 -0.151068
v -1.195516 3.155110 -0.151181
v -1.199251 3.117185 -0.151299
v -1.195516 3.079261 -0.151417
v -1.184453 3.042794 -0.151530
v -1.166489 3.009186 -0.151634
v -1.142314 2.979728 -0.151726
v -1.112856 2.955553 -0.151801
v -1.079248 2.937589 -0.151857
v -1.042781 2.926527 -0.151891
v -1.004857 2.922792 -0.151903
v -0.966933 2.926527 -0.151891
v -0.930466 2.937589 -0.151857
v -0.896857 2.955553 -0.151801
v -0.867400 2.979728 -0.151726
v -0.843224 3.009186 -0.151634
v -0.825260 3.042794 -0.151530
v -0.814198 3.079261 -0.151417
v -0.810463 3.117185 -0.151299
v -0.814198 3.155110 -0.151181
v -0.825260 3.191577 -0.151068
v -0.843224 3.225185 -0.150964
v -0.867400 3.254642 -0.150872
v -0.896857 3.278818 -0.150797
v -0.930466 3.296782 -0.150741
v -0.966933 3.307844 -0.150707
v -1.004857 3.311579 -0.919797
v -1.042781 3.307844 -0.919809
v -1.079248 3.296782 -0.919843
v -1.112856 3.278818 -0.919899
v -1.142314 3.254642 -0.919974
v -1.166489 3.225185 -0.920065
v -1.184453 3.191577 -0.920170
v -1.195516 3.155110 -0.920283
v -1.199251 3.117185 -0.920401
v -1.195516 3.079261 -0.920518
v -1.184453 3.042794 -0.920632
v -1.166489 3.009186 -0.920736
v -1.142314 2.979728 -0.920827
v -1.112856 2.955553 -0.920903
v -1.079248 2.937589 -0.920958
v -1.042781 2.926527 -0.920993
v -1.004857 2.922792 -0.921004
v -0.966933 2.926527 -0.920993
v -0.930466 2.937589 -0.920958
v -0.896857 2.955553 -0.920903
v -0.867400 2.979728 -0.920827
v -0.843224 3.009186 -0.920736
v -0.825260 3.042794 -0.920632
v -0.814198 3.079261 -0.920518
v -0.810463 3.117185 -0.920401
v -0.814198 3.155110 -0.920283
v -0.825260 3.191577 -0.920170
v -0.843224 3.225185 -0.920065
v -0.867400 3.254642 -0.919974
v -0.896857 3.278818 -0.919899
v -0.930466 3.296782 -0.919843
v -0.966933 3.307844 -0.919809
vn 0.2345 -0.0000 -0.9721
vn -0.1799 -0.0000 -0.9837
vn -0.1799 -0.1919 -0.9648
vn 0.2345 -0.1897 -0.9534
vn -0.1799 -0.3764 -0.9088
vn 0.2345 -0.3720 -0.8981
vn -0.1799 -0.5465 -0.8179
vn 0.2345 -0.5401 -0.8083
vn -0.1799 -0.6956 -0.6956
vn 0.2345 -0.6874 -0.6874
vn -0.1799 -0.8179 -0.5465
vn 0.2345 -0.8083 -0.5401
vn -0.1799 -0.9088 -0.3764
vn 0.2345 -0.8981 -0.3720
vn -0.1799 -0.9648 -0.1919
vn 0.2345 -0.9534 -0.1897
vn -0.1799 -0.9837 -0.0000
vn 0.2345 -0.9721 -0.0000
vn -0.1799 -0.9648 0.1919
vn 0.2345 -0.9534 0.1897
vn -0.1799 -0.9088 0.3764
vn 0.2345 -0.8981 0.3720
vn -0.1799 -0.8179 0.5465
vn 0.2345 -0.8083 0.5401
vn -0.1799 -0.6956 0.6956
vn 0.2345 -0.6874 0.6874
vn -0.1799 -0.5465 0.8179
vn 0.2345 -0.5401 0.8083
vn -0.1799 -0.3764 0.9088
vn 0.2345 -0.3720 0.8981
vn -0.1799 -0.1919 0.9648
vn 0.2345 -0.1897 0.9534
vn -0.1799 -0.0000 0.9837
vn 0.2345 -0.0000 0.9721
vn -0.1799 0.1919 0.9648
vn 0.2345 0.1897 0.9534
vn -0.1799 0.3764 0.9088
vn 0.2345 0.3720 0.8981
vn -0.1799 0.5465 0.8179
vn 0.2345 0.5401 0.8083
vn -0.1799 0.6956 0.6956
vn 0.2345 0.6874 0.6874
vn -0.1799 0.8179 0.5465
vn 0.2345 0.8083 0.5401
vn -0.1799 0.9088 0.3764
vn 0.2345 0.8981 0.3720
vn -0.1799 0.9648 0.1919
vn 0.2345 0.9534 0.1897
vn -0.1799 0.9837 -0.0000
vn 0.2345 0.9721 -0.0000
vn -0.1799 0.9648 -0.1919
vn 0.2345 0.9534 -0.1897
vn -0.1799 0.9088 -0.3764
vn 0.2345 0.8981 -0.3720
vn -0.1799 0.8179 -0.5465
vn 0.2345 0.8083 -0.5401
vn -0.1799 0.6956 -0.6956
vn 0.2345 0.6874 -0.6874
vn -0.1799 0.5465 -0.8179
vn 0.2345 0.5401 -0.8083
vn -0.1799 0.3764 -0.9088
vn 0.2345 0.3720 -0.8981
vn -0.1799 0.1919 -0.9648
vn -0.1760 0.3767 -0.9095
vn -0.1760 0.1920 -0.9655
vn 0.2345 0.1897 -0.9534
vn -1.0000 -0.0000 -0.0000
vn -0.0000 0.1951 -0.9808
vn 0.0448 0.1949 -0.9798
vn 0.0448 -0.0000 -0.9990
vn -0.0000 -0.0000 -1.0000
vn -0.0000 0.3827 -0.9239
vn 0.0448 0.3823 -0.9230
vn -0.0000 0.5556 -0.8315
vn 0.0448 0.5550 -0.8306
vn -0.0000 0.7071 -0.7071
vn 0.0448 0.7064 -0.7064
vn -0.0000 0.8315 -0.5556
vn 0.0448 0.8306 -0.5550
vn -0.0000 0.9239 -0.3827
vn 0.0448 0.9230 -0.3823
vn -0.0000 0.9808 -0.1951
vn 0.0448 0.9798 -0.1949
vn -0.0000 1.0000 -0.0000
vn 0.0448 0.9990 -0.0000
vn -0.0000 0.9808 0.1951
vn 0.0448 0.9798 0.1949
vn -0.0000 0.9239 0.3827
vn 0.0448 0.9230 0.3823
vn -0.0000 0.8315 0.5556
vn 0.0448 0.8306 0.5550
vn -0.0000 0.7071 0.7071
vn 0.0448 0.7064 0.7064
vn -0.0000 0.5556 0.8315
vn 0.0448 0.5550 0.8306
vn -0.0000 0.3827 0.9239
vn 0.0448 0.3823 0.9230
vn -0.0000 0.1951 0.9808
vn 0.0448 0.1949 0.9798
vn -0.0000 -0.0000 1.0000
vn 0.0448 -0.0000 0.9990
vn -0.0000 -0.1951 0.9808
vn 0.0448 -0.1949 0.9798
vn -0.0000 -0.3827 0.9239
vn 0.0448 -0.3823 0.9230
vn -0.0000 -0.5556 0.8315
vn 0.0448 -0.5550 0.8306
vn -0.0000 -0.7071 0.7071
vn 0.0448 -0.7064 0.7064
vn -0.0000 -0.8315 0.5556
vn 0.0448 -0.8306 0.5550
vn -0.0000 -0.9239 0.3827
vn 0.0448 -0.9230 0.3823
vn -0.0000 -0.9808 0.1951
vn 0.0448 -0.9798 0.1949
vn -0.0000 -1.0000 -0.0000
vn 0.0448 -0.9990 -0.0000
vn -0.0000 -0.9808 -0.1951
vn 0.0448 -0.9798 -0.1949
vn -0.0000 -0.9239 -0.3827
vn 0.0448 -0.9230 -0.3823
vn -0.0000 -0.8315 -0.5556
vn 0.0448 -0.8306 -0.5550
vn -0.0000 -0.7071 -0.7071
vn 0.0448 -0.7064 -0.7064
vn -0.0000 -0.5556 -0.8315
vn 0.0448 -0.5550 -0.8306
vn -0.0000 -0.3827 -0.9239
vn 0.0448 -0.3823 -0.9230
vn -0.0000 -0.1951 -0.9808
vn 0.0448 -0.1949 -0.9798
vn 0.0954 0.1942 -0.9763
vn 0.0954 -0.0000 -0.9954
vn 0.0954 0.3809 -0.9197
vn 0.0954 0.5530 -0.8277
vn 0.0954 0.7039 -0.7039
vn 0.0954 0.8277 -0.5530
vn 0.0954 0.9197 -0.3809
vn 0.0954 0.9763 -0.1942
vn 0.0954 0.9954 -0.0000
vn 0.0954 0.9763 0.1942
vn 0.0954 0.9197 0.3809
vn 0.0954 0.8277 0.5530
vn 0.0954 0.7039 0.7039
vn 0.0954 0.5530 0.8277
vn 0.0954 0.3809 0.9197
vn 0.0954 0.1942 0.9763
vn 0.0954 -0.0000 0.9954
vn 0.0954 -0.1942 0.9763
vn 0.0954 -0.3809 0.9197
vn 0.0954 -0.5530 0.8277
vn 0.0954 -0.7039 0.7039
vn 0.0954 -0.8277 0.5530
vn 0.0954 -0.9197 0.3809
vn 0.0954 -0.9763 0.1942
vn 0.0954 -0.9954 -0.0000
vn 0.0954 -0.9763 -0.1942
vn 0.0954 -0.9197 -0.3809
vn 0.0954 -0.8277 -0.5530
vn 0.0954 -0.7039 -0.7039
vn 0.0954 -0.5530 -0.8277
vn 0.0954 -0.3809 -0.9197
vn 0.0954 -0.1942 -0.9763
vn 0.0508 0.1948 -0.9795
vn 0.0508 -0.0000 -0.9987
vn 0.0508 0.3822 -0.9227
vn 0.0508 0.5549 -0.8304
vn 0.0508 0.7062 -0.7062
vn 0.0508 0.8304 -0.5549
vn 0.0508 0.9227 -0.3822
vn 0.0508 0.9795 -0.1948
vn 0.0508 0.9987 -0.0000
vn 0.0508 0.9795 0.1948
vn 0.0508 0.9227 0.3822
vn 0.0508 0.8304 0.5549
vn 0.0508 0.7062 0.7062
vn 0.0508 0.5549 0.8304
vn 0.0508 0.3822 0.9227
vn 0.0508 0.1948 0.9795
vn 0.0508 -0.0000 0.9987
vn 0.0508 -0.1948 0.9795
vn 0.0508 -0.3822 0.9227
vn 0.0508 -0.5549 0.8304
vn 0.0508 -0.7062 0.7062
vn 0.0508 -0.8304 0.5549
vn 0.0508 -0.9227 0.3822
vn 0.0508 -0.9795 0.1948
vn 0.0508 -0.9987 -0.0000
vn 0.0508 -0.9795 -0.1948
vn 0.0508 -0.9227 -0.3822
vn 0.0508 -0.8304 -0.5549
vn 0.0508 -0.7062 -0.7062
vn 0.0508 -0.5549 -0.8304
vn 0.0508 -0.3822 -0.9227
vn 0.0508 -0.1948 -0.9795
vn 0.0210 0.1950 -0.9806
vn 0.0210 -0.0000 -0.9998
vn 0.0210 0.3826 -0.9237
vn 0.0210 0.5554 -0.8313
vn 0.0210 0.7070 -0.7070
vn 0.0210 0.8313 -0.5554
vn 0.0210 0.9237 -0.3826
vn 0.0210 0.9806 -0.1950
vn 0.0210 0.9998 -0.0000
vn 0.0210 0.9806 0.1950
vn 0.0210 0.9237 0.3826
vn 0.0210 0.8313 0.5554
vn 0.0210 0.7070 0.7070
vn 0.0210 0.5554 0.8313
vn 0.0210 0.3826 0.9237
vn 0.0210 0.1950 0.9806
vn 0.0210 -0.0000 0.9998
vn 0.0210 -0.1950 0.9806
vn 0.0210 -0.3826 0.9237
vn 0.0210 -0.5554 0.8313
vn 0.0210 -0.7070 0.7070
vn 0.0210 -0.8313 0.5554
vn 0.0210 -0.9237 0.3826
vn 0.0210 -0.9806 0.1950
vn 0.0210 -0.9998 -0.0000
vn 0.0210 -0.9806 -0.1950
vn 0.0210 -0.9237 -0.3826
vn 0.0210 -0.8313 -0.5554
vn 0.0210 -0.7070 -0.7070
vn 0.0210 -0.5554 -0.8313
vn 0.0210 -0.3826 -0.9237
vn 0.0210 -0.1950 -0.9806
vn 0.2484 0.1890 -0.9500
vn 0.2484 -0.0000 -0.9687
vn 0.2484 0.3707 -0.8949
vn 0.2484 0.5382 -0.8054
vn 0.2484 0.6849 -0.6849
vn 0.2484 0.8054 -0.5382
vn 0.2484 0.8949 -0.3707
vn 0.2484 0.9500 -0.1890
vn 0.2484 0.9687 -0.0000
vn 0.2484 0.9500 0.1890
vn 0.2484 0.8949 0.3707
vn 0.2484 0.8054 0.5382
vn 0.2484 0.6849 0.6849
vn 0.2484 0.5382 0.8054
vn 0.2484 0.3707 0.8949
vn 0.2484 0.1890 0.9500
vn 0.2484 -0.0000 0.9687
vn 0.2484 -0.1890 0.9500
vn 0.2484 -0.3707 0.8949
vn 0.2484 -0.5382 0.8054
vn 0.2484 -0.6849 0.6849
vn 0.2484 -0.8054 0.5382
vn 0.2484 -0.8949 0.3707
vn 0.2484 -0.9500 0.1890
vn 0.2484 -0.9687 -0.0000
vn 0.2484 -0.9500 -0.1890
vn 0.2484 -0.8949 -0.3707
vn 0.2484 -0.8054 -0.5382
vn 0.2484 -0.6849 -0.6849
vn 0.2484 -0.5382 -0.8054
vn 0.2484 -0.3707 -0.8949
vn 0.2484 -0.1890 -0.9500
vn -0.1760 -0.1920 0.9655
vn -0.1760 -0.3767 0.9095
vn -0.1760 -0.9844 -0.0000
vn -0.1760 -0.9655 0.1920
vn -0.1760 0.1920 0.9655
vn -0.1760 0.3767 0.9095
vn -0.1760 0.9095 -0.3767
vn -0.1760 0.8185 -0.5469
vn -0.1760 -0.6961 -0.6961
vn -0.1760 -0.8185 -0.5469
vn -0.1760 -0.5469 0.8185
vn -0.1760 0.9095 0.3767
vn -0.1760 0.9655 0.1920
vn -0.1760 -0.0000 -0.9844
vn -0.1760 -0.1920 -0.9655
vn -0.1760 -0.9095 0.3767
vn -0.1760 0.5469 0.8185
vn -0.1760 0.6961 -0.6961
vn -0.1760 -0.9095 -0.3767
vn -0.1760 0.9844 -0.0000
vn -0.1760 -0.3767 -0.9095
vn -0.1760 -0.8185 0.5469
vn -0.1760 0.6961 0.6961
vn -0.1760 0.5469 -0.8185
vn -0.1760 -0.9655 -0.1920
vn -0.1760 -0.0000 0.9844
vn -0.1760 0.9655 -0.1920
vn -0.1760 -0.5469 -0.8185
vn -0.1760 -0.6961 0.6961
vn -0.1760 0.8185 0.5469
vn 1.0000 -0.0000 -0.0000
vn 0.8314 0.5557 -0.0000
vn 0.9238 0.3829 -0.0000
vn 0.9240 0.3825 -0.0000
vn 0.8316 0.5554 -0.0000
vn -0.3828 -0.9238 -0.0000
vn -0.5557 -0.8314 -0.0000
vn -0.5555 -0.8315 -0.0000
vn -0.3826 -0.9239 -0.0000
vn -0.1951 0.9808 -0.0000
vn 0.7070 0.7072 -0.0000
vn 0.7072 0.7070 -0.0000
vn -0.1951 -0.9808 -0.0000
vn -0.3826 0.9239 -0.0000
vn -0.3828 0.9238 -0.0000
vn 0.5555 0.8315 -0.0000
vn 0.5557 0.8314 -0.0000
vn -0.5555 0.8315 -0.0000
vn -0.5557 0.8314 -0.0000
vn 0.3826 0.9239 -0.0000
vn 0.3828 0.9238 -0.0000
vn 0.1951 -0.9808 -0.0000
vn -0.7070 0.7072 -0.0000
vn -0.7072 0.7070 -0.0000
vn 0.1951 0.9808 -0.0000
vn 0.3828 -0.9238 -0.0000
vn 0.3826 -0.9239 -0.0000
vn -0.8314 0.5557 -0.0000
vn -0.8316 0.5554 -0.0000
vn 0.5557 -0.8314 -0.0000
vn 0.5555 -0.8315 -0.0000
vn -0.9238 0.3829 -0.0000
vn -0.9240 0.3825 -0.0000
vn 0.7072 -0.7070 -0.0000
vn 0.7070 -0.7072 -0.0000
vn -0.9807 0.1953 -0.0000
vn -0.9808 0.1949 -0.0000
vn 0.8316 -0.5554 -0.0000
vn 0.8314 -0.5557 -0.0000
vn -1.0000 0.0002 -0.0000
vn -1.0000 -0.0002 -0.0000
vn 0.9240 -0.3825 -0.0000
vn 0.9238 -0.3829 -0.0000
vn -0.9808 -0.1949 -0.0000
vn -0.9807 -0.1953 -0.0000
vn 0.9808 -0.1949 -0.0000
vn 0.9807 -0.1953 -0.0000
vn -0.9240 -0.3825 -0.0000
vn -0.9238 -0.3829 -0.0000
vn 1.0000 0.0002 -0.0000
vn 1.0000 -0.0002 -0.0000
vn -0.8316 -0.5554 -0.0000
vn -0.8314 -0.5557 -0.0000
vn 0.9807 0.1953 -0.0000
vn 0.9808 0.1949 -0.0000
vn -0.7072 -0.7070 -0.0000
vn -0.7070 -0.7072 -0.0000
vn -0.3238 0.7802 0.5352
vn -0.1651 0.8284 0.5352
vn -0.3239 0.7801 0.5352
vn 0.4700 0.7019 0.5352
vn 0.5981 0.5965 0.5352
vn 0.5982 0.5964 0.5352
vn 0.4701 0.7018 0.5352
vn -0.0000 -0.8447 0.5352
vn -0.1645 -0.8285 0.5352
vn -0.1644 -0.8286 0.5352
vn -0.4700 0.7019 0.5352
vn -0.4701 0.7018 0.5352
vn 0.3238 0.7802 0.5352
vn 0.3239 0.7801 0.5352
vn 0.1645 -0.8285 0.5352
vn 0.1644 -0.8286 0.5352
vn -0.5981 0.5965 0.5352
vn -0.5982 0.5964 0.5352
vn 0.1651 0.8284 0.5352
vn 0.3227 -0.7806 0.5352
vn 0.3226 -0.7807 0.5352
vn -0.7031 0.4682 0.5352
vn -0.7032 0.4680 0.5352
vn -0.0000 0.8447 0.5352
vn 0.4686 -0.7028 0.5352
vn 0.4684 -0.7029 0.5352
vn -0.7810 0.3219 0.5352
vn -0.7811 0.3217 0.5352
vn 0.5965 -0.5981 0.5352
vn 0.5964 -0.5982 0.5352
vn -0.8288 0.1633 0.5352
vn -0.8288 0.1630 0.5352
vn 0.7016 -0.4704 0.5352
vn 0.7015 -0.4706 0.5352
vn -0.8447 -0.0016 0.5352
vn -0.8447 -0.0018 0.5352
vn 0.7799 -0.3246 0.5352
vn 0.7798 -0.3248 0.5352
vn -0.8282 -0.1663 0.5352
vn -0.8281 -0.1666 0.5352
vn 0.8282 -0.1663 0.5352
vn 0.8281 -0.1666 0.5352
vn -0.7799 -0.3246 0.5352
vn -0.7798 -0.3248 0.5352
vn 0.8447 -0.0016 0.5352
vn 0.8447 -0.0018 0.5352
vn -0.7016 -0.4704 0.5352
vn -0.7015 -0.4706 0.5352
vn 0.8288 0.1633 0.5352
vn 0.8288 0.1630 0.5352
vn -0.5965 -0.5981 0.5352
vn -0.5964 -0.5982 0.5352
vn 0.7810 0.3219 0.5352
vn 0.7811 0.3217 0.5352
vn -0.4686 -0.7028 0.5352
vn -0.4684 -0.7029 0.5352
vn 0.7031 0.4682 0.5352
vn 0.7032 0.4680 0.5352
vn -0.3227 -0.7806 0.5352
vn -0.3226 -0.7807 0.5352
vn 0.3828 -0.9239 -0.0000
vn -0.9238 0.3828 -0.0000
vn -0.9239 0.3825 -0.0000
vn 0.9239 -0.3825 -0.0000
vn 0.9238 -0.3828 -0.0000
vn -0.9239 -0.3825 -0.0000
vn -0.9238 -0.3828 -0.0000
vn 0.9238 0.3828 -0.0000
vn 0.9239 0.3825 -0.0000
vn -0.3828 -0.9239 -0.0000
vn -0.3828 0.9239 -0.0000
vn 0.3828 0.9239 -0.0000
vn -0.0000 0.0031 -1.0000
vn -0.0000 -0.0033 1.0000
vt 1.000000 0.962793
vt 1.000000 1.000000
vt 0.968750 1.000000
vt 0.968750 0.962793
vt 0.937500 1.000000
vt 0.937500 0.962793
vt 0.906250 1.000000
vt 0.906250 0.962793
vt 0.875000 1.000000
vt 0.875000 0.962793
vt 0.843750 1.000000
vt 0.843750 0.962793
vt 0.812500 1.000000
vt 0.812500 0.962793
vt 0.781250 1.000000
vt 0.781250 0.962793
vt 0.750000 1.000000
vt 0.750000 0.962793
vt 0.718750 1.000000
vt 0.718750 0.962793
vt 0.687500 1.000000
vt 0.687500 0.962793
vt 0.656250 1.000000
vt 0.656250 0.962793
vt 0.625000 1.000000
vt 0.625000 0.962793
vt 0.593750 1.000000
vt 0.593750 0.962793
vt 0.562500 1.000000
vt 0.562500 0.962793
vt 0.531250 1.000000
vt 0.531250 0.962793
vt 0.500000 1.000000
vt 0.500000 0.962793
vt 0.468750 1.000000
vt 0.468750 0.962793
vt 0.437500 1.000000
vt 0.437500 0.962793
vt 0.406250 1.000000
vt 0.406250 0.962793
vt 0.375000 1.000000
vt 0.375000 0.962793
vt 0.343750 1.000000
vt 0.343750 0.962793
vt 0.312500 1.000000
vt 0.312500 0.962793
vt 0.281250 1.000000
vt 0.281250 0.962793
vt 0.250000 1.000000
vt 0.250000 0.962793
vt 0.218750 1.000000
vt 0.218750 0.962793
vt 0.187500 1.000000
vt 0.187500 0.962793
vt 0.156250 1.000000
vt 0.156250 0.962793
vt 0.125000 1.000000
vt 0.125000 0.962793
vt 0.093750 1.000000
vt 0.093750 0.962793
vt 0.062500 1.000000
vt 0.062500 0.962793
vt 0.031250 1.000000
vt 0.031250 0.962793
vt 0.000000 1.000000
vt 0.000000 0.962793
vt 0.750000 0.490000
vt 0.796822 0.485388
vt 0.841844 0.471731
vt 0.883337 0.449553
vt 0.919706 0.419706
vt 0.949553 0.383337
vt 0.971731 0.341844
vt 0.985388 0.296822
vt 0.990000 0.250000
vt 0.985388 0.203178
vt 0.971731 0.158156
vt 0.949553 0.116663
vt 0.919706 0.080294
vt 0.883337 0.050447
vt 0.841844 0.028269
vt 0.796822 0.014612
vt 0.750000 0.010000
vt 0.703178 0.014612
vt 0.658156 0.028269
vt 0.616663 0.050447
vt 0.580294 0.080294
vt 0.550447 0.116663
vt 0.528269 0.158156
vt 0.514612 0.203178
vt 0.510000 0.250000
vt 0.514612 0.296822
vt 0.528269 0.341844
vt 0.550447 0.383337
vt 0.580294 0.419706
vt 0.616663 0.449553
vt 0.658156 0.471731
vt 0.703178 0.485388
vt 0.031250 0.500000
vt 0.031250 0.515560
vt 0.000000 0.515560
vt 0.000000 0.500000
vt 0.062500 0.500000
vt 0.062500 0.515560
vt 0.093750 0.500000
vt 0.093750 0.515560
vt 0.125000 0.500000
vt 0.125000 0.515560
vt 0.156250 0.500000
vt 0.156250 0.515560
vt 0.187500 0.500000
vt 0.187500 0.515560
vt 0.218750 0.500000
vt 0.218750 0.515560
vt 0.250000 0.500000
vt 0.250000 0.515560
vt 0.281250 0.500000
vt 0.281250 0.515560
vt 0.312500 0.500000
vt 0.312500 0.515560
vt 0.343750 0.500000
vt 0.343750 0.515560
vt 0.375000 0.500000
vt 0.375000 0.515560
vt 0.406250 0.500000
vt 0.406250 0.515560
vt 0.437500 0.500000
vt 0.437500 0.515560
vt 0.468750 0.500000
vt 0.468750 0.515560
vt 0.500000 0.500000
vt 0.500000 0.515560
vt 0.531250 0.500000
vt 0.531250 0.515560
vt 0.562500 0.500000
vt 0.562500 0.515560
vt 0.593750 0.500000
vt 0.593750 0.515560
vt 0.625000 0.500000
vt 0.625000 0.515560
vt 0.656250 0.500000
vt 0.656250 0.515560
vt 0.687500 0.500000
vt 0.687500 0.515560
vt 0.718750 0.500000
vt 0.718750 0.515560
vt 0.750000 0.500000
vt 0.750000 0.515560
vt 0.781250 0.500000
vt 0.781250 0.515560
vt 0.812500 0.500000
vt 0.812500 0.515560
vt 0.843750 0.500000
vt 0.843750 0.515560
vt 0.875000 0.500000
vt 0.875000 0.515560
vt 0.906250 0.500000
vt 0.906250 0.515560
vt 0.937500 0.500000
vt 0.937500 0.515560
vt 0.968750 0.500000
vt 0.968750 0.515560
vt 1.000000 0.500000
vt 1.000000 0.515560
vt 0.031250 0.577964
vt 0.000000 0.577964
vt 0.062500 0.577964
vt 0.093750 0.577964
vt 0.125000 0.577964
vt 0.156250 0.577964
vt 0.187500 0.577964
vt 0.218750 0.577964
vt 0.250000 0.577964
vt 0.281250 0.577964
vt 0.312500 0.577964
vt 0.343750 0.577964
vt 0.375000 0.577964
vt 0.406250 0.577964
vt 0.437500 0.577964
vt 0.468750 0.577964
vt 0.500000 0.577964
vt 0.531250 0.577964
vt 0.562500 0.577964
vt 0.593750 0.577964
vt 0.625000 0.577964
vt 0.656250 0.577964
vt 0.687500 0.577964
vt 0.718750 0.577964
vt 0.750000 0.577964
vt 0.781250 0.577964
vt 0.812500 0.577964
vt 0.843750 0.577964
vt 0.875000 0.577964
vt 0.906250 0.577964
vt 0.937500 0.577964
vt 0.968750 0.577964
vt 1.000000 0.577964
vt 0.031250 0.702749
vt 0.000000 0.702749
vt 0.062500 0.702749
vt 0.093750 0.702749
vt 0.125000 0.702749
vt 0.156250 0.702749
vt 0.187500 0.702749
vt 0.218750 0.702749
vt 0.250000 0.702749
vt 0.281250 0.702749
vt 0.312500 0.702749
vt 0.343750 0.702749
vt 0.375000 0.702749
vt 0.406250 0.702749
vt 0.437500 0.702749
vt 0.468750 0.702749
vt 0.500000 0.702749
vt 0.531250 0.702749
vt 0.562500 0.702749
vt 0.593750 0.702749
vt 0.625000 0.702749
vt 0.656250 0.702749
vt 0.687500 0.702749
vt 0.718750 0.702749
vt 0.750000 0.702749
vt 0.781250 0.702749
vt 0.812500 0.702749
vt 0.843750 0.702749
vt 0.875000 0.702749
vt 0.906250 0.702749
vt 0.937500 0.702749
vt 0.968750 0.702749
vt 1.000000 0.702749
vt 0.031250 0.737762
vt 0.000000 0.737762
vt 0.062500 0.737762
vt 0.093750 0.737762
vt 0.125000 0.737762
vt 0.156250 0.737762
vt 0.187500 0.737762
vt 0.218750 0.737762
vt 0.250000 0.737762
vt 0.281250 0.737762
vt 0.312500 0.737762
vt 0.343750 0.737762
vt 0.375000 0.737762
vt 0.406250 0.737762
vt 0.437500 0.737762
vt 0.468750 0.737762
vt 0.500000 0.737762
vt 0.531250 0.737762
vt 0.562500 0.737762
vt 0.593750 0.737762
vt 0.625000 0.737762
vt 0.656250 0.737762
vt 0.687500 0.737762
vt 0.718750 0.737762
vt 0.750000 0.737762
vt 0.781250 0.737762
vt 0.812500 0.737762
vt 0.843750 0.737762
vt 0.875000 0.737762
vt 0.906250 0.737762
vt 0.937500 0.737762
vt 0.968750 0.737762
vt 1.000000 0.737762
vt 0.031250 0.925731
vt 0.000000 0.925731
vt 0.062500 0.925731
vt 0.093750 0.925731
vt 0.125000 0.925731
vt 0.156250 0.925731
vt 0.187500 0.925731
vt 0.218750 0.925731
vt 0.250000 0.925731
vt 0.281250 0.925731
vt 0.312500 0.925731
vt 0.343750 0.925731
vt 0.375000 0.925731
vt 0.406250 0.925731
vt 0.437500 0.925731
vt 0.468750 0.925731
vt 0.500000 0.925731
vt 0.531250 0.925731
vt 0.562500 0.925731
vt 0.593750 0.925731
vt 0.625000 0.925731
vt 0.656250 0.925731
vt 0.687500 0.925731
vt 0.718750 0.925731
vt 0.750000 0.925731
vt 0.781250 0.925731
vt 0.812500 0.925731
vt 0.843750 0.925731
vt 0.875000 0.925731
vt 0.906250 0.925731
vt 0.937500 0.925731
vt 0.968750 0.925731
vt 1.000000 0.925731
vt 0.296822 0.485388
vt 0.250000 0.490000
vt 0.203178 0.485388
vt 0.158156 0.471731
vt 0.116663 0.449553
vt 0.080294 0.419706
vt 0.050447 0.383337
vt 0.028269 0.341844
vt 0.014612 0.296822
vt 0.010000 0.250000
vt 0.014612 0.203178
vt 0.028269 0.158156
vt 0.050447 0.116663
vt 0.080294 0.080294
vt 0.116663 0.050447
vt 0.158156 0.028269
vt 0.203178 0.014612
vt 0.250000 0.010000
vt 0.296822 0.014612
vt 0.341844 0.028269
vt 0.383337 0.050447
vt 0.419706 0.080294
vt 0.449553 0.116663
vt 0.471731 0.158156
vt 0.485388 0.203178
vt 0.490000 0.250000
vt 0.485388 0.296822
vt 0.471731 0.341844
vt 0.449553 0.383337
vt 0.419706 0.419706
vt 0.383337 0.449553
vt 0.341844 0.471731
vt 0.000000 0.000000
s 1
usemtl 
f 373/24/133 182/25/134 184/26/135 374/27/136
f 374/27/136 184/26/135 186/28/137 375/29/138
f 375/29/138 186/28/137 188/30/139 376/31/140
f 376/31/140 188/30/139 190/32/141 377/33/142
f 377/33/142 190/32/141 192/34/143 378/35/144
f 378/35/144 192/34/143 194/36/145 379/37/146
f 379/37/146 194/36/145 196/38/147 380/39/148
f 380/39/148 196/38/147 198/40/149 381/41/150
f 381/41/150 198/40/149 200/42/151 382/43/152
f 382/43/152 200/42/151 202/44/153 383/45/154
f 383/45/154 202/44/153 204/46/155 384/47/156
f 384/47/156 204/46/155 206/48/157 385/49/158
f 385/49/158 206/48/157 208/50/159 386/51/160
f 386/51/160 208/50/159 210/52/161 387/53/162
f 387/53/162 210/52/161 212/54/163 388/55/164
f 388/55/164 212/54/163 214/56/165 389/57/166
f 389/57/166 214/56/165 216/58/167 390/59/168
f 390/59/168 216/58/167 218/60/169 391/61/170
f 391/61/170 218/60/169 220/62/171 392/63/172
f 392/63/172 220/62/171 222/64/173 393/65/174
f 393/65/174 222/64/173 224/66/175 394/67/176
f 394/67/176 224/66/175 226/68/177 395/69/178
f 395/69/178 226/68/177 228/70/179 396/71/180
f 396/71/180 228/70/179 230/72/181 397/73/182
f 397/73/182 230/72/181 232/74/183 398/75/184
f 398/75/184 232/74/183 234/76/185 399/77/186
f 399/77/186 234/76/185 236/78/187 400/79/188
f 400/79/188 236/78/187 238/80/189 401/81/190
f 401/81/190 238/80/189 240/82/191 402/83/192
f 402/83/192 240/82/191 242/84/193 403/85/194
f 244/86/195 242/84/193 467/84/196 468/86/197
f 403/85/194 242/84/193 244/86/195 404/87/198
f 404/87/198 244/86/195 182/88/134 373/89/133
f 181/90/199 183/91/199 185/92/199 187/93/199 189/94/199 191/95/199 193/96/199 195/97/199 197/98/199 199/99/199 201/100/199 203/101/199 205/102/199 207/103/199 209/104/199 211/105/199 213/106/199 215/107/199 217/108/199 219/109/199 221/110/199 223/111/199 225/112/199 227/113/199 229/114/199 231/115/199 233/116/199 235/117/199 237/118/199 239/119/199 241/120/199 243/121/199
f 243/122/200 276/123/201 245/124/202 181/125/203
f 241/126/204 275/127/205 276/123/201 243/122/200
f 239/128/206 274/129/207 275/127/205 241/126/204
f 237/130/208 273/131/209 274/129/207 239/128/206
f 235/132/210 272/133/211 273/131/209 237/130/208
f 233/134/212 271/135/213 272/133/211 235/132/210
f 231/136/214 270/137/215 271/135/213 233/134/212
f 229/138/216 269/139/217 270/137/215 231/136/214
f 227/140/218 268/141/219 269/139/217 229/138/216
f 225/142/220 267/143/221 268/141/219 227/140/218
f 223/144/222 266/145/223 267/143/221 225/142/220
f 221/146/224 265/147/225 266/145/223 223/144/222
f 219/148/226 264/149/227 265/147/225 221/146/224
f 217/150/228 263/151/229 264/149/227 219/148/226
f 215/152/230 262/153/231 263/151/229 217/150/228
f 213/154/232 261/155/233 262/153/231 215/152/230
f 211/156/234 260/157/235 261/155/233 213/154/232
f 209/158/236 259/159/237 260/157/235 211/156/234
f 207/160/238 258/161/239 259/159/237 209/158/236
f 205/162/240 257/163/241 258/161/239 207/160/238
f 203/164/242 256/165/243 257/163/241 205/162/240
f 201/166/244 255/167/245 256/165/243 203/164/242
f 199/168/246 254/169/247 255/167/245 201/166/244
f 197/170/248 253/171/249 254/169/247 199/168/246
f 195/172/250 252/173/251 253/171/249 197/170/248
f 193/174/252 251/175/253 252/173/251 195/172/250
f 191/176/254 250/177/255 251/175/253 193/174/252
f 189/178/256 249/179/257 250/177/255 191/176/254
f 187/180/258 248/181/259 249/179/257 189/178/256
f 185/182/260 247/183/261 248/181/259 187/180/258
f 183/184/262 246/185/263 247/183/261 185/182/260
f 181/186/203 245/187/202 246/185/263 183/184/262
f 276/123/201 308/188/264 277/189/265 245/124/202
f 275/127/205 307/190/266 308/188/264 276/123/201
f 274/129/207 306/191/267 307/190/266 275/127/205
f 273/131/209 305/192/268 306/191/267 274/129/207
f 272/133/211 304/193/269 305/192/268 273/131/209
f 271/135/213 303/194/270 304/193/269 272/133/211
f 270/137/215 302/195/271 303/194/270 271/135/213
f 269/139/217 301/196/272 302/195/271 270/137/215
f 268/141/219 300/197/273 301/196/272 269/139/217
f 267/143/221 299/198/274 300/197/273 268/141/219
f 266/145/223 298/199/275 299/198/274 267/143/221
f 265/147/225 297/200/276 298/199/275 266/145/223
f 264/149/227 296/201/277 297/200/276 265/147/225
f 263/151/229 295/202/278 296/201/277 264/149/227
f 262/153/231 294/203/279 295/202/278 263/151/229
f 261/155/233 293/204/280 294/203/279 262/153/231
f 260/157/235 292/205/281 293/204/280 261/155/233
f 259/159/237 291/206/282 292/205/281 260/157/235
f 258/161/239 290/207/283 291/206/282 259/159/237
f 257/163/241 289/208/284 290/207/283 258/161/239
f 256/165/243 288/209/285 289/208/284 257/163/241
f 255/167/245 287/210/286 288/209/285 256/165/243
f 254/169/247 286/211/287 287/210/286 255/167/245
f 253/171/249 285/212/288 286/211/287 254/169/247
f 252/173/251 284/213/289 285/212/288 253/171/249
f 251/175/253 283/214/290 284/213/289 252/173/251
f 250/177/255 282/215/291 283/214/290 251/175/253
f 249/179/257 281/216/292 282/215/291 250/177/255
f 248/181/259 280/217/293 281/216/292 249/179/257
f 247/183/261 279/218/294 280/217/293 248/181/259
f 246/185/263 278/219/295 279/218/294 247/183/261
f 245/187/202 277/220/265 278/219/295 246/185/263
f 308/188/264 340/221/296 309/222/297 277/189/265
f 307/190/266 339/223/298 340/221/296 308/188/264
f 306/191/267 338/224/299 339/223/298 307/190/266
f 305/192/268 337/225/300 338/224/299 306/191/267
f 304/193/269 336/226/301 337/225/300 305/192/268
f 303/194/270 335/227/302 336/226/301 304/193/269
f 302/195/271 334/228/303 335/227/302 303/194/270
f 301/196/272 333/229/304 334/228/303 302/195/271
f 300/197/273 332/230/305 333/229/304 301/196/272
f 299/198/274 331/231/306 332/230/305 300/197/273
f 298/199/275 330/232/307 331/231/306 299/198/274
f 297/200/276 329/233/308 330/232/307 298/199/275
f 296/201/277 328/234/309 329/233/308 297/200/276
f 295/202/278 327/235/310 328/234/309 296/201/277
f 294/203/279 326/236/311 327/235/310 295/202/278
f 293/204/280 325/237/312 326/236/311 294/203/279
f 292/205/281 324/238/313 325/237/312 293/204/280
f 291/206/282 323/239/314 324/238/313 292/205/281
f 290/207/283 322/240/315 323/239/314 291/206/282
f 289/208/284 321/241/316 322/240/315 290/207/283
f 288/209/285 320/242/317 321/241/316 289/208/284
f 287/210/286 319/243/318 320/242/317 288/209/285
f 286/211/287 318/244/319 319/243/318 287/210/286
f 285/212/288 317/245/320 318/244/319 286/211/287
f 284/213/289 316/246/321 317/245/320 285/212/288
f 283/214/290 315/247/322 316/246/321 284/213/289
f 282/215/291 314/248/323 315/247/322 283/214/290
f 281/216/292 313/249/324 314/248/323 282/215/291
f 280/217/293 312/250/325 313/249/324 281/216/292
f 279/218/294 311/251/326 312/250/325 280/217/293
f 278/219/295 310/252/327 311/251/326 279/218/294
f 277/220/265 309/253/297 310/252/327 278/219/295
f 340/221/296 372/254/328 341/255/329 309/222/297
f 339/223/298 371/256/330 372/254/328 340/221/296
f 338/224/299 370/257/331 371/256/330 339/223/298
f 337/225/300 369/258/332 370/257/331 338/224/299
f 336/226/301 368/259/333 369/258/332 337/225/300
f 335/227/302 367/260/334 368/259/333 336/226/301
f 334/228/303 366/261/335 367/260/334 335/227/302
f 333/229/304 365/262/336 366/261/335 334/228/303
f 332/230/305 364/263/337 365/262/336 333/229/304
f 331/231/306 363/264/338 364/263/337 332/230/305
f 330/232/307 362/265/339 363/264/338 331/231/306
f 329/233/308 361/266/340 362/265/339 330/232/307
f 328/234/309 360/267/341 361/266/340 329/233/308
f 327/235/310 359/268/342 360/267/341 328/234/309
f 326/236/311 358/269/343 359/268/342 327/235/310
f 325/237/312 357/270/344 358/269/343 326/236/311
f 324/238/313 356/271/345 357/270/344 325/237/312
f 323/239/314 355/272/346 356/271/345 324/238/313
f 322/240/315 354/273/347 355/272/346 323/239/314
f 321/241/316 353/274/348 354/273/347 322/240/315
f 320/242/317 352/275/349 353/274/348 321/241/316
f 319/243/318 351/276/350 352/275/349 320/242/317
f 318/244/319 350/277/351 351/276/350 319/243/318
f 317/245/320 349/278/352 350/277/351 318/244/319
f 316/246/321 348/279/353 349/278/352 317/245/320
f 315/247/322 347/280/354 348/279/353 316/246/321
f 314/248/323 346/281/355 347/280/354 315/247/322
f 313/249/324 345/282/356 346/281/355 314/248/323
f 312/250/325 344/283/357 345/282/356 313/249/324
f 311/251/326 343/284/358 344/283/357 312/250/325
f 310/252/327 342/285/359 343/284/358 311/251/326
f 309/253/297 341/286/329 342/285/359 310/252/327
f 435/287/360 404/87/198 373/89/133 436/288/361
f 434/289/362 403/85/194 404/87/198 435/287/360
f 433/290/363 402/83/192 403/85/194 434/289/362
f 432/291/364 401/81/190 402/83/192 433/290/363
f 431/292/365 400/79/188 401/81/190 432/291/364
f 430/293/366 399/77/186 400/79/188 431/292/365
f 429/294/367 398/75/184 399/77/186 430/293/366
f 428/295/368 397/73/182 398/75/184 429/294/367
f 427/296/369 396/71/180 397/73/182 428/295/368
f 426/297/370 395/69/178 396/71/180 427/296/369
f 425/298/371 394/67/176 395/69/178 426/297/370
f 424/299/372 393/65/174 394/67/176 425/298/371
f 423/300/373 392/63/172 393/65/174 424/299/372
f 422/301/374 391/61/170 392/63/172 423/300/373
f 421/302/375 390/59/168 391/61/170 422/301/374
f 420/303/376 389/57/166 390/59/168 421/302/375
f 419/304/377 388/55/164 389/57/166 420/303/376
f 418/305/378 387/53/162 388/55/164 419/304/377
f 417/306/379 386/51/160 387/53/162 418/305/378
f 416/307/380 385/49/158 386/51/160 417/306/379
f 415/308/381 384/47/156 385/49/158 416/307/380
f 414/309/382 383/45/154 384/47/156 415/308/381
f 413/310/383 382/43/152 383/45/154 414/309/382
f 412/311/384 381/41/150 382/43/152 413/310/383
f 411/312/385 380/39/148 381/41/150 412/311/384
f 410/313/386 379/37/146 380/39/148 411/312/385
f 409/314/387 378/35/144 379/37/146 410/313/386
f 408/315/388 377/33/142 378/35/144 409/314/387
f 407/316/389 376/31/140 377/33/142 408/315/388
f 406/317/390 375/29/138 376/31/140 407/316/389
f 405/318/391 374/27/136 375/29/138 406/317/390
f 436/319/361 373/24/133 374/27/136 405/318/391
f 341/286/329 436/319/361 405/318/391 342/285/359
f 342/285/359 405/318/391 406/317/390 343/284/358
f 343/284/358 406/317/390 407/316/389 344/283/357
f 344/283/357 407/316/389 408/315/388 345/282/356
f 345/282/356 408/315/388 409/314/387 346/281/355
f 346/281/355 409/314/387 410/313/386 347/280/354
f 347/280/354 410/313/386 411/312/385 348/279/353
f 348/279/353 411/312/385 412/311/384 349/278/352
f 349/278/352 412/311/384 413/310/383 350/277/351
f 350/277/351 413/310/383 414/309/382 351/276/350
f 351/276/350 414/309/382 415/308/381 352/275/349
f 352/275/349 415/308/381 416/307/380 353/274/348
f 353/274/348 416/307/380 417/306/379 354/273/347
f 354/273/347 417/306/379 418/305/378 355/272/346
f 355/272/346 418/305/378 419/304/377 356/271/345
f 356/271/345 419/304/377 420/303/376 357/270/344
f 357/270/344 420/303/376 421/302/375 358/269/343
f 358/269/343 421/302/375 422/301/374 359/268/342
f 359/268/342 422/301/374 423/300/373 360/267/341
f 360/267/341 423/300/373 424/299/372 361/266/340
f 361/266/340 424/299/372 425/298/371 362/265/339
f 362/265/339 425/298/371 426/297/370 363/264/338
f 363/264/338 426/297/370 427/296/369 364/263/337
f 364/263/337 427/296/369 428/295/368 365/262/336
f 365/262/336 428/295/368 429/294/367 366/261/335
f 366/261/335 429/294/367 430/293/366 367/260/334
f 367/260/334 430/293/366 431/292/365 368/259/333
f 368/259/333 431/292/365 432/291/364 369/258/332
f 369/258/332 432/291/364 433/290/363 370/257/331
f 370/257/331 433/290/363 434/289/362 371/256/330
f 371/256/330 434/289/362 435/287/360 372/254/328
f 372/254/328 435/287/360 436/288/361 341/255/329
f 452/54/392 451/52/393 483/52/236 484/54/234
f 200/42/151 198/40/149 445/40/394 446/42/395
f 218/60/169 216/58/167 454/58/396 455/60/397
f 236/78/187 234/76/185 463/76/398 464/78/399
f 192/34/143 190/32/141 441/32/400 442/34/401
f 210/52/161 208/50/159 450/50/402 451/52/393
f 228/70/179 226/68/177 459/68/403 460/70/404
f 184/26/135 182/25/134 438/25/405 437/26/406
f 182/88/134 244/86/195 468/86/197 438/88/405
f 202/44/153 200/42/151 446/42/395 447/44/407
f 220/62/171 218/60/169 455/60/397 456/62/408
f 238/80/189 236/78/187 464/78/399 465/80/409
f 194/36/145 192/34/143 442/34/401 443/36/410
f 212/54/163 210/52/161 451/52/393 452/54/392
f 230/72/181 228/70/179 460/70/404 461/72/411
f 186/28/137 184/26/135 437/26/406 439/28/412
f 204/46/155 202/44/153 447/44/407 448/46/413
f 222/64/173 220/62/171 456/62/408 457/64/414
f 240/82/191 238/80/189 465/80/409 466/82/415
f 196/38/147 194/36/145 443/36/410 444/38/416
f 214/56/165 212/54/163 452/54/392 453/56/417
f 232/74/183 230/72/181 461/72/411 462/74/418
f 188/30/139 186/28/137 439/28/412 440/30/419
f 206/48/157 204/46/155 448/46/413 449/48/420
f 224/66/175 222/64/173 457/64/414 458/66/421
f 242/84/193 240/82/191 466/82/415 467/84/196
f 198/40/149 196/38/147 444/38/416 445/40/394
f 216/58/167 214/56/165 453/56/417 454/58/396
f 234/76/185 232/74/183 462/74/418 463/76/398
f 190/32/141 188/30/139 440/30/419 441/32/400
f 208/50/159 206/48/157 449/48/420 450/50/402
f 226/68/177 224/66/175 458/66/421 459/68/403
f 469/320/422 470/321/422 500/322/422 499/323/422 498/324/422 497/325/422 496/326/422 495/327/422 494/328/422 493/329/422 492/330/422 491/331/422 490/332/422 489/333/422 488/334/422 487/335/422 486/336/422 485/337/422 484/338/422 483/339/422 482/340/422 481/341/422 480/342/422 479/343/422 478/344/422 477/345/422 476/346/422 475/347/422 474/348/422 473/349/422 472/350/422 471/351/422
f 439/28/412 437/26/406 469/26/262 471/28/260
f 466/82/415 465/80/409 497/80/208 498/82/206
f 453/56/417 452/54/392 484/54/234 485/56/232
f 440/30/419 439/28/412 471/28/260 472/30/258
f 467/84/196 466/82/415 498/82/206 499/84/204
f 454/58/396 453/56/417 485/56/232 486/58/230
f 441/32/400 440/30/419 472/30/258 473/32/256
f 468/86/197 467/84/196 499/84/204 500/86/200
f 455/60/397 454/58/396 486/58/230 487/60/228
f 442/34/401 441/32/400 473/32/256 474/34/254
f 438/88/405 468/86/197 500/86/200 470/88/203
f 456/62/408 455/60/397 487/60/228 488/62/226
f 443/36/410 442/34/401 474/34/254 475/36/252
f 457/64/414 456/62/408 488/62/226 489/64/224
f 444/38/416 443/36/410 475/36/252 476/38/250
f 458/66/421 457/64/414 489/64/224 490/66/222
f 445/40/394 444/38/416 476/38/250 477/40/248
f 459/68/403 458/66/421 490/66/222 491/68/220
f 446/42/395 445/40/394 477/40/248 478/42/246
f 460/70/404 459/68/403 491/68/220 492/70/218
f 447/44/407 446/42/395 478/42/246 479/44/244
f 461/72/411 460/70/404 492/70/218 493/72/216
f 448/46/413 447/44/407 479/44/244 480/46/242
f 462/74/418 461/72/411 493/72/216 494/74/214
f 449/48/420 448/46/413 480/46/242 481/48/240
f 463/76/398 462/74/418 494/74/214 495/76/212
f 450/50/402 449/48/420 481/48/240 482/50/238
f 464/78/399 463/76/398 495/76/212 496/78/210
f 451/52/393 450/50/402 482/50/238 483/52/236
f 437/26/406 438/25/405 470/25/203 469/26/262
f 465/80/409 464/78/399 496/78/210 497/80/208
f 528/352/423 527/352/424 559/352/425 560/352/426
f 515/352/427 514/352/428 546/352/429 547/352/430
f 502/352/431 501/352/216 533/352/216 534/352/431
f 529/352/432 528/352/423 560/352/426 561/352/433
f 516/352/434 515/352/427 547/352/430 548/352/434
f 503/352/435 502/352/431 534/352/431 535/352/436
f 530/352/437 529/352/432 561/352/433 562/352/438
f 517/352/248 516/352/434 548/352/434 549/352/248
f 504/352/439 503/352/435 535/352/436 536/352/440
f 531/352/441 530/352/437 562/352/438 563/352/442
f 518/352/443 517/352/248 549/352/248 550/352/443
f 505/352/444 504/352/439 536/352/440 537/352/445
f 532/352/446 531/352/441 563/352/442 564/352/446
f 519/352/447 518/352/443 550/352/443 551/352/448
f 506/352/449 505/352/444 537/352/445 538/352/450
f 501/352/216 532/352/446 564/352/446 533/352/216
f 520/352/451 519/352/447 551/352/448 552/352/452
f 507/352/453 506/352/449 538/352/450 539/352/454
f 521/352/455 520/352/451 552/352/452 553/352/456
f 508/352/457 507/352/453 539/352/454 540/352/458
f 522/352/459 521/352/455 553/352/456 554/352/460
f 509/352/461 508/352/457 540/352/458 541/352/462
f 523/352/463 522/352/459 554/352/460 555/352/464
f 510/352/465 509/352/461 541/352/462 542/352/466
f 524/352/467 523/352/463 555/352/464 556/352/468
f 511/352/469 510/352/465 542/352/466 543/352/470
f 525/352/471 524/352/467 556/352/468 557/352/472
f 512/352/473 511/352/469 543/352/470 544/352/474
f 526/352/475 525/352/471 557/352/472 558/352/476
f 513/352/477 512/352/473 544/352/474 545/352/478
f 527/352/424 526/352/475 558/352/476 559/352/425
f 514/352/428 513/352/477 545/352/478 546/352/429
f 535/352/479 534/352/480 566/352/480 567/352/481
f 562/352/482 561/352/483 593/352/484 594/352/485
f 549/352/486 548/352/487 580/352/488 581/352/486
f 536/352/489 535/352/479 567/352/481 568/352/490
f 563/352/491 562/352/482 594/352/485 595/352/492
f 550/352/493 549/352/486 581/352/486 582/352/494
f 537/352/495 536/352/489 568/352/490 569/352/496
f 564/352/497 563/352/491 595/352/492 596/352/497
f 551/352/498 550/352/493 582/352/494 583/352/499
f 538/352/500 537/352/495 569/352/496 570/352/501
f 533/352/502 564/352/497 596/352/497 565/352/502
f 552/352/503 551/352/498 583/352/499 584/352/504
f 539/352/505 538/352/500 570/352/501 571/352/506
f 553/352/507 552/352/503 584/352/504 585/352/508
f 540/352/509 539/352/505 571/352/506 572/352/510
f 554/352/511 553/352/507 585/352/508 586/352/512
f 541/352/513 540/352/509 572/352/510 573/352/514
f 555/352/515 554/352/511 586/352/512 587/352/516
f 542/352/517 541/352/513 573/352/514 574/352/518
f 556/352/519 555/352/515 587/352/516 588/352/520
f 543/352/521 542/352/517 574/352/518 575/352/522
f 557/352/523 556/352/519 588/352/520 589/352/524
f 544/352/525 543/352/521 575/352/522 576/352/526
f 558/352/527 557/352/523 589/352/524 590/352/528
f 545/352/529 544/352/525 576/352/526 577/352/530
f 559/352/531 558/352/527 590/352/528 591/352/532
f 546/352/533 545/352/529 577/352/530 578/352/534
f 560/352/535 559/352/531 591/352/532 592/352/536
f 547/352/537 546/352/533 578/352/534 579/352/538
f 534/352/480 533/352/502 565/352/502 566/352/480
f 561/352/483 560/352/535 592/352/536 593/352/484
f 548/352/487 547/352/537 579/352/538 580/352/488
f 570/352/449 569/352/444 601/352/445 602/352/450
f 565/352/216 596/352/446 628/352/446 597/352/216
f 584/352/451 583/352/539 615/352/448 616/352/452
f 571/352/540 570/352/449 602/352/450 603/352/541
f 585/352/455 584/352/451 616/352/452 617/352/456
f 572/352/457 571/352/540 603/352/541 604/352/458
f 586/352/459 585/352/455 617/352/456 618/352/460
f 573/352/461 572/352/457 604/352/458 605/352/462
f 587/352/542 586/352/459 618/352/460 619/352/543
f 574/352/465 573/352/461 605/352/462 606/352/466
f 588/352/467 587/352/542 619/352/543 620/352/468
f 575/352/544 574/352/465 606/352/466 607/352/545
f 589/352/471 588/352/467 620/352/468 621/352/472
f 576/352/473 575/352/544 607/352/545 608/352/474
f 590/352/475 589/352/471 621/352/472 622/352/476
f 577/352/477 576/352/473 608/352/474 609/352/478
f 591/352/546 590/352/475 622/352/476 623/352/547
f 578/352/428 577/352/477 609/352/478 610/352/429
f 592/352/423 591/352/546 623/352/547 624/352/426
f 579/352/548 578/352/428 610/352/429 611/352/430
f 566/352/431 565/352/216 597/352/216 598/352/431
f 593/352/432 592/352/423 624/352/426 625/352/433
f 580/352/434 579/352/548 611/352/430 612/352/434
f 567/352/435 566/352/431 598/352/431 599/352/549
f 594/352/437 593/352/432 625/352/433 626/352/438
f 581/352/248 580/352/434 612/352/434 613/352/248
f 568/352/439 567/352/435 599/352/549 600/352/440
f 595/352/441 594/352/437 626/352/438 627/352/550
f 582/352/443 581/352/248 613/352/248 614/352/443
f 569/352/444 568/352/439 600/352/440 601/352/445
f 596/352/446 595/352/441 627/352/550 628/352/446
f 583/352/539 582/352/443 614/352/443 615/352/448
f 602/352/551 601/352/551 633/352/551 634/352/551
f 597/352/551 628/352/551 660/352/551 629/352/551
f 616/352/551 615/352/551 647/352/551 648/352/551
f 603/352/551 602/352/551 634/352/551 635/352/551
f 617/352/551 616/352/551 648/352/551 649/352/551
f 604/352/551 603/352/551 635/352/551 636/352/551
f 618/352/551 617/352/551 649/352/551 650/352/551
f 605/352/551 604/352/551 636/352/551 637/352/551
f 619/352/551 618/352/551 650/352/551 651/352/551
f 606/352/551 605/352/551 637/352/551 638/352/551
f 620/352/551 619/352/551 651/352/551 652/352/551
f 607/352/551 606/352/551 638/352/551 639/352/551
f 621/352/551 620/352/551 652/352/551 653/352/551
f 608/352/551 607/352/551 639/352/551 640/352/551
f 622/352/551 621/352/551 653/352/551 654/352/551
f 609/352/551 608/352/551 640/352/551 641/352/551
f 623/352/551 622/352/551 654/352/551 655/352/551
f 610/352/551 609/352/551 641/352/551 642/352/551
f 624/352/551 623/352/551 655/352/551 656/352/551
f 611/352/551 610/352/551 642/352/551 643/352/551
f 598/352/551 597/352/551 629/352/551 630/352/551
f 625/352/551 624/352/551 656/352/551 657/352/551
f 612/352/551 611/352/551 643/352/551 644/352/551
f 599/352/551 598/352/551 630/352/551 631/352/551
f 626/352/551 625/352/551 657/352/551 658/352/551
f 613/352/551 612/352/551 644/352/551 645/352/551
f 600/352/551 599/352/551 631/352/551 632/352/551
f 627/352/551 626/352/551 658/352/551 659/352/551
f 614/352/551 613/352/551 645/352/551 646/352/551
f 601/352/551 600/352/551 632/352/551 633/352/551
f 628/352/551 627/352/551 659/352/551 660/352/551
f 615/352/551 614/352/551 646/352/551 647/352/551
f 637/352/461 636/352/457 668/352/458 669/352/462
f 651/352/542 650/352/459 682/352/460 683/352/543
f 638/352/465 637/352/461 669/352/462 670/352/466
f 652/352/467 651/352/542 683/352/543 684/352/468
f 639/352/544 638/352/465 670/352/466 671/352/545
f 653/352/471 652/352/467 684/352/468 685/352/472
f 640/352/473 639/352/544 671/352/545 672/352/474
f 654/352/475 653/352/471 685/352/472 686/352/476
f 641/352/477 640/352/473 672/352/474 673/352/478
f 655/352/546 654/352/475 686/352/476 687/352/547
f 642/352/428 641/352/477 673/352/478 674/352/429
f 656/352/423 655/352/546 687/352/547 688/352/426
f 643/352/548 642/352/428 674/352/429 675/352/430
f 630/352/431 629/352/216 661/352/216 662/352/431
f 657/352/432 656/352/423 688/352/426 689/352/433
f 644/352/434 643/352/548 675/352/430 676/352/434
f 631/352/435 630/352/431 662/352/431 663/352/549
f 658/352/437 657/352/432 689/352/433 690/352/438
f 645/352/248 644/352/434 676/352/434 677/352/248
f 632/352/439 631/352/435 663/352/549 664/352/440
f 659/352/441 658/352/437 690/352/438 691/352/550
f 646/352/443 645/352/248 677/352/248 678/352/443
f 633/352/444 632/352/439 664/352/440 665/352/445
f 660/352/446 659/352/441 691/352/550 692/352/446
f 647/352/539 646/352/443 678/352/443 679/352/448
f 634/352/449 633/352/444 665/352/445 666/352/450
f 629/352/216 660/352/446 692/352/446 661/352/216
f 648/352/451 647/352/539 679/352/448 680/352/452
f 635/352/540 634/352/449 666/352/450 667/352/541
f 649/352/455 648/352/451 680/352/452 681/352/456
f 636/352/457 635/352/540 667/352/541 668/352/458
f 650/352/459 649/352/455 681/352/456 682/352/460
f 662/352/551 661/352/551 692/352/551 691/352/551 690/352/551 689/352/551 688/352/551 687/352/551 686/352/551 685/352/551 684/352/551 683/352/551 682/352/551 681/352/551 680/352/551 679/352/551 678/352/551 677/352/551 676/352/551 675/352/551 674/352/551 673/352/551 672/352/551 671/352/551 670/352/551 669/352/551 668/352/551 667/352/551 666/352/551 665/352/551 664/352/551 663/352/551
f 502/352/552 503/352/552 504/352/552 505/352/552 506/352/552 507/352/552 508/352/552 509/352/552 510/352/552 511/352/552 512/352/552 513/352/552 514/352/552 515/352/552 516/352/552 517/352/552 518/352/552 519/352/552 520/352/552 521/352/552 522/352/552 523/352/552 524/352/552 525/352/552 526/352/552 527/352/552 528/352/552 529/352/552 530/352/552 531/352/552 532/352/552 501/352/552
o bottom
v 0.895567 2.476672 -0.114852
v 0.766242 2.463934 -0.114852
v 0.641886 2.426211 -0.114852
v 0.527279 2.364953 -0.114852
v 0.426825 2.282512 -0.114852
v 0.344385 2.182059 -0.114852
v 0.283126 2.067451 -0.114852
v 0.245403 1.943096 -0.114852
v 0.232665 1.813770 -0.114852
v -0.428606 1.229318 -0.114852
v -0.390883 1.104962 -0.114852
v -0.329624 0.990355 -0.114852
v -0.247184 0.889901 -0.114852
v -0.146730 0.807461 -0.114852
v -0.032123 0.746202 -0.114852
v 0.092233 0.708479 -0.114852
v 0.580953 0.747887 -0.114852
v 0.710279 0.760624 -0.114852
v 0.834635 0.798347 -0.114852
v 0.949242 0.859606 -0.114852
v 1.049695 0.942046 -0.114852
v 1.132136 1.042500 -0.114852
v 1.508009 1.560088 -0.114852
v 1.545732 1.684444 -0.114852
v 1.558470 1.813770 -0.114852
v 1.545732 1.943096 -0.114852
v 1.508009 2.067451 -0.114852
v 1.446750 2.182059 -0.114852
v 1.364310 2.282512 -0.114852
v 1.263856 2.364953 -0.114852
v 1.149249 2.426211 -0.114852
v 1.024893 2.463934 -0.114852
v 0.895567 2.476672 0.109231
v 0.766242 2.463934 0.109231
v 0.641886 2.426211 0.109231
v 0.527279 2.364953 0.109231
v 0.426825 2.282512 0.109231
v 0.344385 2.182059 0.109231
v 0.283126 2.067451 0.109231
v 0.245403 1.943096 0.109231
v 0.232665 1.813770 0.109231
v -0.428606 1.229318 0.109231
v -0.390883 1.104962 0.109231
v -0.329624 0.990355 0.109231
v -0.247184 0.889901 0.109231
v -0.146730 0.807461 0.109231
v -0.032123 0.746202 0.109231
v 0.092233 0.708479 0.109231
v 0.580953 0.747887 0.109231
v 0.710279 0.760624 0.109231
v 0.834635 0.798347 0.109231
v 0.949242 0.859606 0.109231
v 1.049695 0.942046 0.109231
v 1.132136 1.042500 0.109231
v 1.508009 1.560088 0.109231
v 1.545732 1.684444 0.109231
v 1.558470 1.813770 0.109231
v 1.545732 1.943096 0.109231
v 1.508009 2.067451 0.109231
v 1.446750 2.182059 0.109231
v 1.364310 2.282512 0.109231
v 1.263856 2.364953 0.109231
v 1.149249 2.426211 0.109231
v 1.024893 2.463934 0.109231
v 0.118639 1.585625 -0.114852
v 0.118639 1.585625 0.109231
v -1.035620 0.771992 0.612311
v -1.035620 1.250584 0.612311
v -1.035620 0.771992 -0.612310
v -1.035620 1.250584 -0.612311
v -0.002679 0.771992 0.612311
v -0.002679 1.250584 0.612311
v -0.002679 0.771992 -0.612310
v -0.002679 1.250584 -0.612311
v -0.728251 0.771992 -0.612310
v -0.728251 1.250584 -0.612311
v -0.728251 0.771992 0.612311
v -0.728251 1.250584 0.612311
v -1.035620 1.313309 0.612311
v -1.035620 1.313309 -0.612311
v -0.728251 1.313309 0.612311
v -0.728251 1.313309 -0.612311
v 0.920532 2.175260 -0.094504
v 0.869076 2.170192 -0.094504
v 0.819598 2.155183 -0.094504
v 0.773999 2.130809 -0.094504
v 0.734031 2.098008 -0.094504
v 0.701230 2.058040 -0.094504
v 0.676857 2.012441 -0.094504
v 0.661848 1.962963 -0.094504
v 0.656780 1.911508 -0.094504
v 0.661848 1.860052 -0.094504
v 0.676857 1.810574 -0.094504
v 0.701230 1.764975 -0.094504
v 0.734031 1.725007 -0.094504
v 0.773999 1.692206 -0.094504
v 0.819598 1.667832 -0.094504
v 0.869076 1.652823 -0.094504
v 0.920532 1.647756 -0.094504
v 0.971987 1.652823 -0.094504
v 1.021465 1.667832 -0.094504
v 1.067065 1.692206 -0.094504
v 1.107033 1.725007 -0.094504
v 1.139833 1.764975 -0.094504
v 1.164207 1.810574 -0.094504
v 1.179216 1.860052 -0.094504
v 1.184284 1.911508 -0.094504
v 1.179216 1.962963 -0.094504
v 1.164207 2.012441 -0.094504
v 1.139833 2.058040 -0.094504
v 1.107033 2.098008 -0.094504
v 1.067065 2.130809 -0.094504
v 1.021465 2.155183 -0.094504
v 0.971987 2.170192 -0.094504
v 0.920532 2.175260 -0.936755
v 0.869076 2.170192 -0.936755
v 0.819598 2.155183 -0.936755
v 0.773999 2.130809 -0.936755
v 0.734031 2.098008 -0.936755
v 0.701230 2.058040 -0.936755
v 0.676857 2.012441 -0.936755
v 0.661848 1.962963 -0.936755
v 0.656780 1.911508 -0.936755
v 0.661848 1.860052 -0.936755
v 0.676857 1.810574 -0.936755
v 0.701230 1.764975 -0.936755
v 0.734031 1.725007 -0.936755
v 0.773999 1.692206 -0.936755
v 0.819598 1.667832 -0.936755
v 0.869076 1.652823 -0.936755
v 0.920532 1.647756 -0.936755
v 0.971987 1.652823 -0.936755
v 1.021465 1.667832 -0.936755
v 1.067065 1.692206 -0.936755
v 1.107033 1.725007 -0.936755
v 1.139833 1.764975 -0.936755
v 1.164207 1.810574 -0.936755
v 1.179216 1.860052 -0.936755
v 1.184284 1.911508 -0.936755
v 1.179216 1.962963 -0.936755
v 1.164207 2.012441 -0.936755
v 1.139833 2.058040 -0.936755
v 1.107033 2.098008 -0.936755
v 1.067065 2.130809 -0.936755
v 1.021465 2.155183 -0.936755
v 0.971987 2.170192 -0.936755
v 0.000000 0.529470 -0.817826
v -0.159550 0.529470 -0.802111
v -0.317803 0.529470 -0.765337
v -0.461022 0.529470 -0.688785
v -0.586554 0.529470 -0.585763
v -0.679997 0.529470 -0.454360
v -0.755572 0.529470 -0.312968
v -0.802111 0.529470 -0.159550
v -0.817826 0.529470 0.000000
v -0.802111 0.529470 0.159550
v -0.755572 0.529470 0.312968
v -0.679997 0.529470 0.454360
v -0.586554 0.529470 0.585763
v -0.461022 0.529470 0.688785
v -0.317803 0.529470 0.765337
v -0.159550 0.529470 0.802111
v 0.000000 0.529470 0.817826
v 0.159550 0.529470 0.802111
v 0.312968 0.529470 0.755572
v 0.459441 0.529470 0.688785
v 0.584973 0.529470 0.585763
v 0.687994 0.529470 0.460231
v 0.755572 0.529470 0.312968
v 0.802111 0.529470 0.159550
v 0.817826 0.529470 0.000000
v 0.802111 0.529470 -0.159550
v 0.755572 0.529470 -0.312968
v 0.687994 0.529470 -0.460231
v 0.584973 0.529470 -0.585763
v 0.459441 0.529470 -0.688785
v 0.312968 0.529470 -0.755572
v 0.159550 0.529470 -0.802111
v 0.000000 0.675061 -0.817826
v -0.159550 0.675061 -0.802111
v -0.317803 0.675061 -0.765337
v -0.461022 0.675061 -0.688785
v -0.586554 0.675061 -0.585763
v -0.679997 0.675061 -0.454360
v -0.755572 0.675061 -0.312968
v -0.802111 0.675061 -0.159550
v -0.817826 0.675061 0.000000
v -0.802111 0.675061 0.159550
v -0.755572 0.675061 0.312968
v -0.679997 0.675061 0.454360
v -0.586554 0.675061 0.585763
v -0.461022 0.675061 0.688785
v -0.317803 0.675061 0.765337
v -0.159550 0.675061 0.802111
v 0.000000 0.675061 0.817826
v 0.159550 0.675061 0.802111
v 0.312968 0.675061 0.755572
v 0.459441 0.675061 0.688785
v 0.584973 0.675061 0.585763
v 0.687994 0.675061 0.460231
v 0.755572 0.675061 0.312968
v 0.802111 0.675061 0.159550
v 0.817826 0.675061 0.000000
v 0.802111 0.675061 -0.159550
v 0.755572 0.675061 -0.312968
v 0.687994 0.675061 -0.460231
v 0.584973 0.675061 -0.585763
v 0.459441 0.675061 -0.688785
v 0.312968 0.675061 -0.755572
v 0.159550 0.675061 -0.802111
v 0.000000 0.675061 -0.658937
v -0.128552 0.675061 -0.646275
v -0.256060 0.675061 -0.616645
v -0.371453 0.675061 -0.554966
v -0.472597 0.675061 -0.471960
v -0.547886 0.675061 -0.366086
v -0.608778 0.675061 -0.252164
v -0.646275 0.675061 -0.128552
v -0.658937 0.675061 0.000000
v -0.646275 0.675061 0.128552
v -0.608778 0.675061 0.252164
v -0.547886 0.675061 0.366085
v -0.472597 0.675061 0.471960
v -0.371453 0.675061 0.554966
v -0.256060 0.675061 0.616645
v -0.128552 0.675061 0.646275
v 0.000000 0.675061 0.658937
v 0.128552 0.675061 0.646275
v 0.252164 0.675061 0.608778
v 0.370180 0.675061 0.554966
v 0.471323 0.675061 0.471960
v 0.554329 0.675061 0.370816
v 0.608778 0.675061 0.252164
v 0.646275 0.675061 0.128552
v 0.658937 0.675061 0.000000
v 0.646275 0.675061 -0.128552
v 0.608778 0.675061 -0.252164
v 0.554329 0.675061 -0.370817
v 0.471323 0.675061 -0.471960
v 0.370180 0.675061 -0.554966
v 0.252164 0.675061 -0.608778
v 0.128552 0.675061 -0.646275
v 0.000000 0.773405 -0.658937
v -0.128552 0.773405 -0.646275
v -0.256060 0.773405 -0.616645
v -0.371453 0.773405 -0.554966
v -0.472597 0.773405 -0.471960
v -0.547886 0.773405 -0.366085
v -0.608778 0.773405 -0.252164
v -0.646275 0.773405 -0.128552
v -0.658937 0.773405 0.000000
v -0.646275 0.773405 0.128552
v -0.608778 0.773405 0.252164
v -0.547886 0.773405 0.366086
v -0.472597 0.773405 0.471960
v -0.371453 0.773405 0.554966
v -0.256060 0.773405 0.616645
v -0.128552 0.773405 0.646275
v 0.000000 0.773405 0.658937
v 0.128552 0.773405 0.646275
v 0.252164 0.773405 0.608778
v 0.370180 0.773405 0.554966
v 0.471323 0.773405 0.471960
v 0.554329 0.773405 0.370817
v 0.608778 0.773405 0.252164
v 0.646275 0.773405 0.128552
v 0.658937 0.773405 0.000000
v 0.646275 0.773405 -0.128552
v 0.608778 0.773405 -0.252164
v 0.554329 0.773405 -0.370816
v 0.471323 0.773405 -0.471960
v 0.370180 0.773405 -0.554966
v 0.252164 0.773405 -0.608778
v 0.128552 0.773405 -0.646275
v 0.000000 0.773404 -0.000000
vn 0.7914 -0.6113 -0.0000
vn 0.8955 -0.4451 -0.0000
vn -0.5456 0.8380 -0.0000
vn 0.9808 -0.1951 -0.0000
vn 1.0000 -0.0000 -0.0000
vn 0.9808 0.1951 -0.0000
vn 0.9239 0.3827 -0.0000
vn 0.8315 0.5556 -0.0000
vn -0.0000 1.0000 -0.0000
vn -0.1951 0.9808 -0.0000
vn 0.7071 0.7071 -0.0000
vn -0.3827 0.9239 -0.0000
vn 0.5556 0.8315 -0.0000
vn -0.5556 0.8315 -0.0000
vn 0.3827 0.9239 -0.0000
vn 0.0980 -0.9952 -0.0000
vn 0.1951 -0.9808 -0.0000
vn -0.7071 0.7071 -0.0000
vn 0.1951 0.9808 -0.0000
vn 0.3827 -0.9239 -0.0000
vn -0.8315 0.5556 -0.0000
vn 0.5556 -0.8315 -0.0000
vn -0.9239 0.3827 -0.0000
vn 0.7071 -0.7071 -0.0000
vn -0.9808 0.1951 -0.0000
vn -0.9608 0.2772 -0.0000
vn -0.8945 0.4471 -0.0000
vn -0.0000 -0.0000 1.0000
vn -0.0000 -0.0000 -1.0000
vn -1.0000 -0.0000 -0.0000
vn -0.0000 -1.0000 -0.0000
vn 0.8315 -0.5556 -0.0000
vn 0.9239 -0.3827 -0.0000
vn -0.9808 -0.1951 -0.0000
vn -0.9239 -0.3827 -0.0000
vn -0.8315 -0.5556 -0.0000
vn -0.7071 -0.7071 -0.0000
vn -0.5556 -0.8315 -0.0000
vn -0.3827 -0.9239 -0.0000
vn -0.1951 -0.9808 -0.0000
vn 0.8502 -0.0000 0.5265
vn 0.7311 -0.0000 0.6823
vn -0.1951 -0.0000 0.9808
vn -0.5291 -0.0000 -0.8486
vn -0.3534 -0.0000 -0.9355
vn 0.9239 -0.0000 0.3827
vn -0.7071 -0.0000 -0.7071
vn 0.9808 -0.0000 0.1951
vn -0.8479 -0.0000 -0.5301
vn -0.9351 -0.0000 -0.3545
vn 0.9808 -0.0000 -0.1951
vn -0.9808 -0.0000 -0.1951
vn 0.9239 -0.0000 -0.3827
vn 0.8502 -0.0000 -0.5265
vn -0.9808 -0.0000 0.1951
vn 0.7311 -0.0000 -0.6823
vn -0.9351 -0.0000 0.3545
vn 0.5556 -0.0000 -0.8315
vn -0.8479 -0.0000 0.5301
vn 0.3519 -0.0000 -0.9360
vn 0.1625 -0.0000 0.9867
vn -0.7071 -0.0000 0.7071
vn 0.1625 -0.0000 -0.9867
vn 0.3519 -0.0000 0.9360
vn -0.5291 -0.0000 0.8486
vn 0.5556 -0.0000 0.8315
vn -0.3534 -0.0000 0.9355
vn -0.1951 -0.0000 -0.9808
vt 0.000000 0.000000
vt 0.375000 0.000000
vt 0.625000 0.000000
vt 0.625000 0.250000
vt 0.375000 0.250000
vt 0.375000 0.324392
vt 0.625000 0.324392
vt 0.625000 0.500000
vt 0.375000 0.500000
vt 0.625000 0.750000
vt 0.375000 0.750000
vt 0.375000 0.925608
vt 0.625000 0.925608
vt 0.625000 1.000000
vt 0.375000 1.000000
vt 0.199392 0.500000
vt 0.199392 0.750000
vt 0.800608 0.500000
vt 0.800608 0.750000
vt 0.875000 0.500000
vt 0.875000 0.750000
s 1
usemtl 
f 714/353/553 715/353/554 747/353/554 746/353/553
f 757/353/555 702/353/555 734/353/555 758/353/555
f 715/353/554 716/353/556 748/353/556 747/353/554
f 716/353/556 717/353/557 749/353/557 748/353/556
f 717/353/557 718/353/558 750/353/558 749/353/557
f 718/353/558 719/353/559 751/353/559 750/353/558
f 719/353/559 720/353/560 752/353/560 751/353/559
f 693/353/561 694/353/562 726/353/562 725/353/561
f 720/353/560 721/353/563 753/353/563 752/353/560
f 694/353/562 695/353/564 727/353/564 726/353/562
f 721/353/563 722/353/565 754/353/565 753/353/563
f 695/353/564 696/353/566 728/353/566 727/353/564
f 722/353/565 723/353/567 755/353/567 754/353/565
f 709/353/568 710/353/569 742/353/569 741/353/568
f 696/353/566 697/353/570 729/353/570 728/353/566
f 723/353/567 724/353/571 756/353/571 755/353/567
f 710/353/569 711/353/572 743/353/572 742/353/569
f 697/353/570 698/353/573 730/353/573 729/353/570
f 724/353/571 693/353/561 725/353/561 756/353/571
f 711/353/572 712/353/574 744/353/574 743/353/572
f 698/353/573 699/353/575 731/353/575 730/353/573
f 712/353/574 713/353/576 745/353/576 744/353/574
f 699/353/575 700/353/577 732/353/577 731/353/575
f 713/353/576 714/353/553 746/353/553 745/353/576
f 700/353/577 701/353/578 733/353/578 732/353/577
f 701/353/578 757/353/579 758/353/579 733/353/578
f 726/353/580 727/353/580 728/353/580 729/353/580 730/353/580 731/353/580 732/353/580 733/353/580 758/353/580 734/353/580 735/353/580 736/353/580 737/353/580 738/353/580 739/353/580 740/353/580 741/353/580 742/353/580 743/353/580 744/353/580 745/353/580 746/353/580 747/353/580 748/353/580 749/353/580 750/353/580 751/353/580 752/353/580 753/353/580 754/353/580 755/353/580 756/353/580 725/353/580
f 694/353/581 693/353/581 724/353/581 723/353/581 722/353/581 721/353/581 720/353/581 719/353/581 718/353/581 717/353/581 716/353/581 715/353/581 714/353/581 713/353/581 712/353/581 711/353/581 710/353/581 709/353/581 708/353/581 707/353/581 706/353/581 705/353/581 704/353/581 703/353/581 702/353/581 757/353/581 701/353/581 700/353/581 699/353/581 698/353/581 697/353/581 696/353/581 695/353/581
f 759/354/582 760/355/582 762/356/582 761/357/582
f 767/358/581 768/359/581 766/360/581 765/361/581
f 765/361/557 766/360/557 764/362/557 763/363/557
f 769/364/580 770/365/580 760/366/580 759/367/580
f 767/368/583 765/361/583 763/363/583 769/369/583
f 762/356/582 760/355/582 771/355/582 772/356/582
f 766/360/561 768/370/561 770/371/561 764/362/561
f 763/363/580 764/362/580 770/365/580 769/364/580
f 761/357/581 762/356/581 768/359/581 767/358/581
f 774/370/561 772/372/561 771/373/561 773/371/561
f 768/359/581 762/356/581 772/356/581 774/359/581
f 760/366/580 770/365/580 773/365/580 771/366/580
f 770/371/557 768/370/557 774/370/557 773/371/557
f 778/353/566 777/353/564 809/353/564 810/353/566
f 805/353/567 804/353/565 836/353/565 837/353/567
f 792/353/569 791/353/583 823/353/583 824/353/569
f 779/353/570 778/353/566 810/353/566 811/353/570
f 806/353/571 805/353/567 837/353/567 838/353/571
f 793/353/572 792/353/569 824/353/569 825/353/572
f 780/353/573 779/353/570 811/353/570 812/353/573
f 775/353/561 806/353/571 838/353/571 807/353/561
f 794/353/574 793/353/572 825/353/572 826/353/574
f 781/353/575 780/353/573 812/353/573 813/353/575
f 795/353/576 794/353/574 826/353/574 827/353/576
f 782/353/577 781/353/575 813/353/575 814/353/577
f 796/353/584 795/353/576 827/353/576 828/353/584
f 783/353/582 782/353/577 814/353/577 815/353/582
f 797/353/585 796/353/584 828/353/584 829/353/585
f 784/353/586 783/353/582 815/353/582 816/353/586
f 798/353/556 797/353/585 829/353/585 830/353/556
f 785/353/587 784/353/586 816/353/586 817/353/587
f 799/353/557 798/353/556 830/353/556 831/353/557
f 786/353/588 785/353/587 817/353/587 818/353/588
f 800/353/558 799/353/557 831/353/557 832/353/558
f 787/353/589 786/353/588 818/353/588 819/353/589
f 801/353/559 800/353/558 832/353/558 833/353/559
f 788/353/590 787/353/589 819/353/589 820/353/590
f 802/353/560 801/353/559 833/353/559 834/353/560
f 789/353/591 788/353/590 820/353/590 821/353/591
f 776/353/562 775/353/561 807/353/561 808/353/562
f 803/353/563 802/353/560 834/353/560 835/353/563
f 790/353/592 789/353/591 821/353/591 822/353/592
f 777/353/564 776/353/562 808/353/562 809/353/564
f 804/353/565 803/353/563 835/353/563 836/353/565
f 791/353/583 790/353/592 822/353/592 823/353/583
f 808/353/581 807/353/581 838/353/581 837/353/581 836/353/581 835/353/581 834/353/581 833/353/581 832/353/581 831/353/581 830/353/581 829/353/581 828/353/581 827/353/581 826/353/581 825/353/581 824/353/581 823/353/581 822/353/581 821/353/581 820/353/581 819/353/581 818/353/581 817/353/581 816/353/581 815/353/581 814/353/581 813/353/581 812/353/581 811/353/581 810/353/581 809/353/581
f 844/353/593 843/353/594 875/353/594 876/353/593
f 839/353/580 870/353/595 902/353/595 871/353/580
f 858/353/596 857/353/597 889/353/597 890/353/596
f 845/353/598 844/353/593 876/353/593 877/353/598
f 859/353/599 858/353/596 890/353/596 891/353/599
f 846/353/600 845/353/598 877/353/598 878/353/600
f 860/353/601 859/353/599 891/353/599 892/353/601
f 847/353/557 846/353/600 878/353/600 879/353/557
f 861/353/602 860/353/601 892/353/601 893/353/602
f 848/353/603 847/353/557 879/353/557 880/353/603
f 862/353/604 861/353/602 893/353/602 894/353/604
f 849/353/605 848/353/603 880/353/603 881/353/605
f 863/353/582 862/353/604 894/353/604 895/353/582
f 850/353/606 849/353/605 881/353/605 882/353/606
f 864/353/607 863/353/582 895/353/582 896/353/607
f 851/353/608 850/353/606 882/353/606 883/353/608
f 865/353/609 864/353/607 896/353/607 897/353/609
f 852/353/610 851/353/608 883/353/608 884/353/610
f 866/353/611 865/353/609 897/353/609 898/353/611
f 853/353/612 852/353/610 884/353/610 885/353/612
f 840/353/613 839/353/580 871/353/580 872/353/613
f 867/353/614 866/353/611 898/353/611 899/353/614
f 854/353/615 853/353/612 885/353/612 886/353/615
f 841/353/616 840/353/613 872/353/613 873/353/616
f 868/353/617 867/353/614 899/353/614 900/353/617
f 855/353/581 854/353/615 886/353/615 887/353/581
f 842/353/618 841/353/616 873/353/616 874/353/618
f 869/353/619 868/353/617 900/353/617 901/353/619
f 856/353/620 855/353/581 887/353/581 888/353/620
f 843/353/594 842/353/618 874/353/618 875/353/594
f 870/353/595 869/353/619 901/353/619 902/353/595
f 857/353/597 856/353/620 888/353/620 889/353/597
f 879/353/583 878/353/583 910/353/583 911/353/583
f 893/353/583 892/353/583 924/353/583 925/353/583
f 880/353/583 879/353/583 911/353/583 912/353/583
f 894/353/583 893/353/583 925/353/583 926/353/583
f 881/353/583 880/353/583 912/353/583 913/353/583
f 895/353/583 894/353/583 926/353/583 927/353/583
f 882/353/583 881/353/583 913/353/583 914/353/583
f 896/353/583 895/353/583 927/353/583 928/353/583
f 883/353/583 882/353/583 914/353/583 915/353/583
f 897/353/583 896/353/583 928/353/583 929/353/583
f 884/353/583 883/353/583 915/353/583 916/353/583
f 898/353/583 897/353/583 929/353/583 930/353/583
f 885/353/583 884/353/583 916/353/583 917/353/583
f 872/353/583 871/353/583 903/353/583 904/353/583
f 899/353/583 898/353/583 930/353/583 931/353/583
f 886/353/583 885/353/583 917/353/583 918/353/583
f 873/353/583 872/353/583 904/353/583 905/353/583
f 900/353/583 899/353/583 931/353/583 932/353/583
f 887/353/583 886/353/583 918/353/583 919/353/583
f 874/353/583 873/353/583 905/353/583 906/353/583
f 901/353/583 900/353/583 932/353/583 933/353/583
f 888/353/583 887/353/583 919/353/583 920/353/583
f 875/353/583 874/353/583 906/353/583 907/353/583
f 902/353/583 901/353/583 933/353/583 934/353/583
f 889/353/583 888/353/583 920/353/583 921/353/583
f 876/353/583 875/353/583 907/353/583 908/353/583
f 871/353/583 902/353/583 934/353/583 903/353/583
f 890/353/583 889/353/583 921/353/583 922/353/583
f 877/353/583 876/353/583 908/353/583 909/353/583
f 891/353/583 890/353/583 922/353/583 923/353/583
f 878/353/583 877/353/583 909/353/583 910/353/583
f 892/353/583 891/353/583 923/353/583 924/353/583
f 928/353/607 927/353/582 959/353/582 960/353/607
f 915/353/608 914/353/606 946/353/606 947/353/608
f 929/353/609 928/353/607 960/353/607 961/353/609
f 916/353/610 915/353/608 947/353/608 948/353/610
f 930/353/611 929/353/609 961/353/609 962/353/611
f 917/353/612 916/353/610 948/353/610 949/353/612
f 904/353/613 903/353/580 935/353/580 936/353/613
f 931/353/614 930/353/611 962/353/611 963/353/614
f 918/353/615 917/353/612 949/353/612 950/353/615
f 905/353/616 904/353/613 936/353/613 937/353/616
f 932/353/617 931/353/614 963/353/614 964/353/617
f 919/353/581 918/353/615 950/353/615 951/353/581
f 906/353/618 905/353/616 937/353/616 938/353/618
f 933/353/619 932/353/617 964/353/617 965/353/619
f 920/353/620 919/353/581 951/353/581 952/353/620
f 907/353/594 906/353/618 938/353/618 939/353/594
f 934/353/595 933/353/619 965/353/619 966/353/595
f 921/353/597 920/353/620 952/353/620 953/353/597
f 908/353/593 907/353/594 939/353/594 940/353/593
f 903/353/580 934/353/595 966/353/595 935/353/580
f 922/353/596 921/353/597 953/353/597 954/353/596
f 909/353/598 908/353/593 940/353/593 941/353/598
f 923/353/599 922/353/596 954/353/596 955/353/599
f 910/353/600 909/353/598 941/353/598 942/353/600
f 924/353/601 923/353/599 955/353/599 956/353/601
f 911/353/557 910/353/600 942/353/600 943/353/557
f 925/353/602 924/353/601 956/353/601 957/353/602
f 912/353/603 911/353/557 943/353/557 944/353/603
f 926/353/604 925/353/602 957/353/602 958/353/604
f 913/353/605 912/353/603 944/353/603 945/353/605
f 927/353/582 926/353/604 958/353/604 959/353/582
f 914/353/606 913/353/605 945/353/605 946/353/606
f 954/353/583 953/353/583 967/353/583
f 955/353/583 954/353/583 967/353/583
f 956/353/583 955/353/583 967/353/583
f 957/353/583 956/353/583 967/353/583
f 958/353/583 957/353/583 967/353/583
f 959/353/583 958/353/583 967/353/583
f 960/353/583 959/353/583 967/353/583
f 961/353/583 960/353/583 967/353/583
f 962/353/583 961/353/583 967/353/583
f 936/353/583 935/353/583 967/353/583
f 963/353/583 962/353/583 967/353/583
f 950/353/583 949/353/583 967/353/583
f 937/353/583 936/353/583 967/353/583
f 964/353/583 963/353/583 967/353/583
f 951/353/583 950/353/583 967/353/583
f 965/353/583 964/353/583 967/353/583
f 952/353/583 951/353/583 967/353/583
f 966/353/583 965/353/583 967/353/583
f 953/353/583 952/353/583 967/353/583
f 935/353/583 966/353/583 967/353/583
f 840/353/561 841/353/561 842/353/561 843/353/561 844/353/561 845/353/561 846/353/561 847/353/561 848/353/561 849/353/561 850/353/561 851/353/561 852/353/561 853/353/561 854/353/561 855/353/561 856/353/561 857/353/561 858/353/561 859/353/561 860/353/561 861/353/561 862/353/561 863/353/561 864/353/561 865/353/561 866/353/561 867/353/561 868/353/561 869/353/561 870/353/561 839/353/561
f 759/367/583 761/357/583 767/368/583 769/364/583
o _Cube
v 2.000000 0.000000 1.000000
v 2.000000 2.000000 1.000000
v 2.000000 0.000000 -1.000000
v 2.000000 2.000000 -1.000000
v 4.000000 0.000000 1.000000
v 4.000000 2.000000 1.000000
v 4.000000 0.000000 -1.000000
v 4.000000 2.000000 -1.000000
vn -1.0000 -0.0000 -0.0000
vn -0.0000 -0.0000 -1.0000
vn 1.0000 -0.0000 -0.0000
vn -0.0000 -0.0000 1.0000
vn -0.0000 -1.0000 -0.0000
vn -0.0000 1.0000 -0.0000
vt 0.375000 0.000000
vt 0.625000 0.000000
vt 0.625000 0.250000
vt 0.375000 0.250000
vt 0.625000 0.500000
vt 0.375000 0.500000
vt 0.625000 0.750000
vt 0.375000 0.750000
vt 0.625000 1.000000
vt 0.375000 1.000000
vt 0.125000 0.500000
vt 0.125000 0.750000
vt 0.875000 0.500000
vt 0.875000 0.750000
s 0
f 968/374/621 969/375/621 971/376/621 970/377/621
f 970/377/622 971/376/622 975/378/622 974/379/622
f 974/379/623 975/378/623 973/380/623 972/381/623
f 972/381/624 973/380/624 969/382/624 968/383/624
f 970/384/625 974/379/625 972/381/625 968/385/625
f 975/378/626 971/386/626 969/387/626 973/380/626
o _Sphere
v 0.000000 1.834106 2.444430
v 0.000000 1.558207 2.168530
v 0.000000 1.197727 2.019215
v 0.000000 1.002637 2.000000
v 0.000000 0.807547 2.019215
v 0.000000 0.447067 2.168530
v 0.038060 1.983422 2.808658
v 0.074658 1.926516 2.624670
v 0.108386 1.834106 2.455105
v 0.137950 1.709744 2.306480
v 0.162212 1.558207 2.184507
v 0.180240 1.385320 2.093873
v 0.191342 1.197727 2.038060
v 0.195090 1.002637 2.019215
v 0.191342 0.807547 2.038060
v 0.180240 0.619953 2.093873
v 0.162212 0.447067 2.184507
v 0.137950 0.295530 2.306480
v 0.108386 0.171167 2.455105
v 0.074658 0.078757 2.624670
v 0.038060 0.021852 2.808658
v 0.074658 1.983422 2.819760
v 0.146447 1.926516 2.646447
v 0.212608 1.834106 2.486720
v 0.270598 1.709744 2.346719
v 0.318190 1.558207 2.231822
v 0.353553 1.385320 2.146447
v 0.375330 1.197727 2.093873
v 0.382683 1.002637 2.076121
v 0.375330 0.807547 2.093873
v 0.353553 0.619953 2.146447
v 0.318190 0.447067 2.231822
v 0.270598 0.295530 2.346719
v 0.212608 0.171167 2.486720
v 0.146447 0.078757 2.646447
v 0.074658 0.021852 2.819760
v 0.108386 1.983422 2.837788
v 0.212608 1.926516 2.681810
v 0.308658 1.834106 2.538060
v 0.392847 1.709744 2.412062
v 0.461940 1.558207 2.308658
v 0.513280 1.385320 2.231822
v 0.544895 1.197727 2.184507
v 0.555570 1.002637 2.168530
v 0.544895 0.807547 2.184507
v 0.513280 0.619953 2.231822
v 0.461940 0.447067 2.308658
v 0.392847 0.295530 2.412062
v 0.308658 0.171167 2.538060
v 0.212608 0.078757 2.681810
v 0.108386 0.021852 2.837788
v 0.137950 1.983422 2.862050
v 0.270598 1.926516 2.729402
v 0.392847 1.834106 2.607153
v 0.500000 1.709744 2.500000
v 0.587938 1.558207 2.412062
v 0.653281 1.385320 2.346719
v 0.693520 1.197727 2.306480
v 0.707107 1.002637 2.292893
v 0.693520 0.807547 2.306480
v 0.653281 0.619953 2.346719
v 0.587938 0.447067 2.412062
v 0.500000 0.295530 2.500000
v 0.392847 0.171167 2.607153
v 0.270598 0.078757 2.729402
v 0.137950 0.021852 2.862050
v 0.162212 1.983422 2.891614
v 0.318190 1.926516 2.787393
v 0.461940 1.834106 2.691342
v 0.587938 1.709744 2.607152
v 0.691342 1.558207 2.538060
v 0.768178 1.385320 2.486720
v 0.815493 1.197727 2.455105
v 0.831470 1.002637 2.444430
v 0.815493 0.807547 2.455105
v 0.768178 0.619953 2.486720
v 0.691342 0.447067 2.538060
v 0.587938 0.295530 2.607152
v 0.461940 0.171167 2.691342
v 0.318190 0.078757 2.787393
v 0.162212 0.021852 2.891614
v 0.000000 2.002637 3.000000
v 0.180240 1.983422 2.925342
v 0.353553 1.926516 2.853553
v 0.513280 1.834106 2.787393
v 0.653281 1.709744 2.729402
v 0.768178 1.558207 2.681810
v 0.853553 1.385320 2.646447
v 0.906127 1.197727 2.624670
v 0.923879 1.002637 2.617317
v 0.906127 0.807547 2.624670
v 0.853553 0.619953 2.646447
v 0.768178 0.447067 2.681810
v 0.653281 0.295530 2.729402
v 0.513280 0.171167 2.787393
v 0.353553 0.078757 2.853553
v 0.180240 0.021852 2.925342
v 0.191342 1.983422 2.961940
v 0.375330 1.926516 2.925342
v 0.544895 1.834106 2.891614
v 0.693520 1.709744 2.862050
v 0.815493 1.558207 2.837788
v 0.906127 1.385320 2.819760
v 0.961940 1.197727 2.808658
v 0.980785 1.002637 2.804910
v 0.961940 0.807547 2.808658
v 0.906127 0.619953 2.819760
v 0.815493 0.447067 2.837788
v 0.693520 0.295530 2.862050
v 0.544895 0.171167 2.891614
v 0.375330 0.078757 2.925342
v 0.191342 0.021852 2.961940
v 0.195090 1.983422 3.000000
v 0.382683 1.926516 3.000000
v 0.555570 1.834106 3.000000
v 0.707107 1.709744 3.000000
v 0.831469 1.558207 3.000000
v 0.923879 1.385320 3.000000
v 0.980785 1.197727 3.000000
v 1.000000 1.002637 3.000000
v 0.980785 0.807547 3.000000
v 0.923879 0.619953 3.000000
v 0.831469 0.447067 3.000000
v 0.707107 0.295530 3.000000
v 0.555570 0.171167 3.000000
v 0.382683 0.078757 3.000000
v 0.195090 0.021852 3.000000
v 0.191342 1.983422 3.038060
v 0.375330 1.926516 3.074658
v 0.544895 1.834106 3.108387
v 0.693520 1.709744 3.137950
v 0.815493 1.558207 3.162212
v 0.906127 1.385320 3.180240
v 0.961940 1.197727 3.191342
v 0.980785 1.002637 3.195091
v 0.961940 0.807547 3.191342
v 0.906127 0.619953 3.180240
v 0.815493 0.447067 3.162212
v 0.693520 0.295530 3.137950
v 0.544895 0.171167 3.108387
v 0.375330 0.078757 3.074658
v 0.191342 0.021852 3.038060
v 0.180240 1.983422 3.074658
v 0.353553 1.926516 3.146447
v 0.513280 1.834106 3.212608
v 0.653281 1.709744 3.270598
v 0.768178 1.558207 3.318190
v 0.853553 1.385320 3.353553
v 0.906127 1.197727 3.375330
v 0.923879 1.002637 3.382684
v 0.906127 0.807547 3.375330
v 0.853553 0.619953 3.353553
v 0.768178 0.447067 3.318190
v 0.653281 0.295530 3.270598
v 0.513280 0.171167 3.212608
v 0.353553 0.078757 3.146447
v 0.180240 0.021852 3.074658
v 0.162212 1.983422 3.108386
v 0.318190 1.926516 3.212608
v 0.461940 1.834106 3.308658
v 0.587938 1.709744 3.392848
v 0.691341 1.558207 3.461940
v 0.768178 1.385320 3.513280
v 0.815493 1.197727 3.544895
v 0.831469 1.002637 3.555570
v 0.815493 0.807547 3.544895
v 0.768178 0.619953 3.513280
v 0.691341 0.447067 3.461940
v 0.587938 0.295530 3.392848
v 0.461940 0.171167 3.308658
v 0.318190 0.078757 3.212608
v 0.162212 0.021852 3.108386
v 0.137950 1.983422 3.137950
v 0.270598 1.926516 3.270598
v 0.392847 1.834106 3.392848
v 0.500000 1.709744 3.500000
v 0.587938 1.558207 3.587938
v 0.653281 1.385320 3.653281
v 0.693520 1.197727 3.693520
v 0.707106 1.002637 3.707107
v 0.693520 0.807547 3.693520
v 0.653281 0.619953 3.653281
v 0.587938 0.447067 3.587938
v 0.500000 0.295530 3.500000
v 0.392847 0.171167 3.392848
v 0.270598 0.078757 3.270598
v 0.137950 0.021852 3.137950
v 0.108386 1.983422 3.162212
v 0.212607 1.926516 3.318190
v 0.308658 1.834106 3.461940
v 0.392847 1.709744 3.587938
v 0.461940 1.558207 3.691341
v 0.513280 1.385320 3.768178
v 0.544895 1.197727 3.815493
v 0.555570 1.002637 3.831469
v 0.544895 0.807547 3.815493
v 0.513280 0.619953 3.768178
v 0.461940 0.447067 3.691341
v 0.392847 0.295530 3.587938
v 0.308658 0.171167 3.461940
v 0.212607 0.078757 3.318190
v 0.108386 0.021852 3.162212
v 0.074658 1.983422 3.180240
v 0.146447 1.926516 3.353553
v 0.212607 1.834106 3.513280
v 0.270598 1.709744 3.653281
v 0.318189 1.558207 3.768178
v 0.353553 1.385320 3.853553
v 0.375330 1.197727 3.906127
v 0.382683 1.002637 3.923879
v 0.375330 0.807547 3.906127
v 0.353553 0.619953 3.853553
v 0.318189 0.447067 3.768178
v 0.270598 0.295530 3.653281
v 0.212607 0.171167 3.513280
v 0.146447 0.078757 3.353553
v 0.074658 0.021852 3.180240
v 0.038060 1.983422 3.191342
v 0.074658 1.926516 3.375330
v 0.108386 1.834106 3.544895
v 0.137950 1.709744 3.693520
v 0.162212 1.558207 3.815493
v 0.180240 1.385320 3.906127
v 0.191342 1.197727 3.961939
v 0.195090 1.002637 3.980785
v 0.191342 0.807547 3.961939
v 0.180240 0.619953 3.906127
v 0.162212 0.447067 3.815493
v 0.137950 0.295530 3.693520
v 0.108386 0.171167 3.544895
v 0.074658 0.078757 3.375330
v 0.038060 0.021852 3.191342
v -0.000000 1.983422 3.195090
v -0.000000 1.926516 3.382683
v -0.000000 1.834106 3.555570
v -0.000000 1.709744 3.707107
v -0.000000 1.558207 3.831469
v 0.000000 1.385320 3.923879
v -0.000000 1.197727 3.980785
v -0.000000 1.002637 3.999999
v -0.000000 0.807547 3.980785
v 0.000000 0.619953 3.923879
v -0.000000 0.447067 3.831469
v -0.000000 0.295530 3.707107
v -0.000000 0.171167 3.555570
v -0.000000 0.078757 3.382683
v -0.000000 0.021852 3.195090
v -0.038060 1.983422 3.191342
v -0.074658 1.926516 3.375330
v -0.108386 1.834106 3.544895
v -0.137950 1.709744 3.693520
v -0.162212 1.558207 3.815493
v -0.180240 1.385320 3.906127
v -0.191342 1.197727 3.961939
v -0.195091 1.002637 3.980784
v -0.191342 0.807547 3.961939
v -0.180240 0.619953 3.906127
v -0.162212 0.447067 3.815493
v -0.137950 0.295530 3.693520
v -0.108386 0.171167 3.544895
v -0.074658 0.078757 3.375330
v -0.038060 0.021852 3.191342
v -0.074658 1.983422 3.180240
v -0.146447 1.926516 3.353553
v -0.212608 1.834106 3.513280
v -0.270598 1.709744 3.653281
v -0.318190 1.558207 3.768178
v -0.353553 1.385320 3.853553
v -0.375330 1.197727 3.906127
v -0.382683 1.002637 3.923879
v -0.375330 0.807547 3.906127
v -0.353553 0.619953 3.853553
v -0.318190 0.447067 3.768178
v -0.270598 0.295530 3.653281
v -0.212608 0.171167 3.513280
v -0.146447 0.078757 3.353553
v -0.074658 0.021852 3.180240
v -0.108386 1.983422 3.162212
v -0.212608 1.926516 3.318190
v -0.308658 1.834106 3.461939
v -0.392847 1.709744 3.587938
v -0.461940 1.558207 3.691341
v -0.513280 1.385320 3.768178
v -0.544895 1.197727 3.815493
v -0.555570 1.002637 3.831469
v -0.544895 0.807547 3.815493
v -0.513280 0.619953 3.768178
v -0.461940 0.447067 3.691341
v -0.392847 0.295530 3.587938
v -0.308658 0.171167 3.461939
v -0.212608 0.078757 3.318190
v -0.108386 0.021852 3.162212
v -0.137950 1.983422 3.137949
v -0.270598 1.926516 3.270598
v -0.392847 1.834106 3.392847
v -0.500000 1.709744 3.500000
v -0.587938 1.558207 3.587937
v -0.653281 1.385320 3.653281
v -0.693520 1.197727 3.693520
v -0.707106 1.002637 3.707106
v -0.693520 0.807547 3.693520
v -0.653281 0.619953 3.653281
v -0.587938 0.447067 3.587937
v -0.500000 0.295530 3.500000
v -0.392847 0.171167 3.392847
v -0.270598 0.078757 3.270598
v -0.137950 0.021852 3.137949
v 0.000000 0.002637 3.000000
v -0.162212 1.983422 3.108386
v -0.318190 1.926516 3.212607
v -0.461940 1.834106 3.308658
v -0.587938 1.709744 3.392847
v -0.691341 1.558207 3.461939
v -0.768177 1.385320 3.513280
v -0.815493 1.197727 3.544895
v -0.831469 1.002637 3.555569
v -0.815493 0.807547 3.544895
v -0.768177 0.619953 3.513280
v -0.691341 0.447067 3.461939
v -0.587938 0.295530 3.392847
v -0.461940 0.171167 3.308658
v -0.318190 0.078757 3.212607
v -0.162212 0.021852 3.108386
v -0.180240 1.983422 3.074658
v -0.353553 1.926516 3.146446
v -0.513280 1.834106 3.212607
v -0.653281 1.709744 3.270598
v -0.768177 1.558207 3.318189
v -0.853553 1.385320 3.353553
v -0.906127 1.197727 3.375330
v -0.923879 1.002637 3.382683
v -0.906127 0.807547 3.375330
v -0.853553 0.619953 3.353553
v -0.768177 0.447067 3.318189
v -0.653281 0.295530 3.270598
v -0.513280 0.171167 3.212607
v -0.353553 0.078757 3.146446
v -0.180240 0.021852 3.074658
v -0.191342 1.983422 3.038060
v -0.375330 1.926516 3.074658
v -0.544895 1.834106 3.108386
v -0.693520 1.709744 3.137950
v -0.815493 1.558207 3.162211
v -0.906127 1.385320 3.180240
v -0.961939 1.197727 3.191341
v -0.980784 1.002637 3.195090
v -0.961939 0.807547 3.191341
v -0.906127 0.619953 3.180240
v -0.815493 0.447067 3.162211
v -0.693520 0.295530 3.137950
v -0.544895 0.171167 3.108386
v -0.375330 0.078757 3.074658
v -0.191342 0.021852 3.038060
v -0.195090 1.983422 3.000000
v -0.382683 1.926516 3.000000
v -0.555570 1.834106 3.000000
v -0.707107 1.709744 3.000000
v -0.831469 1.558207 3.000000
v -0.923879 1.385320 3.000000
v -0.980785 1.197727 3.000000
v -0.999999 1.002637 3.000000
v -0.980785 0.807547 3.000000
v -0.923879 0.619953 3.000000
v -0.831469 0.447067 3.000000
v -0.707107 0.295530 3.000000
v -0.555570 0.171167 3.000000
v -0.382683 0.078757 3.000000
v -0.195090 0.021852 3.000000
v -0.191342 1.983422 2.961940
v -0.375330 1.926516 2.925342
v -0.544895 1.834106 2.891613
v -0.693520 1.709744 2.862050
v -0.815493 1.558207 2.837788
v -0.906127 1.385320 2.819760
v -0.961939 1.197727 2.808658
v -0.980784 1.002637 2.804909
v -0.961939 0.807547 2.808658
v -0.906127 0.619953 2.819760
v -0.815493 0.447067 2.837788
v -0.693520 0.295530 2.862050
v -0.544895 0.171167 2.891613
v -0.375330 0.078757 2.925342
v -0.191342 0.021852 2.961940
v -0.180240 1.983422 2.925342
v -0.353553 1.926516 2.853553
v -0.513279 1.834106 2.787393
v -0.653281 1.709744 2.729402
v -0.768177 1.558207 2.681810
v -0.853553 1.385320 2.646447
v -0.906127 1.197727 2.624670
v -0.923878 1.002637 2.617316
v -0.906127 0.807547 2.624670
v -0.853553 0.619953 2.646447
v -0.768177 0.447067 2.681810
v -0.653281 0.295530 2.729402
v -0.513279 0.171167 2.787393
v -0.353553 0.078757 2.853553
v -0.180240 0.021852 2.925342
v -0.162212 1.983422 2.891614
v -0.318189 1.926516 2.787393
v -0.461939 1.834106 2.691342
v -0.587938 1.709744 2.607153
v -0.691341 1.558207 2.538060
v -0.768177 1.385320 2.486720
v -0.815493 1.197727 2.455105
v -0.831468 1.002637 2.444430
v -0.815493 0.807547 2.455105
v -0.768177 0.619953 2.486720
v -0.691341 0.447067 2.538060
v -0.587938 0.295530 2.607153
v -0.461939 0.171167 2.691342
v -0.318189 0.078757 2.787393
v -0.162212 0.021852 2.891614
v -0.137950 1.983422 2.862051
v -0.270598 1.926516 2.729402
v -0.392847 1.834106 2.607153
v -0.500000 1.709744 2.500000
v -0.587937 1.558207 2.412062
v -0.653281 1.385320 2.346719
v -0.693519 1.197727 2.306480
v -0.707106 1.002637 2.292894
v -0.693519 0.807547 2.306480
v -0.653281 0.619953 2.346719
v -0.587937 0.447067 2.412062
v -0.500000 0.295530 2.500000
v -0.392847 0.171167 2.607153
v -0.270598 0.078757 2.729402
v -0.137950 0.021852 2.862051
v -0.108386 1.983422 2.837789
v -0.212607 1.926516 2.681810
v -0.308658 1.834106 2.538061
v -0.392847 1.709744 2.412062
v -0.461939 1.558207 2.308659
v -0.513280 1.385320 2.231822
v -0.544895 1.197727 2.184507
v -0.555569 1.002637 2.168531
v -0.544895 0.807547 2.184507
v -0.513280 0.619953 2.231822
v -0.461939 0.447067 2.308659
v -0.392847 0.295530 2.412062
v -0.308658 0.171167 2.538061
v -0.212607 0.078757 2.681810
v -0.108386 0.021852 2.837789
v -0.074658 1.983422 2.819760
v -0.146446 1.926516 2.646447
v -0.212607 1.834106 2.486721
v -0.270598 1.709744 2.346719
v -0.318189 1.558207 2.231823
v -0.353553 1.385320 2.146447
v -0.375330 1.197727 2.093873
v -0.382683 1.002637 2.076121
v -0.375330 0.807547 2.093873
v -0.353553 0.619953 2.146447
v -0.318189 0.447067 2.231823
v -0.270598 0.295530 2.346719
v -0.212607 0.171167 2.486721
v -0.146446 0.078757 2.646447
v -0.074658 0.021852 2.819760
v -0.038060 1.983422 2.808659
v -0.074658 1.926516 2.624670
v -0.108386 1.834106 2.455106
v -0.137950 1.709744 2.306480
v -0.162211 1.558207 2.184507
v -0.180240 1.385320 2.093873
v -0.191341 1.197727 2.038061
v -0.195090 1.002637 2.019216
v -0.191341 0.807547 2.038061
v -0.180240 0.619953 2.093873
v -0.162211 0.447067 2.184507
v -0.137950 0.295530 2.306480
v -0.108386 0.171167 2.455106
v -0.074658 0.078757 2.624670
v -0.038060 0.021852 2.808659
v 0.000000 1.983422 2.804910
v 0.000000 1.926516 2.617317
v 0.000000 1.709744 2.292893
v 0.000000 1.385320 2.076121
v 0.000000 0.619953 2.076121
v 0.000000 0.295530 2.292893
v 0.000000 0.171167 2.444430
v 0.000000 0.078757 2.617317
v 0.000000 0.021852 2.804910
vn 0.0464 -0.8810 -0.4709
vn 0.0938 0.2890 -0.9527
vn 0.0286 -0.9565 -0.2902
vn 0.0975 0.0975 -0.9904
vn 0.0097 0.9951 -0.0980
vn 0.0097 -0.9951 -0.0980
vn 0.0975 -0.0975 -0.9904
vn 0.0286 0.9565 -0.2902
vn 0.0938 -0.2890 -0.9527
vn 0.0464 0.8810 -0.4709
vn 0.0865 -0.4696 -0.8786
vn 0.0624 0.7715 -0.6332
vn 0.0759 -0.6326 -0.7708
vn 0.0759 0.6326 -0.7708
vn 0.0624 -0.7715 -0.6332
vn 0.0865 0.4696 -0.8786
vn 0.1847 -0.7715 -0.6088
vn 0.2563 0.4696 -0.8448
vn 0.1374 -0.8810 -0.4528
vn 0.2779 0.2890 -0.9161
vn 0.0846 -0.9565 -0.2790
vn 0.2889 0.0976 -0.9524
vn 0.0286 0.9951 -0.0942
vn 0.0286 -0.9951 -0.0942
vn 0.2889 -0.0976 -0.9524
vn 0.0846 0.9565 -0.2790
vn 0.2779 -0.2890 -0.9161
vn 0.1374 0.8810 -0.4528
vn 0.2563 -0.4696 -0.8448
vn 0.1847 0.7715 -0.6088
vn 0.2248 -0.6326 -0.7412
vn 0.2248 0.6326 -0.7412
vn 0.1374 0.9565 -0.2571
vn 0.4513 -0.2890 -0.8443
vn 0.2230 0.8810 -0.4173
vn 0.4162 -0.4696 -0.7786
vn 0.2999 0.7715 -0.5611
vn 0.3651 -0.6326 -0.6831
vn 0.3651 0.6326 -0.6831
vn 0.2999 -0.7715 -0.5611
vn 0.4162 0.4696 -0.7786
vn 0.2230 -0.8810 -0.4173
vn 0.4513 0.2890 -0.8443
vn 0.1374 -0.9565 -0.2571
vn 0.4691 0.0975 -0.8777
vn 0.0464 0.9951 -0.0869
vn 0.0464 -0.9951 -0.0869
vn 0.4691 -0.0975 -0.8777
vn 0.5601 0.4696 -0.6825
vn 0.3002 -0.8810 -0.3658
vn 0.6073 0.2890 -0.7400
vn 0.1850 -0.9565 -0.2254
vn 0.6314 0.0975 -0.7693
vn 0.0625 0.9951 -0.0761
vn 0.0625 -0.9951 -0.0761
vn 0.6314 -0.0975 -0.7693
vn 0.1850 0.9565 -0.2254
vn 0.6073 -0.2890 -0.7400
vn 0.3002 0.8810 -0.3658
vn 0.5601 -0.4696 -0.6825
vn 0.4036 0.7715 -0.4918
vn 0.4913 -0.6326 -0.5987
vn 0.4913 0.6326 -0.5987
vn 0.4036 -0.7715 -0.4918
vn 0.7400 -0.2890 -0.6073
vn 0.3658 0.8810 -0.3002
vn 0.6825 -0.4696 -0.5601
vn 0.4918 0.7715 -0.4036
vn 0.5987 -0.6326 -0.4913
vn 0.5987 0.6326 -0.4913
vn 0.4918 -0.7715 -0.4036
vn 0.6825 0.4696 -0.5601
vn 0.3658 -0.8810 -0.3002
vn 0.7400 0.2890 -0.6073
vn 0.2254 -0.9565 -0.1850
vn 0.7693 0.0975 -0.6314
vn 0.0761 0.9951 -0.0625
vn 0.0761 -0.9951 -0.0625
vn 0.7693 -0.0975 -0.6314
vn 0.2254 0.9565 -0.1850
vn 0.4173 -0.8810 -0.2230
vn 0.8443 0.2890 -0.4513
vn 0.2571 -0.9565 -0.1374
vn 0.8777 0.0975 -0.4691
vn 0.0869 0.9951 -0.0464
vn 0.0869 -0.9951 -0.0464
vn 0.8777 -0.0975 -0.4691
vn 0.2571 0.9565 -0.1374
vn 0.8443 -0.2890 -0.4513
vn 0.4173 0.8810 -0.2230
vn 0.7786 -0.4696 -0.4162
vn 0.5611 0.7715 -0.2999
vn 0.6831 -0.6326 -0.3651
vn 0.6831 0.6326 -0.3651
vn 0.5611 -0.7715 -0.2999
vn 0.7786 0.4696 -0.4162
vn 0.8448 -0.4696 -0.2563
vn 0.6088 0.7715 -0.1847
vn 0.7412 -0.6326 -0.2248
vn 0.7412 0.6326 -0.2248
vn 0.6088 -0.7715 -0.1847
vn 0.8448 0.4696 -0.2563
vn 0.4528 -0.8810 -0.1374
vn 0.9161 0.2890 -0.2779
vn 0.2790 -0.9565 -0.0846
vn 0.9524 0.0975 -0.2889
vn 0.0942 0.9951 -0.0286
vn 0.0942 -0.9951 -0.0286
vn 0.9524 -0.0975 -0.2889
vn 0.2790 0.9565 -0.0846
vn 0.9161 -0.2890 -0.2779
vn 0.4528 0.8810 -0.1374
vn 0.2902 -0.9565 -0.0286
vn 0.9904 0.0975 -0.0975
vn 0.0980 0.9951 -0.0097
vn 0.0980 -0.9951 -0.0097
vn 0.9904 -0.0975 -0.0975
vn 0.2902 0.9565 -0.0286
vn 0.9527 -0.2890 -0.0938
vn 0.4709 0.8810 -0.0464
vn 0.8786 -0.4696 -0.0865
vn 0.6332 0.7715 -0.0624
vn 0.7708 -0.6326 -0.0759
vn 0.7708 0.6326 -0.0759
vn 0.6332 -0.7715 -0.0624
vn 0.8786 0.4696 -0.0865
vn 0.4709 -0.8810 -0.0464
vn 0.9527 0.2890 -0.0938
vn 0.6332 0.7715 0.0624
vn 0.7708 -0.6326 0.0759
vn 0.7708 0.6326 0.0759
vn 0.6332 -0.7715 0.0624
vn 0.8786 0.4696 0.0865
vn 0.4709 -0.8810 0.0464
vn 0.9527 0.2890 0.0938
vn 0.2902 -0.9565 0.0286
vn 0.9904 0.0975 0.0976
vn 0.0980 0.9951 0.0097
vn 0.0980 -0.9951 0.0097
vn 0.9904 -0.0975 0.0976
vn 0.2902 0.9565 0.0286
vn 0.9527 -0.2890 0.0938
vn 0.4709 0.8810 0.0464
vn 0.8786 -0.4696 0.0865
vn 0.9524 0.0975 0.2889
vn 0.0942 0.9951 0.0286
vn 0.0942 -0.9951 0.0286
vn 0.9524 -0.0975 0.2889
vn 0.2790 0.9565 0.0846
vn 0.9161 -0.2890 0.2779
vn 0.4528 0.8810 0.1374
vn 0.8448 -0.4696 0.2563
vn 0.6088 0.7715 0.1847
vn 0.7412 -0.6326 0.2248
vn 0.7412 0.6326 0.2248
vn 0.6088 -0.7715 0.1847
vn 0.8448 0.4696 0.2563
vn 0.4528 -0.8810 0.1374
vn 0.9161 0.2890 0.2779
vn 0.2790 -0.9565 0.0846
vn 0.6831 -0.6326 0.3651
vn 0.6831 0.6326 0.3651
vn 0.5611 -0.7715 0.2999
vn 0.7786 0.4696 0.4162
vn 0.4173 -0.8810 0.2230
vn 0.8443 0.2890 0.4513
vn 0.2571 -0.9565 0.1374
vn 0.8777 0.0975 0.4691
vn 0.0869 0.9951 0.0464
vn 0.0869 -0.9951 0.0464
vn 0.8777 -0.0975 0.4691
vn 0.2571 0.9565 0.1374
vn 0.8443 -0.2890 0.4513
vn 0.4173 0.8810 0.2230
vn 0.7786 -0.4696 0.4162
vn 0.5611 0.7715 0.2999
vn 0.0761 0.9951 0.0625
vn 0.0761 -0.9951 0.0625
vn 0.7693 -0.0975 0.6314
vn 0.2254 0.9565 0.1850
vn 0.7400 -0.2890 0.6073
vn 0.3658 0.8810 0.3002
vn 0.6825 -0.4696 0.5601
vn 0.4918 0.7715 0.4036
vn 0.5987 -0.6326 0.4913
vn 0.5987 0.6326 0.4913
vn 0.4918 -0.7715 0.4036
vn 0.6825 0.4696 0.5601
vn 0.3658 -0.8810 0.3002
vn 0.7400 0.2890 0.6073
vn 0.2254 -0.9565 0.1850
vn 0.7693 0.0975 0.6314
vn 0.4913 0.6326 0.5987
vn 0.4036 -0.7715 0.4918
vn 0.5601 0.4696 0.6825
vn 0.3002 -0.8810 0.3658
vn 0.6073 0.2890 0.7400
vn 0.1850 -0.9565 0.2254
vn 0.6314 0.0975 0.7693
vn 0.0625 0.9951 0.0761
vn 0.0625 -0.9951 0.0761
vn 0.6314 -0.0975 0.7693
vn 0.1850 0.9565 0.2254
vn 0.6073 -0.2890 0.7400
vn 0.3002 0.8810 0.3658
vn 0.5601 -0.4696 0.6825
vn 0.4036 0.7715 0.4918
vn 0.4913 -0.6326 0.5987
vn 0.4691 -0.0975 0.8777
vn 0.1374 0.9565 0.2571
vn 0.4513 -0.2890 0.8443
vn 0.2230 0.8810 0.4173
vn 0.4162 -0.4696 0.7786
vn 0.2999 0.7715 0.5611
vn 0.3651 -0.6326 0.6831
vn 0.3651 0.6326 0.6831
vn 0.2999 -0.7715 0.5611
vn 0.4162 0.4696 0.7786
vn 0.2230 -0.8810 0.4173
vn 0.4513 0.2890 0.8443
vn 0.1374 -0.9565 0.2571
vn 0.4691 0.0975 0.8777
vn 0.0464 0.9951 0.0869
vn 0.0464 -0.9951 0.0869
vn 0.1847 -0.7715 0.6088
vn 0.2563 0.4696 0.8448
vn 0.1374 -0.8810 0.4528
vn 0.2779 0.2890 0.9161
vn 0.0846 -0.9565 0.2790
vn 0.2889 0.0975 0.9524
vn 0.0286 0.9951 0.0942
vn 0.0286 -0.9951 0.0942
vn 0.2889 -0.0975 0.9524
vn 0.0846 0.9565 0.2790
vn 0.2779 -0.2890 0.9161
vn 0.1374 0.8810 0.4528
vn 0.2563 -0.4696 0.8448
vn 0.1847 0.7715 0.6088
vn 0.2248 -0.6326 0.7412
vn 0.2248 0.6326 0.7412
vn 0.0938 -0.2890 0.9527
vn 0.0464 0.8810 0.4709
vn 0.0865 -0.4696 0.8786
vn 0.0624 0.7715 0.6332
vn 0.0759 -0.6326 0.7708
vn 0.0759 0.6326 0.7708
vn 0.0624 -0.7715 0.6332
vn 0.0865 0.4696 0.8786
vn 0.0464 -0.8810 0.4709
vn 0.0938 0.2890 0.9527
vn 0.0286 -0.9565 0.2902
vn 0.0975 0.0975 0.9904
vn 0.0097 0.9951 0.0980
vn 0.0097 -0.9951 0.0980
vn 0.0975 -0.0975 0.9904
vn 0.0286 0.9565 0.2902
vn -0.0464 -0.8810 0.4709
vn -0.0938 0.2890 0.9527
vn -0.0286 -0.9565 0.2902
vn -0.0976 0.0975 0.9904
vn -0.0097 0.9951 0.0980
vn -0.0097 -0.9951 0.0980
vn -0.0976 -0.0975 0.9904
vn -0.0286 0.9565 0.2902
vn -0.0938 -0.2890 0.9527
vn -0.0464 0.8810 0.4709
vn -0.0865 -0.4696 0.8786
vn -0.0624 0.7715 0.6332
vn -0.0759 -0.6326 0.7708
vn -0.0759 0.6326 0.7708
vn -0.0624 -0.7715 0.6332
vn -0.0865 0.4696 0.8786
vn -0.1374 0.8810 0.4528
vn -0.2563 -0.4696 0.8448
vn -0.1847 0.7715 0.6088
vn -0.2248 -0.6326 0.7412
vn -0.2248 0.6326 0.7412
vn -0.1847 -0.7715 0.6088
vn -0.2563 0.4696 0.8448
vn -0.1374 -0.8810 0.4528
vn -0.2779 0.2890 0.9161
vn -0.0846 -0.9565 0.2790
vn -0.2889 0.0975 0.9524
vn -0.0286 0.9951 0.0942
vn -0.0286 -0.9951 0.0942
vn -0.2889 -0.0975 0.9524
vn -0.0846 0.9565 0.2790
vn -0.2779 -0.2890 0.9161
vn -0.4513 0.2890 0.8443
vn -0.1374 -0.9565 0.2571
vn -0.4691 0.0975 0.8777
vn -0.0464 0.9951 0.0869
vn -0.0464 -0.9951 0.0869
vn -0.4691 -0.0975 0.8777
vn -0.1374 0.9565 0.2571
vn -0.4513 -0.2890 0.8443
vn -0.2230 0.8810 0.4173
vn -0.4162 -0.4696 0.7786
vn -0.2999 0.7715 0.5611
vn -0.3651 -0.6326 0.6831
vn -0.3651 0.6326 0.6831
vn -0.2999 -0.7715 0.5611
vn -0.4162 0.4696 0.7786
vn -0.2230 -0.8810 0.4173
vn -0.5601 -0.4696 0.6825
vn -0.4036 0.7715 0.4918
vn -0.4913 -0.6326 0.5987
vn -0.4913 0.6326 0.5987
vn -0.4036 -0.7715 0.4918
vn -0.5601 0.4696 0.6825
vn -0.3002 -0.8810 0.3658
vn -0.6073 0.2890 0.7400
vn -0.1850 -0.9565 0.2254
vn -0.6314 0.0975 0.7693
vn -0.0625 0.9951 0.0761
vn -0.0625 -0.9951 0.0761
vn -0.6314 -0.0975 0.7693
vn -0.1850 0.9565 0.2254
vn -0.6073 -0.2890 0.7400
vn -0.3002 0.8810 0.3658
vn -0.2254 -0.9565 0.1850
vn -0.7693 0.0975 0.6314
vn -0.0761 0.9951 0.0625
vn -0.0761 -0.9951 0.0625
vn -0.7693 -0.0975 0.6314
vn -0.2254 0.9565 0.1850
vn -0.7400 -0.2890 0.6073
vn -0.3658 0.8810 0.3002
vn -0.6825 -0.4696 0.5601
vn -0.4918 0.7715 0.4036
vn -0.5987 -0.6326 0.4913
vn -0.5987 0.6326 0.4913
vn -0.4918 -0.7715 0.4036
vn -0.6825 0.4696 0.5601
vn -0.3658 -0.8810 0.3002
vn -0.7400 0.2890 0.6073
vn -0.5611 0.7715 0.2999
vn -0.6831 -0.6326 0.3651
vn -0.6831 0.6326 0.3651
vn -0.5611 -0.7715 0.2999
vn -0.7786 0.4696 0.4162
vn -0.4173 -0.8810 0.2230
vn -0.8443 0.2890 0.4513
vn -0.2571 -0.9565 0.1374
vn -0.8777 0.0975 0.4691
vn -0.0869 0.9951 0.0464
vn -0.0869 -0.9951 0.0464
vn -0.8777 -0.0975 0.4691
vn -0.2571 0.9565 0.1374
vn -0.8443 -0.2890 0.4513
vn -0.4173 0.8810 0.2230
vn -0.7786 -0.4696 0.4162
vn -0.9524 0.0975 0.2889
vn -0.0942 0.9951 0.0286
vn -0.0942 -0.9951 0.0286
vn -0.9524 -0.0975 0.2889
vn -0.2790 0.9565 0.0846
vn -0.9161 -0.2890 0.2779
vn -0.4528 0.8810 0.1374
vn -0.8448 -0.4696 0.2563
vn -0.6088 0.7715 0.1847
vn -0.7412 -0.6326 0.2248
vn -0.7412 0.6326 0.2248
vn -0.6088 -0.7715 0.1847
vn -0.8448 0.4696 0.2563
vn -0.4528 -0.8810 0.1374
vn -0.9161 0.2890 0.2779
vn -0.2790 -0.9565 0.0846
vn -0.7708 -0.6326 0.0759
vn -0.7708 0.6326 0.0759
vn -0.6332 -0.7715 0.0624
vn -0.8786 0.4696 0.0865
vn -0.4709 -0.8810 0.0464
vn -0.9527 0.2890 0.0938
vn -0.2902 -0.9565 0.0286
vn -0.9904 0.0975 0.0975
vn -0.0980 0.9951 0.0097
vn -0.0980 -0.9951 0.0097
vn -0.9904 -0.0975 0.0975
vn -0.2902 0.9565 0.0286
vn -0.9527 -0.2890 0.0938
vn -0.4709 0.8810 0.0464
vn -0.8786 -0.4696 0.0865
vn -0.6332 0.7715 0.0624
vn -0.0980 -0.9951 -0.0097
vn -0.9904 -0.0975 -0.0976
vn -0.2902 0.9565 -0.0286
vn -0.9527 -0.2890 -0.0938
vn -0.4709 0.8810 -0.0464
vn -0.8786 -0.4696 -0.0865
vn -0.6332 0.7715 -0.0624
vn -0.7708 -0.6326 -0.0759
vn -0.7708 0.6326 -0.0759
vn -0.6332 -0.7715 -0.0624
vn -0.8786 0.4696 -0.0865
vn -0.4709 -0.8810 -0.0464
vn -0.9527 0.2890 -0.0938
vn -0.2902 -0.9565 -0.0286
vn -0.9904 0.0975 -0.0976
vn -0.0980 0.9951 -0.0097
vn -0.6088 -0.7715 -0.1847
vn -0.8448 0.4696 -0.2563
vn -0.4528 -0.8810 -0.1374
vn -0.9161 0.2890 -0.2779
vn -0.2790 -0.9565 -0.0846
vn -0.9524 0.0975 -0.2889
vn -0.0942 0.9951 -0.0286
vn -0.0942 -0.9951 -0.0286
vn -0.9524 -0.0975 -0.2889
vn -0.2790 0.9565 -0.0846
vn -0.9161 -0.2890 -0.2779
vn -0.4528 0.8810 -0.1374
vn -0.8448 -0.4696 -0.2563
vn -0.6088 0.7715 -0.1847
vn -0.7412 -0.6326 -0.2248
vn -0.7412 0.6326 -0.2248
vn -0.2571 0.9565 -0.1374
vn -0.8443 -0.2890 -0.4513
vn -0.4173 0.8810 -0.2231
vn -0.7786 -0.4696 -0.4162
vn -0.5611 0.7715 -0.2999
vn -0.6831 -0.6326 -0.3651
vn -0.6831 0.6326 -0.3651
vn -0.5611 -0.7715 -0.2999
vn -0.7786 0.4696 -0.4162
vn -0.4173 -0.8810 -0.2231
vn -0.8443 0.2890 -0.4513
vn -0.2571 -0.9565 -0.1374
vn -0.8777 0.0975 -0.4691
vn -0.0869 0.9951 -0.0464
vn -0.0869 -0.9951 -0.0464
vn -0.8777 -0.0975 -0.4691
vn -0.6825 0.4696 -0.5601
vn -0.3658 -0.8810 -0.3002
vn -0.7400 0.2890 -0.6073
vn -0.2254 -0.9565 -0.1850
vn -0.7693 0.0975 -0.6314
vn -0.0761 0.9951 -0.0625
vn -0.0761 -0.9951 -0.0625
vn -0.7693 -0.0975 -0.6314
vn -0.2254 0.9565 -0.1850
vn -0.7400 -0.2890 -0.6073
vn -0.3658 0.8810 -0.3002
vn -0.6825 -0.4696 -0.5601
vn -0.4918 0.7715 -0.4036
vn -0.5987 -0.6326 -0.4913
vn -0.5987 0.6326 -0.4913
vn -0.4918 -0.7715 -0.4036
vn -0.6073 -0.2890 -0.7400
vn -0.3002 0.8810 -0.3658
vn -0.5601 -0.4696 -0.6825
vn -0.4036 0.7715 -0.4918
vn -0.4913 -0.6326 -0.5987
vn -0.4913 0.6326 -0.5987
vn -0.4036 -0.7715 -0.4918
vn -0.5601 0.4696 -0.6825
vn -0.3002 -0.8810 -0.3658
vn -0.6073 0.2890 -0.7400
vn -0.1850 -0.9565 -0.2254
vn -0.6314 0.0975 -0.7693
vn -0.0625 0.9951 -0.0761
vn -0.0625 -0.9951 -0.0761
vn -0.6314 -0.0975 -0.7693
vn -0.1850 0.9565 -0.2254
vn -0.2230 -0.8810 -0.4173
vn -0.4513 0.2890 -0.8443
vn -0.1374 -0.9565 -0.2571
vn -0.4691 0.0975 -0.8777
vn -0.0464 0.9951 -0.0869
vn -0.0464 -0.9951 -0.0869
vn -0.4691 -0.0975 -0.8777
vn -0.1374 0.9565 -0.2571
vn -0.4513 -0.2890 -0.8443
vn -0.2230 0.8810 -0.4173
vn -0.4162 -0.4696 -0.7786
vn -0.2999 0.7715 -0.5611
vn -0.3651 -0.6326 -0.6831
vn -0.3651 0.6326 -0.6831
vn -0.2999 -0.7715 -0.5611
vn -0.4162 0.4696 -0.7786
vn -0.1374 0.8810 -0.4528
vn -0.2563 -0.4696 -0.8448
vn -0.1847 0.7715 -0.6088
vn -0.2248 -0.6326 -0.7412
vn -0.2248 0.6326 -0.7412
vn -0.1847 -0.7715 -0.6088
vn -0.2563 0.4696 -0.8448
vn -0.1374 -0.8810 -0.4528
vn -0.2779 0.2890 -0.9161
vn -0.0846 -0.9565 -0.2790
vn -0.2889 0.0975 -0.9524
vn -0.0286 0.9951 -0.0942
vn -0.0286 -0.9951 -0.0942
vn -0.2889 -0.0975 -0.9524
vn -0.0846 0.9565 -0.2790
vn -0.2779 -0.2890 -0.9161
vn -0.0938 0.2890 -0.9527
vn -0.0286 -0.9565 -0.2902
vn -0.0976 0.0975 -0.9904
vn -0.0097 0.9951 -0.0980
vn -0.0097 -0.9951 -0.0980
vn -0.0976 -0.0975 -0.9904
vn -0.0286 0.9565 -0.2902
vn -0.0938 -0.2890 -0.9527
vn -0.0464 0.8810 -0.4709
vn -0.0865 -0.4696 -0.8786
vn -0.0624 0.7715 -0.6332
vn -0.0759 -0.6326 -0.7708
vn -0.0759 0.6326 -0.7708
vn -0.0624 -0.7715 -0.6332
vn -0.0865 0.4696 -0.8786
vn -0.0464 -0.8810 -0.4709
vt 0.750000 0.125000
vt 0.750000 0.187500
vt 0.718750 0.187500
vt 0.718750 0.125000
vt 0.750000 0.562500
vt 0.750000 0.625000
vt 0.718750 0.625000
vt 0.718750 0.562500
vt 0.750000 0.062500
vt 0.718750 0.062500
vt 0.750000 0.500000
vt 0.718750 0.500000
vt 0.750000 0.937500
vt 0.734375 1.000000
vt 0.718750 0.937500
vt 0.734375 0.000000
vt 0.750000 0.437500
vt 0.718750 0.437500
vt 0.750000 0.875000
vt 0.718750 0.875000
vt 0.750000 0.375000
vt 0.718750 0.375000
vt 0.750000 0.812500
vt 0.718750 0.812500
vt 0.750000 0.312500
vt 0.718750 0.312500
vt 0.750000 0.750000
vt 0.718750 0.750000
vt 0.750000 0.250000
vt 0.718750 0.250000
vt 0.750000 0.687500
vt 0.718750 0.687500
vt 0.687500 0.250000
vt 0.687500 0.187500
vt 0.687500 0.687500
vt 0.687500 0.625000
vt 0.687500 0.125000
vt 0.687500 0.562500
vt 0.687500 0.062500
vt 0.687500 0.500000
vt 0.703125 1.000000
vt 0.687500 0.937500
vt 0.703125 0.000000
vt 0.687500 0.437500
vt 0.687500 0.875000
vt 0.687500 0.375000
vt 0.687500 0.812500
vt 0.687500 0.312500
vt 0.687500 0.750000
vt 0.656250 0.937500
vt 0.656250 0.875000
vt 0.656250 0.437500
vt 0.656250 0.375000
vt 0.656250 0.812500
vt 0.656250 0.312500
vt 0.656250 0.750000
vt 0.656250 0.250000
vt 0.656250 0.687500
vt 0.656250 0.187500
vt 0.656250 0.625000
vt 0.656250 0.125000
vt 0.656250 0.562500
vt 0.656250 0.062500
vt 0.656250 0.500000
vt 0.671875 1.000000
vt 0.671875 0.000000
vt 0.625000 0.687500
vt 0.625000 0.625000
vt 0.625000 0.187500
vt 0.625000 0.125000
vt 0.625000 0.562500
vt 0.625000 0.062500
vt 0.625000 0.500000
vt 0.640625 1.000000
vt 0.625000 0.937500
vt 0.640625 0.000000
vt 0.625000 0.437500
vt 0.625000 0.875000
vt 0.625000 0.375000
vt 0.625000 0.812500
vt 0.625000 0.312500
vt 0.625000 0.750000
vt 0.625000 0.250000
vt 0.593750 0.437500
vt 0.593750 0.375000
vt 0.593750 0.875000
vt 0.593750 0.812500
vt 0.593750 0.312500
vt 0.593750 0.750000
vt 0.593750 0.250000
vt 0.593750 0.687500
vt 0.593750 0.187500
vt 0.593750 0.625000
vt 0.593750 0.125000
vt 0.593750 0.562500
vt 0.593750 0.062500
vt 0.593750 0.500000
vt 0.609375 1.000000
vt 0.593750 0.937500
vt 0.609375 0.000000
vt 0.562500 0.187500
vt 0.562500 0.125000
vt 0.562500 0.625000
vt 0.562500 0.562500
vt 0.562500 0.062500
vt 0.562500 0.500000
vt 0.578125 1.000000
vt 0.562500 0.937500
vt 0.578125 0.000000
vt 0.562500 0.437500
vt 0.562500 0.875000
vt 0.562500 0.375000
vt 0.562500 0.812500
vt 0.562500 0.312500
vt 0.562500 0.750000
vt 0.562500 0.250000
vt 0.562500 0.687500
vt 0.531250 0.375000
vt 0.531250 0.312500
vt 0.531250 0.812500
vt 0.531250 0.750000
vt 0.531250 0.250000
vt 0.531250 0.687500
vt 0.531250 0.187500
vt 0.531250 0.625000
vt 0.531250 0.125000
vt 0.531250 0.562500
vt 0.531250 0.062500
vt 0.531250 0.500000
vt 0.546875 1.000000
vt 0.531250 0.937500
vt 0.546875 0.000000
vt 0.531250 0.437500
vt 0.531250 0.875000
vt 0.500000 0.125000
vt 0.500000 0.062500
vt 0.500000 0.562500
vt 0.500000 0.500000
vt 0.515625 1.000000
vt 0.500000 0.937500
vt 0.515625 0.000000
vt 0.500000 0.437500
vt 0.500000 0.875000
vt 0.500000 0.375000
vt 0.500000 0.812500
vt 0.500000 0.312500
vt 0.500000 0.750000
vt 0.500000 0.250000
vt 0.500000 0.687500
vt 0.500000 0.187500
vt 0.500000 0.625000
vt 0.468750 0.812500
vt 0.468750 0.750000
vt 0.468750 0.312500
vt 0.468750 0.250000
vt 0.468750 0.687500
vt 0.468750 0.187500
vt 0.468750 0.625000
vt 0.468750 0.125000
vt 0.468750 0.562500
vt 0.468750 0.062500
vt 0.468750 0.500000
vt 0.484375 1.000000
vt 0.468750 0.937500
vt 0.484375 0.000000
vt 0.468750 0.437500
vt 0.468750 0.875000
vt 0.468750 0.375000
vt 0.437500 0.562500
vt 0.437500 0.500000
vt 0.453125 1.000000
vt 0.437500 0.937500
vt 0.453125 0.000000
vt 0.437500 0.062500
vt 0.437500 0.437500
vt 0.437500 0.875000
vt 0.437500 0.375000
vt 0.437500 0.812500
vt 0.437500 0.312500
vt 0.437500 0.750000
vt 0.437500 0.250000
vt 0.437500 0.687500
vt 0.437500 0.187500
vt 0.437500 0.625000
vt 0.437500 0.125000
vt 0.406250 0.312500
vt 0.406250 0.250000
vt 0.406250 0.750000
vt 0.406250 0.687500
vt 0.406250 0.187500
vt 0.406250 0.625000
vt 0.406250 0.125000
vt 0.406250 0.562500
vt 0.406250 0.062500
vt 0.406250 0.500000
vt 0.421875 1.000000
vt 0.406250 0.937500
vt 0.421875 0.000000
vt 0.406250 0.437500
vt 0.406250 0.875000
vt 0.406250 0.375000
vt 0.406250 0.812500
vt 0.390625 1.000000
vt 0.375000 0.937500
vt 0.390625 0.000000
vt 0.375000 0.062500
vt 0.375000 0.500000
vt 0.375000 0.437500
vt 0.375000 0.875000
vt 0.375000 0.375000
vt 0.375000 0.812500
vt 0.375000 0.312500
vt 0.375000 0.750000
vt 0.375000 0.250000
vt 0.375000 0.687500
vt 0.375000 0.187500
vt 0.375000 0.625000
vt 0.375000 0.125000
vt 0.375000 0.562500
vt 0.343750 0.750000
vt 0.343750 0.687500
vt 0.343750 0.250000
vt 0.343750 0.187500
vt 0.343750 0.625000
vt 0.343750 0.125000
vt 0.343750 0.562500
vt 0.343750 0.062500
vt 0.343750 0.500000
vt 0.359375 1.000000
vt 0.343750 0.937500
vt 0.359375 0.000000
vt 0.343750 0.437500
vt 0.343750 0.875000
vt 0.343750 0.375000
vt 0.343750 0.812500
vt 0.343750 0.312500
vt 0.312500 0.500000
vt 0.312500 0.437500
vt 0.312500 0.937500
vt 0.312500 0.875000
vt 0.312500 0.375000
vt 0.312500 0.812500
vt 0.312500 0.312500
vt 0.312500 0.750000
vt 0.312500 0.250000
vt 0.312500 0.687500
vt 0.312500 0.187500
vt 0.312500 0.625000
vt 0.312500 0.125000
vt 0.312500 0.562500
vt 0.312500 0.062500
vt 0.328125 1.000000
vt 0.328125 0.000000
vt 0.281250 0.250000
vt 0.281250 0.187500
vt 0.281250 0.687500
vt 0.281250 0.625000
vt 0.281250 0.125000
vt 0.281250 0.562500
vt 0.281250 0.062500
vt 0.281250 0.500000
vt 0.296875 1.000000
vt 0.281250 0.937500
vt 0.296875 0.000000
vt 0.281250 0.437500
vt 0.281250 0.875000
vt 0.281250 0.375000
vt 0.281250 0.812500
vt 0.281250 0.312500
vt 0.281250 0.750000
vt 0.250000 0.437500
vt 0.250000 0.375000
vt 0.250000 0.875000
vt 0.250000 0.812500
vt 0.250000 0.312500
vt 0.250000 0.750000
vt 0.250000 0.250000
vt 0.250000 0.687500
vt 0.250000 0.187500
vt 0.250000 0.625000
vt 0.250000 0.125000
vt 0.250000 0.562500
vt 0.250000 0.062500
vt 0.250000 0.500000
vt 0.265625 1.000000
vt 0.250000 0.937500
vt 0.265625 0.000000
vt 0.218750 0.187500
vt 0.218750 0.125000
vt 0.218750 0.625000
vt 0.218750 0.562500
vt 0.218750 0.062500
vt 0.218750 0.500000
vt 0.234375 1.000000
vt 0.218750 0.937500
vt 0.234375 0.000000
vt 0.218750 0.437500
vt 0.218750 0.875000
vt 0.218750 0.375000
vt 0.218750 0.812500
vt 0.218750 0.312500
vt 0.218750 0.750000
vt 0.218750 0.250000
vt 0.218750 0.687500
vt 0.187500 0.875000
vt 0.187500 0.812500
vt 0.187500 0.375000
vt 0.187500 0.312500
vt 0.187500 0.750000
vt 0.187500 0.250000
vt 0.187500 0.687500
vt 0.187500 0.187500
vt 0.187500 0.625000
vt 0.187500 0.125000
vt 0.187500 0.562500
vt 0.187500 0.062500
vt 0.187500 0.500000
vt 0.203125 1.000000
vt 0.187500 0.937500
vt 0.203125 0.000000
vt 0.187500 0.437500
vt 0.156250 0.625000
vt 0.156250 0.562500
vt 0.156250 0.125000
vt 0.156250 0.062500
vt 0.156250 0.500000
vt 0.171875 1.000000
vt 0.156250 0.937500
vt 0.171875 0.000000
vt 0.156250 0.437500
vt 0.156250 0.875000
vt 0.156250 0.375000
vt 0.156250 0.812500
vt 0.156250 0.312500
vt 0.156250 0.750000
vt 0.156250 0.250000
vt 0.156250 0.687500
vt 0.156250 0.187500
vt 0.125000 0.375000
vt 0.125000 0.312500
vt 0.125000 0.812500
vt 0.125000 0.750000
vt 0.125000 0.250000
vt 0.125000 0.687500
vt 0.125000 0.187500
vt 0.125000 0.625000
vt 0.125000 0.125000
vt 0.125000 0.562500
vt 0.125000 0.062500
vt 0.125000 0.500000
vt 0.140625 1.000000
vt 0.125000 0.937500
vt 0.140625 0.000000
vt 0.125000 0.437500
vt 0.125000 0.875000
vt 0.093750 0.125000
vt 0.093750 0.062500
vt 0.093750 0.562500
vt 0.093750 0.500000
vt 0.109375 1.000000
vt 0.093750 0.937500
vt 0.109375 0.000000
vt 0.093750 0.437500
vt 0.093750 0.875000
vt 0.093750 0.375000
vt 0.093750 0.812500
vt 0.093750 0.312500
vt 0.093750 0.750000
vt 0.093750 0.250000
vt 0.093750 0.687500
vt 0.093750 0.187500
vt 0.093750 0.625000
vt 0.062500 0.812500
vt 0.062500 0.750000
vt 0.062500 0.312500
vt 0.062500 0.250000
vt 0.062500 0.687500
vt 0.062500 0.187500
vt 0.062500 0.625000
vt 0.062500 0.125000
vt 0.062500 0.562500
vt 0.062500 0.062500
vt 0.062500 0.500000
vt 0.078125 1.000000
vt 0.062500 0.937500
vt 0.078125 0.000000
vt 0.062500 0.437500
vt 0.062500 0.875000
vt 0.062500 0.375000
vt 0.031250 0.562500
vt 0.031250 0.500000
vt 0.046875 1.000000
vt 0.031250 0.937500
vt 0.046875 0.000000
vt 0.031250 0.062500
vt 0.031250 0.437500
vt 0.031250 0.875000
vt 0.031250 0.375000
vt 0.031250 0.812500
vt 0.031250 0.312500
vt 0.031250 0.750000
vt 0.031250 0.250000
vt 0.031250 0.687500
vt 0.031250 0.187500
vt 0.031250 0.625000
vt 0.031250 0.125000
vt 0.000000 0.312500
vt 0.000000 0.250000
vt 0.000000 0.750000
vt 0.000000 0.687500
vt 0.000000 0.187500
vt 0.000000 0.625000
vt 0.000000 0.125000
vt 0.000000 0.562500
vt 0.000000 0.062500
vt 0.000000 0.500000
vt 0.015625 1.000000
vt 0.000000 0.937500
vt 0.015625 0.000000
vt 0.000000 0.437500
vt 0.000000 0.875000
vt 0.000000 0.375000
vt 0.000000 0.812500
vt 0.984375 0.000000
vt 1.000000 0.062500
vt 0.968750 0.062500
vt 1.000000 0.437500
vt 1.000000 0.500000
vt 0.968750 0.500000
vt 0.968750 0.437500
vt 1.000000 0.875000
vt 1.000000 0.937500
vt 0.968750 0.937500
vt 0.968750 0.875000
vt 1.000000 0.375000
vt 0.968750 0.375000
vt 1.000000 0.812500
vt 0.968750 0.812500
vt 1.000000 0.312500
vt 0.968750 0.312500
vt 1.000000 0.750000
vt 0.968750 0.750000
vt 1.000000 0.250000
vt 0.968750 0.250000
vt 1.000000 0.687500
vt 0.968750 0.687500
vt 1.000000 0.187500
vt 0.968750 0.187500
vt 1.000000 0.625000
vt 0.968750 0.625000
vt 1.000000 0.125000
vt 0.968750 0.125000
vt 1.000000 0.562500
vt 0.968750 0.562500
vt 0.984375 1.000000
vt 0.937500 0.250000
vt 0.937500 0.187500
vt 0.937500 0.687500
vt 0.937500 0.625000
vt 0.937500 0.125000
vt 0.937500 0.562500
vt 0.937500 0.062500
vt 0.937500 0.500000
vt 0.953125 1.000000
vt 0.937500 0.937500
vt 0.953125 0.000000
vt 0.937500 0.437500
vt 0.937500 0.875000
vt 0.937500 0.375000
vt 0.937500 0.812500
vt 0.937500 0.312500
vt 0.937500 0.750000
vt 0.906250 0.937500
vt 0.906250 0.875000
vt 0.906250 0.437500
vt 0.906250 0.375000
vt 0.906250 0.812500
vt 0.906250 0.312500
vt 0.906250 0.750000
vt 0.906250 0.250000
vt 0.906250 0.687500
vt 0.906250 0.187500
vt 0.906250 0.625000
vt 0.906250 0.125000
vt 0.906250 0.562500
vt 0.906250 0.062500
vt 0.906250 0.500000
vt 0.921875 1.000000
vt 0.921875 0.000000
vt 0.875000 0.687500
vt 0.875000 0.625000
vt 0.875000 0.187500
vt 0.875000 0.125000
vt 0.875000 0.562500
vt 0.875000 0.062500
vt 0.875000 0.500000
vt 0.890625 1.000000
vt 0.875000 0.937500
vt 0.890625 0.000000
vt 0.875000 0.437500
vt 0.875000 0.875000
vt 0.875000 0.375000
vt 0.875000 0.812500
vt 0.875000 0.312500
vt 0.875000 0.750000
vt 0.875000 0.250000
vt 0.843750 0.437500
vt 0.843750 0.375000
vt 0.843750 0.875000
vt 0.843750 0.812500
vt 0.843750 0.312500
vt 0.843750 0.750000
vt 0.843750 0.250000
vt 0.843750 0.687500
vt 0.843750 0.187500
vt 0.843750 0.625000
vt 0.843750 0.125000
vt 0.843750 0.562500
vt 0.843750 0.062500
vt 0.843750 0.500000
vt 0.859375 1.000000
vt 0.843750 0.937500
vt 0.859375 0.000000
vt 0.812500 0.187500
vt 0.812500 0.125000
vt 0.812500 0.625000
vt 0.812500 0.562500
vt 0.812500 0.062500
vt 0.812500 0.500000
vt 0.828125 1.000000
vt 0.812500 0.937500
vt 0.828125 0.000000
vt 0.812500 0.437500
vt 0.812500 0.875000
vt 0.812500 0.375000
vt 0.812500 0.812500
vt 0.812500 0.312500
vt 0.812500 0.750000
vt 0.812500 0.250000
vt 0.812500 0.687500
vt 0.781250 0.875000
vt 0.781250 0.812500
vt 0.781250 0.375000
vt 0.781250 0.312500
vt 0.781250 0.750000
vt 0.781250 0.250000
vt 0.781250 0.687500
vt 0.781250 0.187500
vt 0.781250 0.625000
vt 0.781250 0.125000
vt 0.781250 0.562500
vt 0.781250 0.062500
vt 0.781250 0.500000
vt 0.796875 1.000000
vt 0.781250 0.937500
vt 0.796875 0.000000
vt 0.781250 0.437500
vt 0.765625 1.000000
vt 0.765625 0.000000
s 0
f 1456/388/627 1455/389/627 994/390/627 995/391/627
f 978/392/628 1452/393/628 987/394/628 988/395/628
f 1457/396/629 1456/388/629 995/391/629 996/397/629
f 979/398/630 978/392/630 988/395/630 989/399/630
f 1449/400/631 1057/401/631 982/402/631
f 1283/403/632 1457/396/632 996/397/632
f 980/404/633 979/398/633 989/399/633 990/405/633
f 1450/406/634 1449/400/634 982/402/634 983/407/634
f 1453/408/635 980/404/635 990/405/635 991/409/635
f 976/410/636 1450/406/636 983/407/636 984/411/636
f 981/412/637 1453/408/637 991/409/637 992/413/637
f 1451/414/638 976/410/638 984/411/638 985/415/638
f 1454/416/639 981/412/639 992/413/639 993/417/639
f 977/418/640 1451/414/640 985/415/640 986/419/640
f 1455/389/641 1454/416/641 993/417/641 994/390/641
f 1452/393/642 977/418/642 986/419/642 987/394/642
f 994/390/643 993/417/643 1008/420/643 1009/421/643
f 987/394/644 986/419/644 1001/422/644 1002/423/644
f 995/391/645 994/390/645 1009/421/645 1010/424/645
f 988/395/646 987/394/646 1002/423/646 1003/425/646
f 996/397/647 995/391/647 1010/424/647 1011/426/647
f 989/399/648 988/395/648 1003/425/648 1004/427/648
f 982/402/649 1057/428/649 997/429/649
f 1283/430/650 996/397/650 1011/426/650
f 990/405/651 989/399/651 1004/427/651 1005/431/651
f 983/407/652 982/402/652 997/429/652 998/432/652
f 991/409/653 990/405/653 1005/431/653 1006/433/653
f 984/411/654 983/407/654 998/432/654 999/434/654
f 992/413/655 991/409/655 1006/433/655 1007/435/655
f 985/415/656 984/411/656 999/434/656 1000/436/656
f 993/417/657 992/413/657 1007/435/657 1008/420/657
f 986/419/658 985/415/658 1000/436/658 1001/422/658
f 998/432/659 997/429/659 1012/437/659 1013/438/659
f 1006/433/660 1005/431/660 1020/439/660 1021/440/660
f 999/434/661 998/432/661 1013/438/661 1014/441/661
f 1007/435/662 1006/433/662 1021/440/662 1022/442/662
f 1000/436/663 999/434/663 1014/441/663 1015/443/663
f 1008/420/664 1007/435/664 1022/442/664 1023/444/664
f 1001/422/665 1000/436/665 1015/443/665 1016/445/665
f 1009/421/666 1008/420/666 1023/444/666 1024/446/666
f 1002/423/667 1001/422/667 1016/445/667 1017/447/667
f 1010/424/668 1009/421/668 1024/446/668 1025/448/668
f 1003/425/669 1002/423/669 1017/447/669 1018/449/669
f 1011/426/670 1010/424/670 1025/448/670 1026/450/670
f 1004/427/671 1003/425/671 1018/449/671 1019/451/671
f 997/429/672 1057/452/672 1012/437/672
f 1283/453/673 1011/426/673 1026/450/673
f 1005/431/674 1004/427/674 1019/451/674 1020/439/674
f 1017/447/675 1016/445/675 1031/454/675 1032/455/675
f 1025/448/676 1024/446/676 1039/456/676 1040/457/676
f 1018/449/677 1017/447/677 1032/455/677 1033/458/677
f 1026/450/678 1025/448/678 1040/457/678 1041/459/678
f 1019/451/679 1018/449/679 1033/458/679 1034/460/679
f 1012/437/680 1057/461/680 1027/462/680
f 1283/463/681 1026/450/681 1041/459/681
f 1020/439/682 1019/451/682 1034/460/682 1035/464/682
f 1013/438/683 1012/437/683 1027/462/683 1028/465/683
f 1021/440/684 1020/439/684 1035/464/684 1036/466/684
f 1014/441/685 1013/438/685 1028/465/685 1029/467/685
f 1022/442/686 1021/440/686 1036/466/686 1037/468/686
f 1015/443/687 1014/441/687 1029/467/687 1030/469/687
f 1023/444/688 1022/442/688 1037/468/688 1038/470/688
f 1016/445/689 1015/443/689 1030/469/689 1031/454/689
f 1024/446/690 1023/444/690 1038/470/690 1039/456/690
f 1036/466/691 1035/464/691 1050/471/691 1051/472/691
f 1029/467/692 1028/465/692 1043/473/692 1044/474/692
f 1037/468/693 1036/466/693 1051/472/693 1052/475/693
f 1030/469/694 1029/467/694 1044/474/694 1045/476/694
f 1038/470/695 1037/468/695 1052/475/695 1053/477/695
f 1031/454/696 1030/469/696 1045/476/696 1046/478/696
f 1039/456/697 1038/470/697 1053/477/697 1054/479/697
f 1032/455/698 1031/454/698 1046/478/698 1047/480/698
f 1040/457/699 1039/456/699 1054/479/699 1055/481/699
f 1033/458/700 1032/455/700 1047/480/700 1048/482/700
f 1041/459/701 1040/457/701 1055/481/701 1056/483/701
f 1034/460/702 1033/458/702 1048/482/702 1049/484/702
f 1027/462/703 1057/485/703 1042/486/703
f 1283/487/704 1041/459/704 1056/483/704
f 1035/464/705 1034/460/705 1049/484/705 1050/471/705
f 1028/465/706 1027/462/706 1042/486/706 1043/473/706
f 1055/481/707 1054/479/707 1070/488/707 1071/489/707
f 1048/482/708 1047/480/708 1063/490/708 1064/491/708
f 1056/483/709 1055/481/709 1071/489/709 1072/492/709
f 1049/484/710 1048/482/710 1064/491/710 1065/493/710
f 1042/486/711 1057/494/711 1058/495/711
f 1283/496/712 1056/483/712 1072/492/712
f 1050/471/713 1049/484/713 1065/493/713 1066/497/713
f 1043/473/714 1042/486/714 1058/495/714 1059/498/714
f 1051/472/715 1050/471/715 1066/497/715 1067/499/715
f 1044/474/716 1043/473/716 1059/498/716 1060/500/716
f 1052/475/717 1051/472/717 1067/499/717 1068/501/717
f 1045/476/718 1044/474/718 1060/500/718 1061/502/718
f 1053/477/719 1052/475/719 1068/501/719 1069/503/719
f 1046/478/720 1045/476/720 1061/502/720 1062/504/720
f 1054/479/721 1053/477/721 1069/503/721 1070/488/721
f 1047/480/722 1046/478/722 1062/504/722 1063/490/722
f 1068/501/723 1067/499/723 1082/505/723 1083/506/723
f 1061/502/724 1060/500/724 1075/507/724 1076/508/724
f 1069/503/725 1068/501/725 1083/506/725 1084/509/725
f 1062/504/726 1061/502/726 1076/508/726 1077/510/726
f 1070/488/727 1069/503/727 1084/509/727 1085/511/727
f 1063/490/728 1062/504/728 1077/510/728 1078/512/728
f 1071/489/729 1070/488/729 1085/511/729 1086/513/729
f 1064/491/730 1063/490/730 1078/512/730 1079/514/730
f 1072/492/731 1071/489/731 1086/513/731 1087/515/731
f 1065/493/732 1064/491/732 1079/514/732 1080/516/732
f 1058/495/733 1057/517/733 1073/518/733
f 1283/519/734 1072/492/734 1087/515/734
f 1066/497/735 1065/493/735 1080/516/735 1081/520/735
f 1059/498/736 1058/495/736 1073/518/736 1074/521/736
f 1067/499/737 1066/497/737 1081/520/737 1082/505/737
f 1060/500/738 1059/498/738 1074/521/738 1075/507/738
f 1087/515/739 1086/513/739 1101/522/739 1102/523/739
f 1080/516/740 1079/514/740 1094/524/740 1095/525/740
f 1073/518/741 1057/526/741 1088/527/741
f 1283/528/742 1087/515/742 1102/523/742
f 1081/520/743 1080/516/743 1095/525/743 1096/529/743
f 1074/521/744 1073/518/744 1088/527/744 1089/530/744
f 1082/505/745 1081/520/745 1096/529/745 1097/531/745
f 1075/507/746 1074/521/746 1089/530/746 1090/532/746
f 1083/506/747 1082/505/747 1097/531/747 1098/533/747
f 1076/508/748 1075/507/748 1090/532/748 1091/534/748
f 1084/509/749 1083/506/749 1098/533/749 1099/535/749
f 1077/510/750 1076/508/750 1091/534/750 1092/536/750
f 1085/511/751 1084/509/751 1099/535/751 1100/537/751
f 1078/512/752 1077/510/752 1092/536/752 1093/538/752
f 1086/513/753 1085/511/753 1100/537/753 1101/522/753
f 1079/514/754 1078/512/754 1093/538/754 1094/524/754
f 1091/534/755 1090/532/755 1105/539/755 1106/540/755
f 1099/535/756 1098/533/756 1113/541/756 1114/542/756
f 1092/536/757 1091/534/757 1106/540/757 1107/543/757
f 1100/537/758 1099/535/758 1114/542/758 1115/544/758
f 1093/538/759 1092/536/759 1107/543/759 1108/545/759
f 1101/522/760 1100/537/760 1115/544/760 1116/546/760
f 1094/524/761 1093/538/761 1108/545/761 1109/547/761
f 1102/523/762 1101/522/762 1116/546/762 1117/548/762
f 1095/525/763 1094/524/763 1109/547/763 1110/549/763
f 1088/527/764 1057/550/764 1103/551/764
f 1283/552/765 1102/523/765 1117/548/765
f 1096/529/766 1095/525/766 1110/549/766 1111/553/766
f 1089/530/767 1088/527/767 1103/551/767 1104/554/767
f 1097/531/768 1096/529/768 1111/553/768 1112/555/768
f 1090/532/769 1089/530/769 1104/554/769 1105/539/769
f 1098/533/770 1097/531/770 1112/555/770 1113/541/770
f 1110/549/771 1109/547/771 1124/556/771 1125/557/771
f 1103/551/772 1057/558/772 1118/559/772
f 1283/560/773 1117/548/773 1132/561/773
f 1111/553/774 1110/549/774 1125/557/774 1126/562/774
f 1104/554/775 1103/551/775 1118/559/775 1119/563/775
f 1112/555/776 1111/553/776 1126/562/776 1127/564/776
f 1105/539/777 1104/554/777 1119/563/777 1120/565/777
f 1113/541/778 1112/555/778 1127/564/778 1128/566/778
f 1106/540/779 1105/539/779 1120/565/779 1121/567/779
f 1114/542/780 1113/541/780 1128/566/780 1129/568/780
f 1107/543/781 1106/540/781 1121/567/781 1122/569/781
f 1115/544/782 1114/542/782 1129/568/782 1130/570/782
f 1108/545/783 1107/543/783 1122/569/783 1123/571/783
f 1116/546/784 1115/544/784 1130/570/784 1131/572/784
f 1109/547/785 1108/545/785 1123/571/785 1124/556/785
f 1117/548/786 1116/546/786 1131/572/786 1132/561/786
f 1129/568/787 1128/566/787 1143/573/787 1144/574/787
f 1122/569/788 1121/567/788 1136/575/788 1137/576/788
f 1130/570/789 1129/568/789 1144/574/789 1145/577/789
f 1123/571/790 1122/569/790 1137/576/790 1138/578/790
f 1131/572/791 1130/570/791 1145/577/791 1146/579/791
f 1124/556/792 1123/571/792 1138/578/792 1139/580/792
f 1132/561/793 1131/572/793 1146/579/793 1147/581/793
f 1125/557/794 1124/556/794 1139/580/794 1140/582/794
f 1118/559/795 1057/583/795 1133/584/795
f 1283/585/796 1132/561/796 1147/581/796
f 1126/562/797 1125/557/797 1140/582/797 1141/586/797
f 1119/563/798 1118/559/798 1133/584/798 1134/587/798
f 1127/564/799 1126/562/799 1141/586/799 1142/588/799
f 1120/565/800 1119/563/800 1134/587/800 1135/589/800
f 1128/566/801 1127/564/801 1142/588/801 1143/573/801
f 1121/567/802 1120/565/802 1135/589/802 1136/575/802
f 1133/584/803 1057/590/803 1148/591/803
f 1283/592/804 1147/581/804 1162/593/804
f 1141/586/805 1140/582/805 1155/594/805 1156/595/805
f 1134/587/806 1133/584/806 1148/591/806 1149/596/806
f 1142/588/807 1141/586/807 1156/595/807 1157/597/807
f 1135/589/808 1134/587/808 1149/596/808 1150/598/808
f 1143/573/809 1142/588/809 1157/597/809 1158/599/809
f 1136/575/810 1135/589/810 1150/598/810 1151/600/810
f 1144/574/811 1143/573/811 1158/599/811 1159/601/811
f 1137/576/812 1136/575/812 1151/600/812 1152/602/812
f 1145/577/813 1144/574/813 1159/601/813 1160/603/813
f 1138/578/814 1137/576/814 1152/602/814 1153/604/814
f 1146/579/815 1145/577/815 1160/603/815 1161/605/815
f 1139/580/816 1138/578/816 1153/604/816 1154/606/816
f 1147/581/817 1146/579/817 1161/605/817 1162/593/817
f 1140/582/818 1139/580/818 1154/606/818 1155/594/818
f 1152/602/819 1151/600/819 1166/607/819 1167/608/819
f 1160/603/820 1159/601/820 1174/609/820 1175/610/820
f 1153/604/821 1152/602/821 1167/608/821 1168/611/821
f 1161/605/822 1160/603/822 1175/610/822 1176/612/822
f 1154/606/823 1153/604/823 1168/611/823 1169/613/823
f 1162/593/824 1161/605/824 1176/612/824 1177/614/824
f 1155/594/825 1154/606/825 1169/613/825 1170/615/825
f 1148/591/826 1057/616/826 1163/617/826
f 1283/618/827 1162/593/827 1177/614/827
f 1156/595/828 1155/594/828 1170/615/828 1171/619/828
f 1149/596/829 1148/591/829 1163/617/829 1164/620/829
f 1157/597/830 1156/595/830 1171/619/830 1172/621/830
f 1150/598/831 1149/596/831 1164/620/831 1165/622/831
f 1158/599/832 1157/597/832 1172/621/832 1173/623/832
f 1151/600/833 1150/598/833 1165/622/833 1166/607/833
f 1159/601/834 1158/599/834 1173/623/834 1174/609/834
f 1171/619/835 1170/615/835 1185/624/835 1186/625/835
f 1164/620/836 1163/617/836 1178/626/836 1179/627/836
f 1172/621/837 1171/619/837 1186/625/837 1187/628/837
f 1165/622/838 1164/620/838 1179/627/838 1180/629/838
f 1173/623/839 1172/621/839 1187/628/839 1188/630/839
f 1166/607/840 1165/622/840 1180/629/840 1181/631/840
f 1174/609/841 1173/623/841 1188/630/841 1189/632/841
f 1167/608/842 1166/607/842 1181/631/842 1182/633/842
f 1175/610/843 1174/609/843 1189/632/843 1190/634/843
f 1168/611/844 1167/608/844 1182/633/844 1183/635/844
f 1176/612/845 1175/610/845 1190/634/845 1191/636/845
f 1169/613/846 1168/611/846 1183/635/846 1184/637/846
f 1177/614/847 1176/612/847 1191/636/847 1192/638/847
f 1170/615/848 1169/613/848 1184/637/848 1185/624/848
f 1163/617/849 1057/639/849 1178/626/849
f 1283/640/850 1177/614/850 1192/638/850
f 1190/634/851 1189/632/851 1204/641/851 1205/642/851
f 1183/635/852 1182/633/852 1197/643/852 1198/644/852
f 1191/636/853 1190/634/853 1205/642/853 1206/645/853
f 1184/637/854 1183/635/854 1198/644/854 1199/646/854
f 1192/638/855 1191/636/855 1206/645/855 1207/647/855
f 1185/624/856 1184/637/856 1199/646/856 1200/648/856
f 1178/626/857 1057/649/857 1193/650/857
f 1283/651/858 1192/638/858 1207/647/858
f 1186/625/859 1185/624/859 1200/648/859 1201/652/859
f 1179/627/860 1178/626/860 1193/650/860 1194/653/860
f 1187/628/861 1186/625/861 1201/652/861 1202/654/861
f 1180/629/862 1179/627/862 1194/653/862 1195/655/862
f 1188/630/863 1187/628/863 1202/654/863 1203/656/863
f 1181/631/864 1180/629/864 1195/655/864 1196/657/864
f 1189/632/865 1188/630/865 1203/656/865 1204/641/865
f 1182/633/866 1181/631/866 1196/657/866 1197/643/866
f 1202/654/867 1201/652/867 1216/658/867 1217/659/867
f 1195/655/868 1194/653/868 1209/660/868 1210/661/868
f 1203/656/869 1202/654/869 1217/659/869 1218/662/869
f 1196/657/870 1195/655/870 1210/661/870 1211/663/870
f 1204/641/871 1203/656/871 1218/662/871 1219/664/871
f 1197/643/872 1196/657/872 1211/663/872 1212/665/872
f 1205/642/873 1204/641/873 1219/664/873 1220/666/873
f 1198/644/874 1197/643/874 1212/665/874 1213/667/874
f 1206/645/875 1205/642/875 1220/666/875 1221/668/875
f 1199/646/876 1198/644/876 1213/667/876 1214/669/876
f 1207/647/877 1206/645/877 1221/668/877 1222/670/877
f 1200/648/878 1199/646/878 1214/669/878 1215/671/878
f 1193/650/879 1057/672/879 1208/673/879
f 1283/674/880 1207/647/880 1222/670/880
f 1201/652/881 1200/648/881 1215/671/881 1216/658/881
f 1194/653/882 1193/650/882 1208/673/882 1209/660/882
f 1221/668/883 1220/666/883 1235/675/883 1236/676/883
f 1214/669/884 1213/667/884 1228/677/884 1229/678/884
f 1222/670/885 1221/668/885 1236/676/885 1237/679/885
f 1215/671/886 1214/669/886 1229/678/886 1230/680/886
f 1208/673/887 1057/681/887 1223/682/887
f 1283/683/888 1222/670/888 1237/679/888
f 1216/658/889 1215/671/889 1230/680/889 1231/684/889
f 1209/660/890 1208/673/890 1223/682/890 1224/685/890
f 1217/659/891 1216/658/891 1231/684/891 1232/686/891
f 1210/661/892 1209/660/892 1224/685/892 1225/687/892
f 1218/662/893 1217/659/893 1232/686/893 1233/688/893
f 1211/663/894 1210/661/894 1225/687/894 1226/689/894
f 1219/664/895 1218/662/895 1233/688/895 1234/690/895
f 1212/665/896 1211/663/896 1226/689/896 1227/691/896
f 1220/666/897 1219/664/897 1234/690/897 1235/675/897
f 1213/667/898 1212/665/898 1227/691/898 1228/677/898
f 1225/687/899 1224/685/899 1239/692/899 1240/693/899
f 1233/688/900 1232/686/900 1247/694/900 1248/695/900
f 1226/689/901 1225/687/901 1240/693/901 1241/696/901
f 1234/690/902 1233/688/902 1248/695/902 1249/697/902
f 1227/691/903 1226/689/903 1241/696/903 1242/698/903
f 1235/675/904 1234/690/904 1249/697/904 1250/699/904
f 1228/677/905 1227/691/905 1242/698/905 1243/700/905
f 1236/676/906 1235/675/906 1250/699/906 1251/701/906
f 1229/678/907 1228/677/907 1243/700/907 1244/702/907
f 1237/679/908 1236/676/908 1251/701/908 1252/703/908
f 1230/680/909 1229/678/909 1244/702/909 1245/704/909
f 1223/682/910 1057/705/910 1238/706/910
f 1283/707/911 1237/679/911 1252/703/911
f 1231/684/912 1230/680/912 1245/704/912 1246/708/912
f 1224/685/913 1223/682/913 1238/706/913 1239/692/913
f 1232/686/914 1231/684/914 1246/708/914 1247/694/914
f 1244/702/915 1243/700/915 1258/709/915 1259/710/915
f 1252/703/916 1251/701/916 1266/711/916 1267/712/916
f 1245/704/917 1244/702/917 1259/710/917 1260/713/917
f 1238/706/918 1057/714/918 1253/715/918
f 1283/716/919 1252/703/919 1267/712/919
f 1246/708/920 1245/704/920 1260/713/920 1261/717/920
f 1239/692/921 1238/706/921 1253/715/921 1254/718/921
f 1247/694/922 1246/708/922 1261/717/922 1262/719/922
f 1240/693/923 1239/692/923 1254/718/923 1255/720/923
f 1248/695/924 1247/694/924 1262/719/924 1263/721/924
f 1241/696/925 1240/693/925 1255/720/925 1256/722/925
f 1249/697/926 1248/695/926 1263/721/926 1264/723/926
f 1242/698/927 1241/696/927 1256/722/927 1257/724/927
f 1250/699/928 1249/697/928 1264/723/928 1265/725/928
f 1243/700/929 1242/698/929 1257/724/929 1258/709/929
f 1251/701/930 1250/699/930 1265/725/930 1266/711/930
f 1263/721/931 1262/719/931 1277/726/931 1278/727/931
f 1256/722/932 1255/720/932 1270/728/932 1271/729/932
f 1264/723/933 1263/721/933 1278/727/933 1279/730/933
f 1257/724/934 1256/722/934 1271/729/934 1272/731/934
f 1265/725/935 1264/723/935 1279/730/935 1280/732/935
f 1258/709/936 1257/724/936 1272/731/936 1273/733/936
f 1266/711/937 1265/725/937 1280/732/937 1281/734/937
f 1259/710/938 1258/709/938 1273/733/938 1274/735/938
f 1267/712/939 1266/711/939 1281/734/939 1282/736/939
f 1260/713/940 1259/710/940 1274/735/940 1275/737/940
f 1253/715/941 1057/738/941 1268/739/941
f 1283/740/942 1267/712/942 1282/736/942
f 1261/717/943 1260/713/943 1275/737/943 1276/741/943
f 1254/718/944 1253/715/944 1268/739/944 1269/742/944
f 1262/719/945 1261/717/945 1276/741/945 1277/726/945
f 1255/720/946 1254/718/946 1269/742/946 1270/728/946
f 1282/736/947 1281/734/947 1297/743/947 1298/744/947
f 1275/737/948 1274/735/948 1290/745/948 1291/746/948
f 1268/739/949 1057/747/949 1284/748/949
f 1283/749/950 1282/736/950 1298/744/950
f 1276/741/951 1275/737/951 1291/746/951 1292/750/951
f 1269/742/952 1268/739/952 1284/748/952 1285/751/952
f 1277/726/953 1276/741/953 1292/750/953 1293/752/953
f 1270/728/954 1269/742/954 1285/751/954 1286/753/954
f 1278/727/955 1277/726/955 1293/752/955 1294/754/955
f 1271/729/956 1270/728/956 1286/753/956 1287/755/956
f 1279/730/957 1278/727/957 1294/754/957 1295/756/957
f 1272/731/958 1271/729/958 1287/755/958 1288/757/958
f 1280/732/959 1279/730/959 1295/756/959 1296/758/959
f 1273/733/960 1272/731/960 1288/757/960 1289/759/960
f 1281/734/961 1280/732/961 1296/758/961 1297/743/961
f 1274/735/962 1273/733/962 1289/759/962 1290/745/962
f 1287/755/963 1286/753/963 1301/760/963 1302/761/963
f 1295/756/964 1294/754/964 1309/762/964 1310/763/964
f 1288/757/965 1287/755/965 1302/761/965 1303/764/965
f 1296/758/966 1295/756/966 1310/763/966 1311/765/966
f 1289/759/967 1288/757/967 1303/764/967 1304/766/967
f 1297/743/968 1296/758/968 1311/765/968 1312/767/968
f 1290/745/969 1289/759/969 1304/766/969 1305/768/969
f 1298/744/970 1297/743/970 1312/767/970 1313/769/970
f 1291/746/971 1290/745/971 1305/768/971 1306/770/971
f 1284/748/972 1057/771/972 1299/772/972
f 1283/773/973 1298/744/973 1313/769/973
f 1292/750/974 1291/746/974 1306/770/974 1307/774/974
f 1285/751/975 1284/748/975 1299/772/975 1300/775/975
f 1293/752/976 1292/750/976 1307/774/976 1308/776/976
f 1286/753/977 1285/751/977 1300/775/977 1301/760/977
f 1294/754/978 1293/752/978 1308/776/978 1309/762/978
f 1306/770/979 1305/768/979 1320/777/979 1321/778/979
f 1299/772/980 1057/779/980 1314/780/980
f 1283/781/981 1313/769/981 1328/782/981
f 1307/774/982 1306/770/982 1321/778/982 1322/783/982
f 1300/775/983 1299/772/983 1314/780/983 1315/784/983
f 1308/776/984 1307/774/984 1322/783/984 1323/785/984
f 1301/760/985 1300/775/985 1315/784/985 1316/786/985
f 1309/762/986 1308/776/986 1323/785/986 1324/787/986
f 1302/761/987 1301/760/987 1316/786/987 1317/788/987
f 1310/763/988 1309/762/988 1324/787/988 1325/789/988
f 1303/764/989 1302/761/989 1317/788/989 1318/790/989
f 1311/765/990 1310/763/990 1325/789/990 1326/791/990
f 1304/766/991 1303/764/991 1318/790/991 1319/792/991
f 1312/767/992 1311/765/992 1326/791/992 1327/793/992
f 1305/768/993 1304/766/993 1319/792/993 1320/777/993
f 1313/769/994 1312/767/994 1327/793/994 1328/782/994
f 1325/789/995 1324/787/995 1339/794/995 1340/795/995
f 1318/790/996 1317/788/996 1332/796/996 1333/797/996
f 1326/791/997 1325/789/997 1340/795/997 1341/798/997
f 1319/792/998 1318/790/998 1333/797/998 1334/799/998
f 1327/793/999 1326/791/999 1341/798/999 1342/800/999
f 1320/777/1000 1319/792/1000 1334/799/1000 1335/801/1000
f 1328/782/1001 1327/793/1001 1342/800/1001 1343/802/1001
f 1321/778/1002 1320/777/1002 1335/801/1002 1336/803/1002
f 1314/780/1003 1057/804/1003 1329/805/1003
f 1283/806/1004 1328/782/1004 1343/802/1004
f 1322/783/1005 1321/778/1005 1336/803/1005 1337/807/1005
f 1315/784/1006 1314/780/1006 1329/805/1006 1330/808/1006
f 1323/785/1007 1322/783/1007 1337/807/1007 1338/809/1007
f 1316/786/1008 1315/784/1008 1330/808/1008 1331/810/1008
f 1324/787/1009 1323/785/1009 1338/809/1009 1339/794/1009
f 1317/788/1010 1316/786/1010 1331/810/1010 1332/796/1010
f 1283/811/1011 1343/812/1011 1358/813/1011
f 1337/814/1012 1336/815/1012 1351/816/1012 1352/817/1012
f 1330/818/1013 1329/819/1013 1344/820/1013 1345/821/1013
f 1338/822/1014 1337/814/1014 1352/817/1014 1353/823/1014
f 1331/824/1015 1330/818/1015 1345/821/1015 1346/825/1015
f 1339/826/1016 1338/822/1016 1353/823/1016 1354/827/1016
f 1332/828/1017 1331/824/1017 1346/825/1017 1347/829/1017
f 1340/830/1018 1339/826/1018 1354/827/1018 1355/831/1018
f 1333/832/1019 1332/828/1019 1347/829/1019 1348/833/1019
f 1341/834/1020 1340/830/1020 1355/831/1020 1356/835/1020
f 1334/836/1021 1333/832/1021 1348/833/1021 1349/837/1021
f 1342/838/1022 1341/834/1022 1356/835/1022 1357/839/1022
f 1335/840/1023 1334/836/1023 1349/837/1023 1350/841/1023
f 1343/812/1024 1342/838/1024 1357/839/1024 1358/813/1024
f 1336/815/1025 1335/840/1025 1350/841/1025 1351/816/1025
f 1329/819/1026 1057/842/1026 1344/820/1026
f 1356/835/1027 1355/831/1027 1370/843/1027 1371/844/1027
f 1349/837/1028 1348/833/1028 1363/845/1028 1364/846/1028
f 1357/839/1029 1356/835/1029 1371/844/1029 1372/847/1029
f 1350/841/1030 1349/837/1030 1364/846/1030 1365/848/1030
f 1358/813/1031 1357/839/1031 1372/847/1031 1373/849/1031
f 1351/816/1032 1350/841/1032 1365/848/1032 1366/850/1032
f 1344/820/1033 1057/851/1033 1359/852/1033
f 1283/853/1034 1358/813/1034 1373/849/1034
f 1352/817/1035 1351/816/1035 1366/850/1035 1367/854/1035
f 1345/821/1036 1344/820/1036 1359/852/1036 1360/855/1036
f 1353/823/1037 1352/817/1037 1367/854/1037 1368/856/1037
f 1346/825/1038 1345/821/1038 1360/855/1038 1361/857/1038
f 1354/827/1039 1353/823/1039 1368/856/1039 1369/858/1039
f 1347/829/1040 1346/825/1040 1361/857/1040 1362/859/1040
f 1355/831/1041 1354/827/1041 1369/858/1041 1370/843/1041
f 1348/833/1042 1347/829/1042 1362/859/1042 1363/845/1042
f 1360/855/1043 1359/852/1043 1374/860/1043 1375/861/1043
f 1368/856/1044 1367/854/1044 1382/862/1044 1383/863/1044
f 1361/857/1045 1360/855/1045 1375/861/1045 1376/864/1045
f 1369/858/1046 1368/856/1046 1383/863/1046 1384/865/1046
f 1362/859/1047 1361/857/1047 1376/864/1047 1377/866/1047
f 1370/843/1048 1369/858/1048 1384/865/1048 1385/867/1048
f 1363/845/1049 1362/859/1049 1377/866/1049 1378/868/1049
f 1371/844/1050 1370/843/1050 1385/867/1050 1386/869/1050
f 1364/846/1051 1363/845/1051 1378/868/1051 1379/870/1051
f 1372/847/1052 1371/844/1052 1386/869/1052 1387/871/1052
f 1365/848/1053 1364/846/1053 1379/870/1053 1380/872/1053
f 1373/849/1054 1372/847/1054 1387/871/1054 1388/873/1054
f 1366/850/1055 1365/848/1055 1380/872/1055 1381/874/1055
f 1359/852/1056 1057/875/1056 1374/860/1056
f 1283/876/1057 1373/849/1057 1388/873/1057
f 1367/854/1058 1366/850/1058 1381/874/1058 1382/862/1058
f 1379/870/1059 1378/868/1059 1393/877/1059 1394/878/1059
f 1387/871/1060 1386/869/1060 1401/879/1060 1402/880/1060
f 1380/872/1061 1379/870/1061 1394/878/1061 1395/881/1061
f 1388/873/1062 1387/871/1062 1402/880/1062 1403/882/1062
f 1381/874/1063 1380/872/1063 1395/881/1063 1396/883/1063
f 1374/860/1064 1057/884/1064 1389/885/1064
f 1283/886/1065 1388/873/1065 1403/882/1065
f 1382/862/1066 1381/874/1066 1396/883/1066 1397/887/1066
f 1375/861/1067 1374/860/1067 1389/885/1067 1390/888/1067
f 1383/863/1068 1382/862/1068 1397/887/1068 1398/889/1068
f 1376/864/1069 1375/861/1069 1390/888/1069 1391/890/1069
f 1384/865/1070 1383/863/1070 1398/889/1070 1399/891/1070
f 1377/866/1071 1376/864/1071 1391/890/1071 1392/892/1071
f 1385/867/1072 1384/865/1072 1399/891/1072 1400/893/1072
f 1378/868/1073 1377/866/1073 1392/892/1073 1393/877/1073
f 1386/869/1074 1385/867/1074 1400/893/1074 1401/879/1074
f 1398/889/1075 1397/887/1075 1412/894/1075 1413/895/1075
f 1391/890/1076 1390/888/1076 1405/896/1076 1406/897/1076
f 1399/891/1077 1398/889/1077 1413/895/1077 1414/898/1077
f 1392/892/1078 1391/890/1078 1406/897/1078 1407/899/1078
f 1400/893/1079 1399/891/1079 1414/898/1079 1415/900/1079
f 1393/877/1080 1392/892/1080 1407/899/1080 1408/901/1080
f 1401/879/1081 1400/893/1081 1415/900/1081 1416/902/1081
f 1394/878/1082 1393/877/1082 1408/901/1082 1409/903/1082
f 1402/880/1083 1401/879/1083 1416/902/1083 1417/904/1083
f 1395/881/1084 1394/878/1084 1409/903/1084 1410/905/1084
f 1403/882/1085 1402/880/1085 1417/904/1085 1418/906/1085
f 1396/883/1086 1395/881/1086 1410/905/1086 1411/907/1086
f 1389/885/1087 1057/908/1087 1404/909/1087
f 1283/910/1088 1403/882/1088 1418/906/1088
f 1397/887/1089 1396/883/1089 1411/907/1089 1412/894/1089
f 1390/888/1090 1389/885/1090 1404/909/1090 1405/896/1090
f 1417/904/1091 1416/902/1091 1431/911/1091 1432/912/1091
f 1410/905/1092 1409/903/1092 1424/913/1092 1425/914/1092
f 1418/906/1093 1417/904/1093 1432/912/1093 1433/915/1093
f 1411/907/1094 1410/905/1094 1425/914/1094 1426/916/1094
f 1404/909/1095 1057/917/1095 1419/918/1095
f 1283/919/1096 1418/906/1096 1433/915/1096
f 1412/894/1097 1411/907/1097 1426/916/1097 1427/920/1097
f 1405/896/1098 1404/909/1098 1419/918/1098 1420/921/1098
f 1413/895/1099 1412/894/1099 1427/920/1099 1428/922/1099
f 1406/897/1100 1405/896/1100 1420/921/1100 1421/923/1100
f 1414/898/1101 1413/895/1101 1428/922/1101 1429/924/1101
f 1407/899/1102 1406/897/1102 1421/923/1102 1422/925/1102
f 1415/900/1103 1414/898/1103 1429/924/1103 1430/926/1103
f 1408/901/1104 1407/899/1104 1422/925/1104 1423/927/1104
f 1416/902/1105 1415/900/1105 1430/926/1105 1431/911/1105
f 1409/903/1106 1408/901/1106 1423/927/1106 1424/913/1106
f 1421/923/1107 1420/921/1107 1435/928/1107 1436/929/1107
f 1429/924/1108 1428/922/1108 1443/930/1108 1444/931/1108
f 1422/925/1109 1421/923/1109 1436/929/1109 1437/932/1109
f 1430/926/1110 1429/924/1110 1444/931/1110 1445/933/1110
f 1423/927/1111 1422/925/1111 1437/932/1111 1438/934/1111
f 1431/911/1112 1430/926/1112 1445/933/1112 1446/935/1112
f 1424/913/1113 1423/927/1113 1438/934/1113 1439/936/1113
f 1432/912/1114 1431/911/1114 1446/935/1114 1447/937/1114
f 1425/914/1115 1424/913/1115 1439/936/1115 1440/938/1115
f 1433/915/1116 1432/912/1116 1447/937/1116 1448/939/1116
f 1426/916/1117 1425/914/1117 1440/938/1117 1441/940/1117
f 1419/918/1118 1057/941/1118 1434/942/1118
f 1283/943/1119 1433/915/1119 1448/939/1119
f 1427/920/1120 1426/916/1120 1441/940/1120 1442/944/1120
f 1420/921/1121 1419/918/1121 1434/942/1121 1435/928/1121
f 1428/922/1122 1427/920/1122 1442/944/1122 1443/930/1122
f 1440/938/1123 1439/936/1123 1452/393/1123 978/392/1123
f 1448/939/1124 1447/937/1124 1456/388/1124 1457/396/1124
f 1441/940/1125 1440/938/1125 978/392/1125 979/398/1125
f 1434/942/1126 1057/945/1126 1449/400/1126
f 1283/946/1127 1448/939/1127 1457/396/1127
f 1442/944/1128 1441/940/1128 979/398/1128 980/404/1128
f 1435/928/1129 1434/942/1129 1449/400/1129 1450/406/1129
f 1443/930/1130 1442/944/1130 980/404/1130 1453/408/1130
f 1436/929/1131 1435/928/1131 1450/406/1131 976/410/1131
f 1444/931/1132 1443/930/1132 1453/408/1132 981/412/1132
f 1437/932/1133 1436/929/1133 976/410/1133 1451/414/1133
f 1445/933/1134 1444/931/1134 981/412/1134 1454/416/1134
f 1438/934/1135 1437/932/1135 1451/414/1135 977/418/1135
f 1446/935/1136 1445/933/1136 1454/416/1136 1455/389/1136
f 1439/936/1137 1438/934/1137 977/418/1137 1452/393/1137
f 1447/937/1138 1446/935/1138 1455/389/1138 1456/388/1138
o middle
v 1.090257 2.197821 0.115755
v 1.145799 2.156157 0.115755
v 1.192145 2.104458 0.115755
v 1.227515 2.044710 0.115755
v 1.250549 1.979210 0.115755
v 1.260362 1.910475 0.115755
v 1.256577 1.841147 0.115755
v 1.239339 1.773889 0.115755
v 1.209311 1.711286 0.115755
v 1.167647 1.655744 0.115755
v 1.115948 1.609398 0.115755
v 1.056201 1.574028 0.115755
v 0.990701 1.550994 0.115755
v 0.921966 1.541181 0.115755
v 0.852637 1.544966 0.115755
v 0.785379 1.562204 0.115755
v 0.722776 1.592232 0.115755
v 1.090257 2.197821 0.315961
v 1.145799 2.156157 0.315961
v 1.192145 2.104458 0.315961
v 1.227515 2.044710 0.315961
v 1.250549 1.979210 0.315961
v 1.260362 1.910475 0.315961
v 1.256577 1.841147 0.315961
v 1.239339 1.773889 0.315961
v 1.209311 1.711286 0.315961
v 1.167647 1.655744 0.315961
v 1.115948 1.609398 0.315961
v 1.056201 1.574028 0.315961
v 0.990701 1.550994 0.315961
v 0.921966 1.541181 0.315961
v 0.852637 1.544966 0.315961
v 0.785379 1.562204 0.315961
v 0.722776 1.592232 0.315961
v -1.226792 2.896602 0.115754
v -1.203758 2.831102 0.115754
v -1.236605 2.965337 0.115754
v -1.232820 3.034665 0.115754
v -1.215582 3.101923 0.115754
v -1.185554 3.164526 0.115754
v -1.143890 3.220068 0.115754
v -1.092191 3.266414 0.115754
v -1.032443 3.301784 0.115754
v -0.966944 3.324818 0.115754
v -0.898209 3.334631 0.115754
v -0.828880 3.330846 0.115754
v -0.761622 3.313608 0.115754
v -0.699019 3.283580 0.115754
v -1.122042 2.719655 0.115754
v -1.066500 2.677991 0.115754
v -1.168388 2.771354 0.115754
v -1.226792 2.896602 0.315961
v -1.203758 2.831102 0.315961
v -1.236605 2.965337 0.315961
v -1.232820 3.034665 0.315961
v -1.215582 3.101923 0.315961
v -1.185554 3.164526 0.315961
v -1.143890 3.220068 0.315961
v -1.092191 3.266414 0.315961
v -1.032443 3.301784 0.315961
v -0.966944 3.324818 0.315961
v -0.898209 3.334631 0.315961
v -0.828880 3.330846 0.315961
v -0.761622 3.313608 0.315961
v -0.699019 3.283580 0.315961
v -1.122042 2.719655 0.315961
v -1.066500 2.677991 0.315961
v -1.168388 2.771354 0.315961
vn -0.7999 0.6001 -0.0000
vn -0.6675 0.7446 -0.0000
vn -0.5094 0.8605 -0.0000
vn -0.3317 0.9434 -0.0000
vn -0.1413 0.9900 -0.0000
vn 0.0545 0.9985 -0.0000
vn -0.6001 -0.7999 -0.0000
vn 0.2483 0.9687 -0.0000
vn -0.7446 -0.6675 -0.0000
vn 0.4325 0.9016 -0.0000
vn -0.8605 -0.5094 -0.0000
vn -0.9434 -0.3317 -0.0000
vn -0.9900 -0.1413 -0.0000
vn -0.9985 0.0545 -0.0000
vn -0.9687 0.2483 -0.0000
vn -0.9016 0.4325 -0.0000
vn 0.5094 -0.8605 -0.0000
vn 0.3317 -0.9434 -0.0000
vn 0.1413 -0.9900 -0.0000
vn -0.0545 -0.9985 -0.0000
vn -0.2483 -0.9687 -0.0000
vn -0.4325 -0.9016 -0.0000
vn 0.9434 0.3317 -0.0000
vn 0.9900 0.1413 -0.0000
vn 0.9985 -0.0545 -0.0000
vn 0.6001 0.7999 -0.0000
vn 0.9687 -0.2483 -0.0000
vn 0.7446 0.6675 -0.0000
vn 0.9016 -0.4325 -0.0000
vn 0.8605 0.5094 -0.0000
vn 0.7999 -0.6001 -0.0000
vn 0.6675 -0.7446 -0.0000
vn 0.5188 0.8549 -0.0000
vn -0.0000 -0.0000 1.0000
vn -0.5188 -0.8549 -0.0000
vn -0.0000 -0.0000 -1.0000
vt 0.000000 0.000000
s 0
f 1466/947/1139 1467/947/1139 1484/947/1139 1483/947/1139
f 1467/947/1140 1468/947/1140 1485/947/1140 1484/947/1140
f 1468/947/1141 1469/947/1141 1486/947/1141 1485/947/1141
f 1469/947/1142 1470/947/1142 1487/947/1142 1486/947/1142
f 1470/947/1143 1471/947/1143 1488/947/1143 1487/947/1143
f 1471/947/1144 1472/947/1144 1489/947/1144 1488/947/1144
f 1458/947/1145 1459/947/1145 1476/947/1145 1475/947/1145
f 1472/947/1146 1473/947/1146 1490/947/1146 1489/947/1146
f 1459/947/1147 1460/947/1147 1477/947/1147 1476/947/1147
f 1473/947/1148 1474/947/1148 1491/947/1148 1490/947/1148
f 1460/947/1149 1461/947/1149 1478/947/1149 1477/947/1149
f 1461/947/1150 1462/947/1150 1479/947/1150 1478/947/1150
f 1462/947/1151 1463/947/1151 1480/947/1151 1479/947/1151
f 1463/947/1152 1464/947/1152 1481/947/1152 1480/947/1152
f 1464/947/1153 1465/947/1153 1482/947/1153 1481/947/1153
f 1465/947/1154 1466/947/1154 1483/947/1154 1482/947/1154
f 1499/947/1155 1500/947/1155 1517/947/1155 1516/947/1155
f 1500/947/1156 1501/947/1156 1518/947/1156 1517/947/1156
f 1501/947/1157 1502/947/1157 1519/947/1157 1518/947/1157
f 1502/947/1158 1503/947/1158 1520/947/1158 1519/947/1158
f 1503/947/1159 1504/947/1159 1521/947/1159 1520/947/1159
f 1504/947/1160 1505/947/1160 1522/947/1160 1521/947/1160
f 1493/947/1161 1492/947/1161 1509/947/1161 1510/947/1161
f 1492/947/1162 1494/947/1162 1511/947/1162 1509/947/1162
f 1494/947/1163 1495/947/1163 1512/947/1163 1511/947/1163
f 1507/947/1164 1506/947/1164 1523/947/1164 1524/947/1164
f 1495/947/1165 1496/947/1165 1513/947/1165 1512/947/1165
f 1506/947/1166 1508/947/1166 1525/947/1166 1523/947/1166
f 1496/947/1167 1497/947/1167 1514/947/1167 1513/947/1167
f 1508/947/1168 1493/947/1168 1510/947/1168 1525/947/1168
f 1497/947/1169 1498/947/1169 1515/947/1169 1514/947/1169
f 1498/947/1170 1499/947/1170 1516/947/1170 1515/947/1170
f 1491/947/1171 1474/947/1171 1507/947/1171 1524/947/1171
f 1459/947/1172 1458/947/1172 1505/947/1172 1504/947/1172 1503/947/1172 1502/947/1172 1501/947/1172 1500/947/1172 1499/947/1172 1498/947/1172 1497/947/1172 1496/947/1172 1495/947/1172 1494/947/1172 1492/947/1172 1493/947/1172 1508/947/1172 1506/947/1172 1507/947/1172 1474/947/1172 1473/947/1172 1472/947/1172 1471/947/1172 1470/947/1172 1469/947/1172 1468/947/1172 1467/947/1172 1466/947/1172 1465/947/1172 1464/947/1172 1463/947/1172 1462/947/1172 1461/947/1172 1460/947/1172
f 1458/947/1173 1475/947/1173 1522/947/1173 1505/947/1173
f 1476/947/1174 1477/947/1174 1478/947/1174 1479/947/1174 1480/947/1174 1481/947/1174 1482/947/1174 1483/947/1174 1484/947/1174 1485/947/1174 1486/947/1174 1487/947/1174 1488/947/1174 1489/947/1174 1490/947/1174 1491/947/1174 1524/947/1174 1523/947/1174 1525/947/1174 1510/947/1174 1509/947/1174 1511/947/1174 1512/947/1174 1513/947/1174 1514/947/1174 1515/947/1174 1516/947/1174 1517/947/1174 1518/947/1174 1519/947/1174 1520/947/1174 1521/947/1174 1522/947/1174 1475/947/1174
