# Blender 4.2.19 LTS
# www.blender.org
mtllib RTC_NikolaevVA2.mtl
o Cylinder
v -1.639745 3.322148 -0.514694
v 1.091734 3.322148 -0.269591
v -1.639745 3.250625 -0.507650
v 1.091734 3.298442 -0.267256
v -1.639745 3.181849 -0.486787
v 1.091734 3.275646 -0.260341
v -1.639745 3.118466 -0.452908
v 1.091734 3.254638 -0.249112
v -1.639745 3.062910 -0.407314
v 1.091734 3.236224 -0.234000
v -1.639745 3.017316 -0.351758
v 1.091734 3.221112 -0.215586
v -1.639745 2.983437 -0.288374
v 1.091734 3.209882 -0.194577
v -1.639745 2.962574 -0.219599
v 1.091734 3.202968 -0.171782
v -1.639745 2.955530 -0.148075
v 1.091734 3.200633 -0.148075
v -1.639745 2.962574 -0.076552
v 1.091734 3.202968 -0.124369
v -1.639745 2.983437 -0.007776
v 1.091734 3.209882 -0.101573
v -1.639745 3.017316 0.055607
v 1.091734 3.221112 -0.080565
v -1.639745 3.062910 0.111163
v 1.091734 3.236224 -0.062151
v -1.639745 3.118466 0.156757
v 1.091734 3.254638 -0.047039
v -1.639745 3.181849 0.190636
v 1.091734 3.275646 -0.035810
v -1.639745 3.250625 0.211499
v 1.091734 3.298442 -0.028895
v -1.639745 3.322148 0.218543
v 1.091734 3.322148 -0.026560
v -1.639745 3.393672 0.211499
v 1.091734 3.345855 -0.028895
v -1.639745 3.462447 0.190636
v 1.091734 3.368650 -0.035810
v -1.639745 3.525831 0.156757
v 1.091734 3.389658 -0.047039
v -1.639745 3.581387 0.111163
v 1.091734 3.408072 -0.062151
v -1.639745 3.626981 0.055607
v 1.091734 3.423184 -0.080565
v -1.639745 3.660860 -0.007776
v 1.091734 3.434414 -0.101573
v -1.639745 3.681723 -0.076552
v 1.091734 3.441329 -0.124369
v -1.639745 3.688767 -0.148075
v 1.091734 3.443664 -0.148075
v -1.639745 3.681723 -0.219599
v 1.091734 3.441329 -0.171782
v -1.639745 3.660860 -0.288374
v 1.091734 3.434414 -0.194577
v -1.639745 3.626981 -0.351758
v 1.091734 3.423184 -0.215586
v -1.639745 3.581387 -0.407314
v 1.091734 3.408072 -0.234000
v -1.639745 3.525831 -0.452908
v 1.091734 3.389658 -0.249112
v -1.639745 3.462447 -0.486787
v 1.091734 3.368650 -0.260341
v -1.639745 3.393672 -0.507650
v 1.091734 3.345855 -0.267256
v -1.554740 3.322148 -0.514694
v -1.554740 3.250625 -0.507650
v -1.554740 3.181849 -0.486787
v -1.554740 3.118466 -0.452908
v -1.554740 3.062910 -0.407314
v -1.554740 3.017316 -0.351758
v -1.554740 2.983437 -0.288374
v -1.554740 2.962574 -0.219599
v -1.554740 2.955530 -0.148075
v -1.554740 2.962574 -0.076552
v -1.554740 2.983437 -0.007776
v -1.554740 3.017316 0.055607
v -1.554740 3.062910 0.111163
v -1.554740 3.118466 0.156757
v -1.554740 3.181849 0.190636
v -1.554740 3.250625 0.211499
v -1.554740 3.322148 0.218543
v -1.554740 3.393672 0.211499
v -1.554740 3.462447 0.190636
v -1.554740 3.525831 0.156757
v -1.554740 3.581387 0.111163
v -1.554740 3.626981 0.055607
v -1.554740 3.660860 -0.007776
v -1.554740 3.681723 -0.076552
v -1.554740 3.688767 -0.148075
v -1.554740 3.681723 -0.219599
v -1.554740 3.660860 -0.288374
v -1.554740 3.626981 -0.351758
v -1.554740 3.581387 -0.407314
v -1.554740 3.525831 -0.452908
v -1.554740 3.462447 -0.486787
v -1.554740 3.393672 -0.507650
v -1.213832 3.322148 -0.483960
v -1.213832 3.256621 -0.477506
v -1.213832 3.193611 -0.458392
v -1.213832 3.135541 -0.427353
v -1.213832 3.084642 -0.385581
v -1.213832 3.042871 -0.334683
v -1.213832 3.011832 -0.276613
v -1.213832 2.992718 -0.213603
v -1.213832 2.986264 -0.148075
v -1.213832 2.992718 -0.082548
v -1.213832 3.011832 -0.019538
v -1.213832 3.042871 0.038532
v -1.213832 3.084642 0.089431
v -1.213832 3.135541 0.131202
v -1.213832 3.193611 0.162241
v -1.213832 3.256621 0.181355
v -1.213832 3.322148 0.187809
v -1.213832 3.387676 0.181355
v -1.213832 3.450686 0.162241
v -1.213832 3.508756 0.131202
v -1.213832 3.559654 0.089431
v -1.213832 3.601426 0.038532
v -1.213832 3.632465 -0.019538
v -1.213832 3.651579 -0.082548
v -1.213832 3.658033 -0.148075
v -1.213832 3.651579 -0.213603
v -1.213832 3.632465 -0.276613
v -1.213832 3.601426 -0.334683
v -1.213832 3.559654 -0.385581
v -1.213832 3.508756 -0.427353
v -1.213832 3.450686 -0.458392
v -1.213832 3.387676 -0.477506
v -0.532135 3.322148 -0.414681
v -0.532135 3.270136 -0.409558
v -0.532135 3.220123 -0.394387
v -0.532135 3.174030 -0.369750
v -0.532135 3.133630 -0.336594
v -0.532135 3.100474 -0.296193
v -0.532135 3.075837 -0.250101
v -0.532135 3.060666 -0.200087
v -0.532135 3.055543 -0.148075
v -0.532135 3.060666 -0.096063
v -0.532135 3.075837 -0.046050
v -0.532135 3.100474 0.000043
v -0.532135 3.133630 0.040443
v -0.532135 3.174030 0.073599
v -0.532135 3.220123 0.098236
v -0.532135 3.270136 0.113407
v -0.532135 3.322148 0.118530
v -0.532135 3.374161 0.113407
v -0.532135 3.424174 0.098236
v -0.532135 3.470266 0.073599
v -0.532135 3.510667 0.040443
v -0.532135 3.543823 0.000043
v -0.532135 3.568460 -0.046050
v -0.532135 3.583631 -0.096063
v -0.532135 3.588754 -0.148075
v -0.532135 3.583631 -0.200087
v -0.532135 3.568460 -0.250101
v -0.532135 3.543823 -0.296193
v -0.532135 3.510667 -0.336594
v -0.532135 3.470266 -0.369750
v -0.532135 3.424174 -0.394387
v -0.532135 3.374161 -0.409558
v -0.340860 3.322148 -0.414681
v -0.340860 3.270136 -0.409558
v -0.340860 3.220123 -0.394387
v -0.340860 3.174030 -0.369750
v -0.340860 3.133630 -0.336594
v -0.340860 3.100474 -0.296193
v -0.340860 3.075837 -0.250101
v -0.340860 3.060666 -0.200087
v -0.340860 3.055543 -0.148075
v -0.340860 3.060666 -0.096063
v -0.340860 3.075837 -0.046050
v -0.340860 3.100474 0.000043
v -0.340860 3.133630 0.040443
v -0.340860 3.174030 0.073599
v -0.340860 3.220123 0.098236
v -0.340860 3.270136 0.113407
v -0.340860 3.322148 0.118530
v -0.340860 3.374161 0.113407
v -0.340860 3.424174 0.098236
v -0.340860 3.470266 0.073599
v -0.340860 3.510667 0.040443
v -0.340860 3.543823 0.000043
v -0.340860 3.568460 -0.046050
v -0.340860 3.583631 -0.096063
v -0.340860 3.588754 -0.148075
v -0.340860 3.583631 -0.200087
v -0.340860 3.568460 -0.250101
v -0.340860 3.543823 -0.296193
v -0.340860 3.510667 -0.336594
v -0.340860 3.470266 -0.369750
v -0.340860 3.424174 -0.394387
v -0.340860 3.374161 -0.409558
v 0.888474 3.322148 -0.269591
v 0.888474 3.298442 -0.267256
v 0.888474 3.275646 -0.260341
v 0.888474 3.254638 -0.249112
v 0.888474 3.236224 -0.234000
v 0.888474 3.221112 -0.215586
v 0.888474 3.209882 -0.194577
v 0.888474 3.202968 -0.171782
v 0.888474 3.200633 -0.148075
v 0.888474 3.202968 -0.124369
v 0.888474 3.209882 -0.101573
v 0.888474 3.221112 -0.080565
v 0.888474 3.236224 -0.062151
v 0.888474 3.254638 -0.047039
v 0.888474 3.275646 -0.035810
v 0.888474 3.298442 -0.028895
v 0.888474 3.322148 -0.026560
v 0.888474 3.345855 -0.028895
v 0.888474 3.368650 -0.035810
v 0.888474 3.389658 -0.047039
v 0.888474 3.408072 -0.062151
v 0.888474 3.423184 -0.080565
v 0.888474 3.434414 -0.101573
v 0.888474 3.441329 -0.124369
v 0.888474 3.443664 -0.148075
v 0.888474 3.441329 -0.171782
v 0.888474 3.434414 -0.194577
v 0.888474 3.423184 -0.215586
v 0.888474 3.408072 -0.234000
v 0.888474 3.389658 -0.249112
v 0.888474 3.368650 -0.260341
v 0.888474 3.345855 -0.267256
v 0.686007 3.278549 -0.367262
v 0.686007 3.236626 -0.354545
v 0.686007 3.197989 -0.333893
v 0.686007 3.164124 -0.306100
v 0.686007 3.136331 -0.272235
v 0.686007 3.115679 -0.233598
v 0.686007 3.102962 -0.191674
v 0.686007 3.098668 -0.148075
v 0.686007 3.102962 -0.104476
v 0.686007 3.115679 -0.062553
v 0.686007 3.136331 -0.023916
v 0.686007 3.164124 0.009949
v 0.686007 3.197989 0.037742
v 0.686007 3.236626 0.058394
v 0.686007 3.278549 0.071111
v 0.686007 3.322148 0.075405
v 0.686007 3.365747 0.071111
v 0.686007 3.407670 0.058394
v 0.686007 3.446307 0.037742
v 0.686007 3.480173 0.009949
v 0.686007 3.507966 -0.023916
v 0.686007 3.528617 -0.062553
v 0.686007 3.541335 -0.104476
v 0.686007 3.545629 -0.148075
v 0.686007 3.541335 -0.191674
v 0.686007 3.528617 -0.233598
v 0.686007 3.507966 -0.272235
v 0.686007 3.480173 -0.306100
v 0.686007 3.446307 -0.333893
v 0.686007 3.407670 -0.354545
v 0.686007 3.365747 -0.367262
v 0.686007 3.322148 -0.371556
v 1.168382 3.292853 -0.295353
v 1.168382 3.322148 -0.298238
v 1.168382 3.264683 -0.286808
v 1.168382 3.238722 -0.272931
v 1.168382 3.215967 -0.254256
v 1.168382 3.197292 -0.231501
v 1.168382 3.183416 -0.205540
v 1.168382 3.174871 -0.177371
v 1.168382 3.171985 -0.148075
v 1.168382 3.174871 -0.118780
v 1.168382 3.183416 -0.090610
v 1.168382 3.197292 -0.064649
v 1.168382 3.215967 -0.041894
v 1.168382 3.238722 -0.023220
v 1.168382 3.264683 -0.009343
v 1.168382 3.292853 -0.000798
v 1.168382 3.322148 0.002087
v 1.168382 3.351444 -0.000798
v 1.168382 3.379613 -0.009343
v 1.168382 3.405574 -0.023220
v 1.168382 3.428329 -0.041894
v 1.168382 3.447004 -0.064649
v 1.168382 3.460881 -0.090610
v 1.168382 3.469425 -0.118780
v 1.168382 3.472311 -0.148075
v 1.168382 3.469425 -0.177371
v 1.168382 3.460881 -0.205540
v 1.168382 3.447004 -0.231501
v 1.168382 3.428329 -0.254256
v 1.168382 3.405574 -0.272931
v 1.168382 3.379613 -0.286808
v 1.168382 3.351444 -0.295353
v 1.201059 3.292853 -0.295353
v 1.201059 3.322148 -0.298238
v 1.201059 3.264683 -0.286808
v 1.201059 3.238722 -0.272931
v 1.201059 3.215967 -0.254256
v 1.201059 3.197292 -0.231501
v 1.201059 3.183416 -0.205540
v 1.201059 3.174871 -0.177371
v 1.201059 3.171985 -0.148075
v 1.201059 3.174871 -0.118780
v 1.201059 3.183416 -0.090610
v 1.201059 3.197292 -0.064649
v 1.201059 3.215967 -0.041894
v 1.201059 3.238722 -0.023220
v 1.201059 3.264683 -0.009343
v 1.201059 3.292853 -0.000798
v 1.201059 3.322148 0.002087
v 1.201059 3.351444 -0.000798
v 1.201059 3.379613 -0.009343
v 1.201059 3.405574 -0.023220
v 1.201059 3.428329 -0.041894
v 1.201059 3.447004 -0.064649
v 1.201059 3.460881 -0.090610
v 1.201059 3.469425 -0.118780
v 1.201059 3.472311 -0.148075
v 1.201059 3.469425 -0.177371
v 1.201059 3.460881 -0.205540
v 1.201059 3.447004 -0.231501
v 1.201059 3.428329 -0.254256
v 1.201059 3.405574 -0.272931
v 1.201059 3.379613 -0.286808
v 1.201059 3.351444 -0.295353
v -1.004857 3.558506 0.346923
v -1.087661 3.550350 0.346896
v -1.167284 3.526197 0.346816
v -1.240664 3.486975 0.346686
v -1.304982 3.434190 0.346511
v -1.357767 3.369872 0.346298
v -1.396989 3.296492 0.346054
v -1.421143 3.216869 0.345790
v -1.429298 3.134065 0.345515
v -1.421143 3.051261 0.345241
v -1.396989 2.971639 0.344976
v -1.357767 2.898259 0.344733
v -1.304982 2.833940 0.344520
v -1.240664 2.781156 0.344345
v -1.167284 2.741933 0.344214
v -1.087661 2.717780 0.344134
v -1.004857 2.709625 0.344107
v -0.922053 2.717780 0.344134
v -0.842430 2.741933 0.344214
v -0.769050 2.781156 0.344345
v -0.704732 2.833940 0.344520
v -0.651947 2.898258 0.344733
v -0.612725 2.971639 0.344976
v -0.588571 3.051261 0.345241
v -0.580416 3.134065 0.345515
v -0.588571 3.216869 0.345790
v -0.612725 3.296492 0.346054
v -0.651947 3.369872 0.346298
v -0.704732 3.434190 0.346511
v -0.769050 3.486975 0.346686
v -0.842430 3.526197 0.346816
v -0.922053 3.550350 0.346896
v -1.004857 3.558506 0.217685
v -1.087661 3.550350 0.217658
v -1.167284 3.526197 0.217578
v -1.240664 3.486975 0.217447
v -1.304982 3.434190 0.217272
v -1.357767 3.369872 0.217059
v -1.396989 3.296492 0.216816
v -1.421143 3.216869 0.216551
v -1.429298 3.134065 0.216277
v -1.421143 3.051261 0.216002
v -1.396989 2.971639 0.215738
v -1.357767 2.898259 0.215494
v -1.304982 2.833940 0.215281
v -1.240664 2.781156 0.215106
v -1.167284 2.741933 0.214976
v -1.087661 2.717780 0.214896
v -1.004857 2.709625 0.214869
v -0.922053 2.717780 0.214896
v -0.842430 2.741933 0.214976
v -0.769050 2.781156 0.215106
v -0.704732 2.833940 0.215281
v -0.651947 2.898258 0.215494
v -0.612725 2.971639 0.215738
v -0.588571 3.051261 0.216002
v -0.580416 3.134065 0.216277
v -0.588571 3.216869 0.216551
v -0.612725 3.296492 0.216816
v -0.651947 3.369872 0.217059
v -0.704732 3.434190 0.217272
v -0.769050 3.486975 0.217447
v -0.842430 3.526197 0.217578
v -0.922053 3.550350 0.217658
v -1.004857 3.587520 0.171894
v -1.093322 3.578807 0.171867
v -1.178387 3.553003 0.171787
v -1.256783 3.511099 0.171657
v -1.325498 3.454706 0.171482
v -1.381891 3.385991 0.171269
v -1.423795 3.307595 0.171025
v -1.449599 3.222530 0.170761
v -1.458312 3.134065 0.170486
v -1.449599 3.045600 0.170212
v -1.423795 2.960536 0.169948
v -1.381891 2.882139 0.169704
v -1.325498 2.813424 0.169491
v -1.256783 2.757031 0.169316
v -1.178387 2.715128 0.169186
v -1.093322 2.689323 0.169105
v -1.004857 2.680610 0.169078
v -0.916392 2.689323 0.169105
v -0.831327 2.715128 0.169186
v -0.752931 2.757031 0.169316
v -0.684216 2.813424 0.169491
v -0.627823 2.882139 0.169704
v -0.585919 2.960536 0.169948
v -0.560115 3.045601 0.170212
v -0.551402 3.134065 0.170486
v -0.560115 3.222530 0.170761
v -0.585919 3.307595 0.171025
v -0.627823 3.385991 0.171269
v -0.684216 3.454706 0.171482
v -0.752931 3.511099 0.171657
v -0.831327 3.553003 0.171787
v -0.916392 3.578807 0.171867
v -1.004857 3.587520 0.068866
v -1.093322 3.578807 0.068839
v -1.178387 3.553003 0.068759
v -1.256783 3.511099 0.068629
v -1.325498 3.454706 0.068454
v -1.381891 3.385991 0.068240
v -1.423795 3.307595 0.067997
v -1.449599 3.222530 0.067733
v -1.458312 3.134065 0.067458
v -1.449599 3.045600 0.067183
v -1.423795 2.960536 0.066919
v -1.381891 2.882139 0.066676
v -1.325498 2.813424 0.066463
v -1.256783 2.757031 0.066287
v -1.178387 2.715128 0.066157
v -1.093322 2.689323 0.066077
v -1.004857 2.680610 0.066050
v -0.916392 2.689323 0.066077
v -0.831327 2.715128 0.066157
v -0.752931 2.757031 0.066287
v -0.684216 2.813424 0.066463
v -0.627823 2.882139 0.066676
v -0.585919 2.960536 0.066919
v -0.560115 3.045601 0.067183
v -0.551402 3.134065 0.067458
v -0.560115 3.222530 0.067733
v -0.585919 3.307595 0.067997
v -0.627823 3.385991 0.068240
v -0.684216 3.454706 0.068454
v -0.752931 3.511099 0.068629
v -0.831327 3.553003 0.068759
v -0.916392 3.578807 0.068839
v -1.004857 3.328459 0.068062
v -1.042781 3.324723 0.068050
v -1.079248 3.313661 0.068016
v -1.112856 3.295697 0.067960
v -1.142314 3.271522 0.067885
v -1.166489 3.242064 0.067794
v -1.184453 3.208456 0.067689
v -1.195516 3.171989 0.067576
v -1.199251 3.134065 0.067458
v -1.195516 3.096140 0.067340
v -1.184453 3.059674 0.067227
v -1.166489 3.026065 0.067123
v -1.142314 2.996608 0.067031
v -1.112856 2.972432 0.066956
v -1.079248 2.954468 0.066901
v -1.042781 2.943406 0.066866
v -1.004857 2.939671 0.066855
v -0.966933 2.943406 0.066866
v -0.930466 2.954468 0.066901
v -0.896857 2.972432 0.066956
v -0.867400 2.996608 0.067031
v -0.843224 3.026065 0.067123
v -0.825260 3.059674 0.067227
v -0.814198 3.096140 0.067340
v -0.810463 3.134065 0.067458
v -0.814198 3.171989 0.067576
v -0.825260 3.208456 0.067689
v -0.843224 3.242064 0.067794
v -0.867400 3.271522 0.067885
v -0.896857 3.295697 0.067960
v -0.930466 3.313661 0.068016
v -0.966933 3.324723 0.068050
v -1.004857 3.328459 -0.701040
v -1.042781 3.324723 -0.701051
v -1.079248 3.313661 -0.701086
v -1.112856 3.295697 -0.701142
v -1.142314 3.271522 -0.701217
v -1.166489 3.242064 -0.701308
v -1.184453 3.208456 -0.701412
v -1.195516 3.171989 -0.701526
v -1.199251 3.134065 -0.701643
v -1.195516 3.096140 -0.701761
v -1.184453 3.059674 -0.701874
v -1.166489 3.026065 -0.701979
v -1.142314 2.996608 -0.702070
v -1.112856 2.972432 -0.702145
v -1.079248 2.954468 -0.702201
v -1.042781 2.943406 -0.702235
v -1.004857 2.939671 -0.702247
v -0.966933 2.943406 -0.702235
v -0.930466 2.954468 -0.702201
v -0.896857 2.972432 -0.702145
v -0.867400 2.996608 -0.702070
v -0.843224 3.026065 -0.701979
v -0.825260 3.059674 -0.701874
v -0.814198 3.096140 -0.701761
v -0.810463 3.134065 -0.701643
v -0.814198 3.171989 -0.701526
v -0.825260 3.208456 -0.701412
v -0.843224 3.242064 -0.701308
v -0.867400 3.271522 -0.701217
v -0.896857 3.295697 -0.701142
v -0.930466 3.313661 -0.701086
v -0.966933 3.324723 -0.701051
v 0.000000 0.000000 -1.000000
v -0.195090 0.000000 -0.980785
v -0.476123 0.000000 -1.112580
v -0.684322 0.000000 -1.001296
v -0.866809 0.000000 -0.851532
v -0.831470 0.000000 -0.555570
v -0.923879 0.000000 -0.382683
v -0.980785 0.000000 -0.195090
v -1.000000 0.000000 -0.000000
v -0.980785 0.000000 0.195090
v -0.923879 0.000000 0.382683
v -0.831470 0.000000 0.555570
v -0.866809 0.000000 0.851532
v -0.684322 0.000000 1.001296
v -0.476123 0.000000 1.112580
v -0.195090 0.000000 0.980785
v 0.000000 0.000000 1.000000
v 0.195090 0.000000 0.980785
v 0.382683 0.000000 0.923880
v 0.653767 0.000000 1.001296
v 0.836255 0.000000 0.851532
v 0.986018 0.000000 0.669044
v 0.923880 0.000000 0.382683
v 0.980785 0.000000 0.195090
v 1.000000 0.000000 -0.000000
v 0.980785 0.000000 -0.195090
v 0.923880 0.000000 -0.382683
v 0.986018 0.000000 -0.669044
v 0.836255 0.000000 -0.851532
v 0.653767 0.000000 -1.001296
v 0.382683 0.000000 -0.923879
v 0.195090 0.000000 -0.980785
v 0.000000 0.294347 -0.931720
v -0.181770 0.294347 -0.913817
v -0.480462 0.039722 -1.111029
v -0.688370 0.039722 -0.999900
v -0.870604 0.039722 -0.850345
v -0.774697 0.294347 -0.517636
v -0.860797 0.294347 -0.356554
v -0.913817 0.294347 -0.181770
v -0.931720 0.294347 0.000000
v -0.913817 0.294347 0.181770
v -0.860797 0.294347 0.356554
v -0.774697 0.294347 0.517636
v -0.870604 0.039722 0.850345
v -0.688370 0.039722 0.999900
v -0.480462 0.039722 1.111029
v -0.181770 0.294347 0.913817
v 0.000000 0.294347 0.931720
v 0.181770 0.294347 0.913817
v 0.356554 0.294347 0.860797
v 0.647853 0.039722 0.999900
v 0.830086 0.039722 0.850345
v 0.979641 0.039722 0.668112
v 0.860797 0.294347 0.356554
v 0.913817 0.294347 0.181770
v 0.931720 0.294347 0.000000
v 0.913817 0.294347 -0.181770
v 0.860797 0.294347 -0.356554
v 0.979641 0.039722 -0.668112
v 0.830086 0.039722 -0.850345
v 0.647853 0.039722 -0.999900
v 0.356554 0.294347 -0.860797
v 0.181770 0.294347 -0.913817
v 0.000000 0.324798 -0.714255
v -0.139344 0.324798 -0.700531
v -0.277556 0.324798 -0.668413
v -0.402637 0.324798 -0.601556
v -0.512272 0.324798 -0.511581
v -0.593881 0.324798 -0.396819
v -0.659885 0.324798 -0.273333
v -0.700531 0.324798 -0.139344
v -0.714255 0.324798 0.000000
v -0.700531 0.324798 0.139344
v -0.659885 0.324798 0.273333
v -0.593881 0.324798 0.396819
v -0.512272 0.324798 0.511581
v -0.402637 0.324798 0.601556
v -0.277556 0.324798 0.668413
v -0.139344 0.324798 0.700531
v 0.000000 0.324798 0.714255
v 0.139344 0.324798 0.700531
v 0.273333 0.324798 0.659885
v 0.401256 0.324798 0.601556
v 0.510891 0.324798 0.511581
v 0.600866 0.324798 0.401947
v 0.659885 0.324798 0.273333
v 0.700531 0.324798 0.139344
v 0.714255 0.324798 0.000000
v 0.700531 0.324798 -0.139344
v 0.659885 0.324798 -0.273333
v 0.600866 0.324798 -0.401947
v 0.510891 0.324798 -0.511581
v 0.401256 0.324798 -0.601556
v 0.273333 0.324798 -0.659885
v 0.139344 0.324798 -0.700531
v 0.000000 0.546349 -0.714255
v -0.139344 0.546349 -0.700531
v -0.277556 0.546349 -0.668413
v -0.402637 0.546349 -0.601556
v -0.512272 0.546349 -0.511581
v -0.593881 0.546349 -0.396819
v -0.659885 0.546350 -0.273333
v -0.700530 0.546350 -0.139344
v -0.714255 0.546350 0.000000
v -0.700530 0.546350 0.139344
v -0.659885 0.546350 0.273333
v -0.593881 0.546350 0.396819
v -0.512272 0.546350 0.511581
v -0.402637 0.546350 0.601556
v -0.277556 0.546350 0.668413
v -0.139344 0.546350 0.700531
v 0.000000 0.546350 0.714255
v 0.139344 0.546350 0.700531
v 0.273333 0.546350 0.659885
v 0.401256 0.546350 0.601556
v 0.510891 0.546349 0.511581
v 0.600866 0.546349 0.401947
v 0.659885 0.546349 0.273333
v 0.700531 0.546349 0.139344
v 0.714255 0.546349 0.000000
v 0.700531 0.546349 -0.139344
v 0.659885 0.546349 -0.273333
v 0.600866 0.546349 -0.401947
v 0.510891 0.546349 -0.511581
v 0.401256 0.546349 -0.601556
v 0.273333 0.546349 -0.659885
v 0.139344 0.546349 -0.700531
v 0.000000 0.546350 -0.817826
v -0.159550 0.546350 -0.802111
v -0.317803 0.546349 -0.765337
v -0.461022 0.546349 -0.688785
v -0.586554 0.546349 -0.585763
v -0.679997 0.546349 -0.454360
v -0.755572 0.546350 -0.312968
v -0.802111 0.546350 -0.159550
v -0.817826 0.546350 0.000000
v -0.802111 0.546350 0.159550
v -0.755572 0.546350 0.312968
v -0.679997 0.546350 0.454360
v -0.586554 0.546350 0.585763
v -0.461022 0.546350 0.688785
v -0.317803 0.546350 0.765337
v -0.159550 0.546349 0.802111
v 0.000000 0.546349 0.817826
v 0.159550 0.546349 0.802111
v 0.312968 0.546350 0.755572
v 0.459441 0.546350 0.688785
v 0.584973 0.546349 0.585763
v 0.687994 0.546349 0.460231
v 0.755572 0.546349 0.312968
v 0.802111 0.546349 0.159550
v 0.817826 0.546349 0.000000
v 0.802111 0.546349 -0.159550
v 0.755572 0.546349 -0.312968
v 0.687994 0.546349 -0.460231
v 0.584973 0.546349 -0.585763
v 0.459441 0.546349 -0.688785
v 0.312968 0.546349 -0.755572
v 0.159550 0.546350 -0.802111
v -1.439189 0.034183 0.666597
v -1.439189 0.568578 0.666598
v -1.439189 0.034183 -0.666597
v -1.439189 0.568578 -0.666597
v -0.887579 0.034183 0.666597
v -0.887579 0.568578 0.666598
v -0.887579 0.034183 -0.666597
v -0.887579 0.568578 -0.666597
v -1.023645 0.034183 -0.666597
v -1.023645 0.568578 -0.666597
v -1.023645 0.034183 0.666597
v -1.023645 0.568578 0.666598
v -1.023645 0.623185 -0.666597
v -0.887579 0.623185 -0.666597
v -0.887579 0.623186 0.666598
v -1.023645 0.623186 0.666598
v -0.887579 0.004191 0.666597
v -0.887579 0.004191 -0.666597
v -1.023645 0.004191 0.666597
v -1.023645 0.004191 -0.666597
v 0.896840 2.403213 0.125791
v 0.787518 2.392446 0.125791
v 0.682398 2.360558 0.125791
v 0.585519 2.308775 0.125791
v 0.500604 2.239087 0.125791
v 0.430915 2.154171 0.125791
v 0.379132 2.057292 0.125791
v 0.347244 1.952172 0.125791
v 0.336477 1.842851 0.125791
v 0.347244 1.733529 0.125791
v 0.379132 1.628409 0.125791
v 0.430915 1.531530 0.125791
v 0.500604 1.446614 0.125791
v 0.585519 1.376926 0.125791
v 0.682398 1.325143 0.125791
v 0.787519 1.293255 0.125791
v 0.896840 1.282488 0.125791
v 1.006161 1.293255 0.125791
v 1.111281 1.325143 0.125791
v 1.208161 1.376926 0.125791
v 1.293076 1.446615 0.125791
v 1.362764 1.531530 0.125791
v 1.414547 1.628409 0.125791
v 1.446435 1.733529 0.125791
v 1.457202 1.842851 0.125791
v 1.446435 1.952172 0.125791
v 1.414547 2.057292 0.125791
v 1.362764 2.154171 0.125791
v 1.293076 2.239087 0.125791
v 1.208161 2.308775 0.125791
v 1.111281 2.360558 0.125791
v 1.006161 2.392446 0.125791
v 0.896840 2.403213 0.248847
v 0.787518 2.392446 0.248847
v 0.682398 2.360558 0.248847
v 0.585519 2.308775 0.248847
v 0.500604 2.239087 0.248847
v 0.430915 2.154171 0.248847
v 0.379132 2.057292 0.248847
v 0.347244 1.952172 0.248847
v 0.336477 1.842851 0.248847
v 0.347244 1.733529 0.248847
v 0.379132 1.628409 0.248847
v 0.430915 1.531530 0.248847
v 0.500604 1.446614 0.248847
v 0.585519 1.376926 0.248847
v 0.682398 1.325143 0.248847
v 0.787519 1.293255 0.248847
v 0.896840 1.282488 0.248847
v 1.006161 1.293255 0.248847
v 1.111281 1.325143 0.248847
v 1.208161 1.376926 0.248847
v 1.293076 1.446615 0.248847
v 1.362764 1.531530 0.248847
v 1.414547 1.628409 0.248847
v 1.446435 1.733529 0.248847
v 1.457202 1.842851 0.248847
v 1.446435 1.952172 0.248847
v 1.414547 2.057292 0.248847
v 1.362764 2.154171 0.248847
v 1.293076 2.239087 0.248847
v 1.208161 2.308775 0.248847
v 1.111281 2.360558 0.248847
v 1.006161 2.392446 0.248847
v 0.896840 2.338235 0.248847
v 0.800195 2.328716 0.248847
v 0.707264 2.300526 0.248847
v 0.621619 2.254747 0.248847
v 0.546550 2.193140 0.248847
v 0.484943 2.118071 0.248847
v 0.439164 2.032426 0.248847
v 0.410974 1.939495 0.248847
v 0.401456 1.842851 0.248847
v 0.410974 1.746206 0.248847
v 0.439164 1.653275 0.248847
v 0.484943 1.567630 0.248847
v 0.546550 1.492561 0.248847
v 0.621619 1.430954 0.248847
v 0.707264 1.385175 0.248847
v 0.800195 1.356985 0.248847
v 0.896840 1.347467 0.248847
v 0.993484 1.356985 0.248847
v 1.086415 1.385175 0.248847
v 1.172060 1.430954 0.248847
v 1.247129 1.492561 0.248847
v 1.308737 1.567630 0.248847
v 1.354515 1.653275 0.248847
v 1.382705 1.746206 0.248847
v 1.392224 1.842851 0.248847
v 1.382705 1.939495 0.248847
v 1.354515 2.032426 0.248847
v 1.308737 2.118071 0.248847
v 1.247129 2.193140 0.248847
v 1.172060 2.254747 0.248847
v 1.086415 2.300526 0.248847
v 0.993484 2.328716 0.248847
v 0.896840 2.338235 0.344557
v 0.800195 2.328716 0.344557
v 0.707264 2.300526 0.344557
v 0.621619 2.254747 0.344557
v 0.546550 2.193140 0.344557
v 0.484943 2.118071 0.344557
v 0.439164 2.032426 0.344557
v 0.410974 1.939495 0.344557
v 0.401456 1.842851 0.344557
v 0.410974 1.746206 0.344557
v 0.439164 1.653275 0.344557
v 0.484943 1.567630 0.344557
v 0.546550 1.492561 0.344557
v 0.621619 1.430954 0.344557
v 0.707264 1.385175 0.344557
v 0.800195 1.356985 0.344557
v 0.896840 1.347467 0.344557
v 0.993484 1.356985 0.344557
v 1.086415 1.385175 0.344557
v 1.172060 1.430954 0.344557
v 1.247129 1.492561 0.344557
v 1.308737 1.567630 0.344557
v 1.354515 1.653275 0.344557
v 1.382705 1.746206 0.344557
v 1.392224 1.842851 0.344557
v 1.382705 1.939495 0.344557
v 1.354515 2.032426 0.344557
v 1.308737 2.118072 0.344557
v 1.247129 2.193140 0.344557
v 1.172060 2.254747 0.344557
v 1.086415 2.300526 0.344557
v 0.993484 2.328716 0.344557
v 0.896840 2.230471 0.344557
v 0.821219 2.223023 0.344557
v 0.748504 2.200965 0.344557
v 0.681489 2.165145 0.344557
v 0.622751 2.116940 0.344557
v 0.574545 2.058201 0.344557
v 0.538725 1.991187 0.344557
v 0.516667 1.918472 0.344557
v 0.509219 1.842851 0.344557
v 0.516667 1.767230 0.344557
v 0.538725 1.694515 0.344557
v 0.574545 1.627500 0.344557
v 0.622751 1.568761 0.344557
v 0.681489 1.520556 0.344557
v 0.748504 1.484736 0.344557
v 0.821219 1.462678 0.344557
v 0.896840 1.455230 0.344557
v 0.972461 1.462678 0.344557
v 1.045176 1.484736 0.344557
v 1.112190 1.520556 0.344557
v 1.170929 1.568761 0.344557
v 1.219134 1.627500 0.344557
v 1.254955 1.694515 0.344557
v 1.277012 1.767230 0.344557
v 1.284460 1.842851 0.344557
v 1.277012 1.918472 0.344557
v 1.254955 1.991187 0.344557
v 1.219135 2.058201 0.344557
v 1.170929 2.116940 0.344557
v 1.112190 2.165145 0.344557
v 1.045176 2.200965 0.344557
v 0.972461 2.223023 0.344557
v -0.964333 3.337857 0.645361
v -1.011249 3.333236 0.645361
v -1.056362 3.319551 0.645361
v -1.097939 3.297328 0.645361
v -1.134381 3.267420 0.645361
v -1.164289 3.230978 0.645361
v -1.186512 3.189401 0.645361
v -1.200197 3.144288 0.645361
v -1.204818 3.097372 0.645361
v -1.200197 3.050455 0.645361
v -1.186512 3.005342 0.645361
v -1.164289 2.963765 0.645361
v -1.134381 2.927323 0.645361
v -1.097939 2.897416 0.645361
v -1.056362 2.875193 0.645361
v 0.821219 1.462678 0.645361
v 0.896840 1.455230 0.645361
v 0.972461 1.462678 0.645361
v 1.045176 1.484736 0.645361
v 1.112190 1.520556 0.645361
v 1.170929 1.568761 0.645361
v 1.219134 1.627500 0.645361
v 1.254955 1.694515 0.645361
v 1.277012 1.767230 0.645361
v 1.284460 1.842851 0.645361
v 1.277012 1.918472 0.645361
v 1.254955 1.991187 0.645361
v 1.219135 2.058201 0.645361
v 1.170929 2.116940 0.645361
v 1.112190 2.165145 0.645361
v 1.045176 2.200965 0.645361
v -0.917416 3.333236 0.645361
v 0.896840 1.455230 0.363192
v 0.972461 1.462678 0.363192
v -1.097939 3.297328 0.363192
v -1.134381 3.267420 0.363192
v 1.045176 2.200965 0.363192
v -0.917416 3.333236 0.363192
v 1.045176 1.484736 0.363192
v -1.164289 3.230978 0.363192
v -0.964333 3.337857 0.363192
v 1.112190 1.520556 0.363192
v -1.186512 3.189401 0.363192
v 1.170929 1.568761 0.363192
v -1.200197 3.144288 0.363192
v 1.219134 1.627500 0.363192
v -1.204818 3.097372 0.363192
v 1.254955 1.694515 0.363192
v -1.200197 3.050455 0.363192
v 1.277012 1.767230 0.363192
v -1.186512 3.005342 0.363192
v 1.284460 1.842851 0.363192
v -1.164289 2.963765 0.363192
v 1.277012 1.918472 0.363192
v -1.134381 2.927323 0.363192
v 1.254955 1.991187 0.363192
v -1.097939 2.897416 0.363192
v 1.219135 2.058201 0.363192
v -1.056362 2.875193 0.363192
v -1.011249 3.333236 0.363192
v 1.170929 2.116940 0.363192
v 0.821219 1.462678 0.363192
v -1.056362 3.319551 0.363192
v 1.112190 2.165145 0.363192
v 0.895567 2.493551 -0.114852
v 0.766242 2.480814 -0.114852
v 0.641886 2.443091 -0.114852
v 0.527279 2.381832 -0.114852
v 0.426825 2.299392 -0.114852
v 0.344385 2.198938 -0.114852
v 0.283126 2.084331 -0.114852
v 0.245403 1.959975 -0.114852
v 0.232665 1.830649 -0.114852
v -0.428606 1.246197 -0.114852
v -0.390883 1.121842 -0.114852
v -0.329624 1.007235 -0.114852
v -0.247184 0.906781 -0.114852
v -0.146730 0.824340 -0.114852
v -0.032123 0.763082 -0.114852
v 0.092233 0.725358 -0.114852
v 0.580953 0.764766 -0.114852
v 0.710279 0.777503 -0.114852
v 0.834635 0.815226 -0.114852
v 0.949242 0.876485 -0.114852
v 1.049695 0.958925 -0.114852
v 1.132136 1.059379 -0.114852
v 1.508009 1.576968 -0.114852
v 1.545732 1.701324 -0.114852
v 1.558470 1.830649 -0.114852
v 1.545732 1.959975 -0.114852
v 1.508009 2.084331 -0.114852
v 1.446750 2.198938 -0.114852
v 1.364310 2.299392 -0.114852
v 1.263856 2.381832 -0.114852
v 1.149249 2.443091 -0.114852
v 1.024893 2.480814 -0.114852
v 0.895567 2.493551 0.109231
v 0.766242 2.480814 0.109231
v 0.641886 2.443091 0.109231
v 0.527279 2.381832 0.109231
v 0.426825 2.299392 0.109231
v 0.344385 2.198938 0.109231
v 0.283126 2.084331 0.109231
v 0.245403 1.959975 0.109231
v 0.232665 1.830649 0.109231
v -0.428606 1.246197 0.109231
v -0.390883 1.121841 0.109231
v -0.329624 1.007235 0.109231
v -0.247184 0.906781 0.109231
v -0.146730 0.824340 0.109231
v -0.032123 0.763082 0.109231
v 0.092233 0.725358 0.109231
v 0.580953 0.764766 0.109231
v 0.710279 0.777503 0.109231
v 0.834635 0.815226 0.109231
v 0.949242 0.876485 0.109231
v 1.049695 0.958925 0.109231
v 1.132136 1.059379 0.109231
v 1.508009 1.576968 0.109231
v 1.545732 1.701324 0.109231
v 1.558470 1.830649 0.109231
v 1.545732 1.959975 0.109231
v 1.508009 2.084331 0.109231
v 1.446750 2.198938 0.109231
v 1.364310 2.299392 0.109231
v 1.263856 2.381832 0.109231
v 1.149249 2.443091 0.109231
v 1.024893 2.480814 0.109231
v 0.118639 1.602504 -0.114852
v 0.118639 1.602504 0.109231
v -1.035620 0.788871 0.612311
v -1.035620 1.267464 0.612311
v -1.035620 0.788871 -0.612310
v -1.035620 1.267464 -0.612311
v -0.002679 0.788871 0.612311
v -0.002679 1.267464 0.612311
v -0.002679 0.788871 -0.612310
v -0.002679 1.267464 -0.612311
v -0.728251 0.788871 -0.612310
v -0.728251 1.267464 -0.612311
v -0.728251 0.788871 0.612311
v -0.728251 1.267464 0.612311
v -1.035620 1.330189 0.612311
v -1.035620 1.330189 -0.612311
v -0.728251 1.330189 0.612311
v -0.728251 1.330189 -0.612311
v 0.920532 2.192139 -0.094504
v 0.869076 2.187071 -0.094504
v 0.819598 2.172062 -0.094504
v 0.773999 2.147689 -0.094504
v 0.734031 2.114888 -0.094504
v 0.701230 2.074920 -0.094504
v 0.676857 2.029320 -0.094504
v 0.661848 1.979842 -0.094504
v 0.656780 1.928387 -0.094504
v 0.661848 1.876931 -0.094504
v 0.676857 1.827453 -0.094504
v 0.701230 1.781854 -0.094504
v 0.734031 1.741886 -0.094504
v 0.773999 1.709085 -0.094504
v 0.819598 1.684712 -0.094504
v 0.869076 1.669703 -0.094504
v 0.920532 1.664635 -0.094504
v 0.971987 1.669703 -0.094504
v 1.021465 1.684712 -0.094504
v 1.067064 1.709085 -0.094504
v 1.107033 1.741886 -0.094504
v 1.139833 1.781854 -0.094504
v 1.164207 1.827453 -0.094504
v 1.179216 1.876931 -0.094504
v 1.184284 1.928387 -0.094504
v 1.179216 1.979842 -0.094504
v 1.164207 2.029320 -0.094504
v 1.139833 2.074920 -0.094504
v 1.107033 2.114888 -0.094504
v 1.067065 2.147689 -0.094504
v 1.021465 2.172062 -0.094504
v 0.971987 2.187071 -0.094504
v 0.920532 2.192139 -0.936755
v 0.869076 2.187071 -0.936755
v 0.819598 2.172062 -0.936755
v 0.773999 2.147689 -0.936755
v 0.734031 2.114888 -0.936755
v 0.701230 2.074920 -0.936755
v 0.676857 2.029320 -0.936755
v 0.661848 1.979842 -0.936755
v 0.656780 1.928387 -0.936755
v 0.661848 1.876931 -0.936755
v 0.676857 1.827453 -0.936755
v 0.701230 1.781854 -0.936755
v 0.734031 1.741886 -0.936755
v 0.773999 1.709085 -0.936755
v 0.819598 1.684712 -0.936755
v 0.869076 1.669703 -0.936755
v 0.920532 1.664635 -0.936755
v 0.971987 1.669703 -0.936755
v 1.021465 1.684712 -0.936755
v 1.067064 1.709085 -0.936755
v 1.107033 1.741886 -0.936755
v 1.139833 1.781854 -0.936755
v 1.164207 1.827453 -0.936755
v 1.179216 1.876932 -0.936755
v 1.184284 1.928387 -0.936755
v 1.179216 1.979842 -0.936755
v 1.164207 2.029320 -0.936755
v 1.139833 2.074920 -0.936755
v 1.107033 2.114888 -0.936755
v 1.067065 2.147689 -0.936755
v 1.021465 2.172062 -0.936755
v 0.971987 2.187071 -0.936755
v 0.000000 0.546350 -0.817826
v -0.159550 0.546350 -0.802111
v -0.317803 0.546349 -0.765337
v -0.461022 0.546349 -0.688785
v -0.586554 0.546349 -0.585763
v -0.679997 0.546349 -0.454360
v -0.755572 0.546350 -0.312968
v -0.802111 0.546350 -0.159550
v -0.817826 0.546350 0.000000
v -0.802111 0.546350 0.159550
v -0.755572 0.546350 0.312968
v -0.679997 0.546350 0.454360
v -0.586554 0.546350 0.585763
v -0.461022 0.546350 0.688785
v -0.317803 0.546350 0.765337
v -0.159550 0.546349 0.802111
v 0.000000 0.546349 0.817826
v 0.159550 0.546349 0.802111
v 0.312968 0.546350 0.755572
v 0.459441 0.546350 0.688785
v 0.584973 0.546349 0.585763
v 0.687994 0.546349 0.460231
v 0.755572 0.546349 0.312968
v 0.802111 0.546349 0.159550
v 0.817826 0.546349 0.000000
v 0.802111 0.546349 -0.159550
v 0.755572 0.546349 -0.312968
v 0.687994 0.546349 -0.460231
v 0.584973 0.546349 -0.585763
v 0.459441 0.546349 -0.688785
v 0.312968 0.546349 -0.755572
v 0.159550 0.546350 -0.802111
v 0.000000 0.691940 -0.817826
v -0.159550 0.691940 -0.802111
v -0.317803 0.691940 -0.765337
v -0.461022 0.691940 -0.688785
v -0.586554 0.691940 -0.585763
v -0.679997 0.691940 -0.454360
v -0.755572 0.691940 -0.312968
v -0.802111 0.691940 -0.159550
v -0.817826 0.691940 0.000000
v -0.802111 0.691940 0.159550
v -0.755572 0.691940 0.312968
v -0.679997 0.691940 0.454360
v -0.586554 0.691940 0.585763
v -0.461022 0.691940 0.688785
v -0.317803 0.691940 0.765337
v -0.159550 0.691940 0.802111
v 0.000000 0.691940 0.817826
v 0.159550 0.691940 0.802111
v 0.312968 0.691940 0.755572
v 0.459441 0.691940 0.688785
v 0.584973 0.691940 0.585763
v 0.687994 0.691940 0.460231
v 0.755572 0.691940 0.312968
v 0.802111 0.691940 0.159550
v 0.817826 0.691940 0.000000
v 0.802111 0.691940 -0.159550
v 0.755572 0.691940 -0.312968
v 0.687994 0.691940 -0.460231
v 0.584973 0.691940 -0.585763
v 0.459441 0.691940 -0.688785
v 0.312968 0.691940 -0.755572
v 0.159550 0.691940 -0.802111
v 0.000000 0.691940 -0.658937
v -0.128552 0.691940 -0.646275
v -0.256060 0.691940 -0.616645
v -0.371453 0.691940 -0.554966
v -0.472597 0.691940 -0.471960
v -0.547886 0.691940 -0.366086
v -0.608778 0.691940 -0.252164
v -0.646275 0.691940 -0.128552
v -0.658937 0.691940 0.000000
v -0.646275 0.691940 0.128552
v -0.608778 0.691940 0.252164
v -0.547886 0.691940 0.366085
v -0.472597 0.691940 0.471960
v -0.371453 0.691940 0.554966
v -0.256060 0.691940 0.616645
v -0.128552 0.691940 0.646275
v 0.000000 0.691940 0.658937
v 0.128552 0.691940 0.646275
v 0.252164 0.691940 0.608778
v 0.370180 0.691940 0.554966
v 0.471323 0.691940 0.471960
v 0.554329 0.691940 0.370816
v 0.608778 0.691940 0.252164
v 0.646275 0.691940 0.128552
v 0.658937 0.691940 0.000000
v 0.646275 0.691940 -0.128552
v 0.608778 0.691940 -0.252164
v 0.554329 0.691940 -0.370817
v 0.471323 0.691940 -0.471960
v 0.370180 0.691940 -0.554966
v 0.252164 0.691940 -0.608778
v 0.128552 0.691940 -0.646275
v 0.000000 0.790284 -0.658937
v -0.128552 0.790284 -0.646275
v -0.256060 0.790284 -0.616645
v -0.371454 0.790284 -0.554966
v -0.472597 0.790284 -0.471960
v -0.547886 0.790284 -0.366085
v -0.608778 0.790284 -0.252164
v -0.646275 0.790284 -0.128552
v -0.658937 0.790284 0.000000
v -0.646275 0.790284 0.128552
v -0.608778 0.790284 0.252164
v -0.547886 0.790284 0.366086
v -0.472597 0.790284 0.471960
v -0.371454 0.790284 0.554966
v -0.256060 0.790284 0.616645
v -0.128552 0.790284 0.646275
v 0.000000 0.790284 0.658937
v 0.128552 0.790284 0.646275
v 0.252164 0.790284 0.608778
v 0.370180 0.790284 0.554966
v 0.471323 0.790284 0.471960
v 0.554329 0.790284 0.370817
v 0.608778 0.790284 0.252164
v 0.646275 0.790284 0.128552
v 0.658937 0.790284 0.000000
v 0.646275 0.790284 -0.128552
v 0.608778 0.790284 -0.252164
v 0.554329 0.790284 -0.370816
v 0.471323 0.790284 -0.471960
v 0.370180 0.790284 -0.554966
v 0.252164 0.790284 -0.608778
v 0.128552 0.790284 -0.646275
v 0.000000 0.790284 -0.000000
vn 0.2345 -0.0000 -0.9721
vn -0.1799 -0.0000 -0.9837
vn -0.1799 -0.1919 -0.9648
vn 0.2345 -0.1897 -0.9534
vn -0.1799 -0.3764 -0.9088
vn 0.2345 -0.3720 -0.8981
vn -0.1799 -0.5465 -0.8179
vn 0.2345 -0.5401 -0.8083
vn -0.1799 -0.6956 -0.6956
vn 0.2345 -0.6874 -0.6874
vn -0.1799 -0.8179 -0.5465
vn 0.2345 -0.8083 -0.5401
vn -0.1799 -0.9088 -0.3764
vn 0.2345 -0.8981 -0.3720
vn -0.1799 -0.9648 -0.1919
vn 0.2345 -0.9534 -0.1897
vn -0.1799 -0.9837 -0.0000
vn 0.2345 -0.9721 -0.0000
vn -0.1799 -0.9648 0.1919
vn 0.2345 -0.9534 0.1897
vn -0.1799 -0.9088 0.3764
vn 0.2345 -0.8981 0.3720
vn -0.1799 -0.8179 0.5465
vn 0.2345 -0.8083 0.5401
vn -0.1799 -0.6956 0.6956
vn 0.2345 -0.6874 0.6874
vn -0.1799 -0.5465 0.8179
vn 0.2345 -0.5401 0.8083
vn -0.1799 -0.3764 0.9088
vn 0.2345 -0.3720 0.8981
vn -0.1799 -0.1919 0.9648
vn 0.2345 -0.1897 0.9534
vn -0.1799 -0.0000 0.9837
vn 0.2345 -0.0000 0.9721
vn -0.1799 0.1919 0.9648
vn 0.2345 0.1897 0.9534
vn -0.1799 0.3764 0.9088
vn 0.2345 0.3720 0.8981
vn -0.1799 0.5465 0.8179
vn 0.2345 0.5401 0.8083
vn -0.1799 0.6956 0.6956
vn 0.2345 0.6874 0.6874
vn -0.1799 0.8179 0.5465
vn 0.2345 0.8083 0.5401
vn -0.1799 0.9088 0.3764
vn 0.2345 0.8981 0.3720
vn -0.1799 0.9648 0.1919
vn 0.2345 0.9534 0.1897
vn -0.1799 0.9837 -0.0000
vn 0.2345 0.9721 -0.0000
vn -0.1799 0.9648 -0.1919
vn 0.2345 0.9534 -0.1897
vn -0.1799 0.9088 -0.3764
vn 0.2345 0.8981 -0.3720
vn -0.1799 0.8179 -0.5465
vn 0.2345 0.8083 -0.5401
vn -0.1799 0.6956 -0.6956
vn 0.2345 0.6874 -0.6874
vn -0.1799 0.5465 -0.8179
vn 0.2345 0.5401 -0.8083
vn -0.1799 0.3764 -0.9088
vn 0.2345 0.3720 -0.8981
vn -0.1799 0.1919 -0.9648
vn -0.1760 0.3767 -0.9095
vn -0.1760 0.1920 -0.9655
vn 0.2345 0.1897 -0.9534
vn -1.0000 -0.0000 -0.0000
vn -0.0000 0.1951 -0.9808
vn 0.0448 0.1949 -0.9798
vn 0.0448 -0.0000 -0.9990
vn -0.0000 -0.0000 -1.0000
vn -0.0000 0.3827 -0.9239
vn 0.0448 0.3823 -0.9230
vn -0.0000 0.5556 -0.8315
vn 0.0448 0.5550 -0.8306
vn -0.0000 0.7071 -0.7071
vn 0.0448 0.7064 -0.7064
vn -0.0000 0.8315 -0.5556
vn 0.0448 0.8306 -0.5550
vn -0.0000 0.9239 -0.3827
vn 0.0448 0.9230 -0.3823
vn -0.0000 0.9808 -0.1951
vn 0.0448 0.9798 -0.1949
vn -0.0000 1.0000 -0.0000
vn 0.0448 0.9990 -0.0000
vn -0.0000 0.9808 0.1951
vn 0.0448 0.9798 0.1949
vn -0.0000 0.9239 0.3827
vn 0.0448 0.9230 0.3823
vn -0.0000 0.8315 0.5556
vn 0.0448 0.8306 0.5550
vn -0.0000 0.7071 0.7071
vn 0.0448 0.7064 0.7064
vn -0.0000 0.5556 0.8315
vn 0.0448 0.5550 0.8306
vn -0.0000 0.3827 0.9239
vn 0.0448 0.3823 0.9230
vn -0.0000 0.1951 0.9808
vn 0.0448 0.1949 0.9798
vn -0.0000 -0.0000 1.0000
vn 0.0448 -0.0000 0.9990
vn -0.0000 -0.1951 0.9808
vn 0.0448 -0.1949 0.9798
vn -0.0000 -0.3827 0.9239
vn 0.0448 -0.3823 0.9230
vn -0.0000 -0.5556 0.8315
vn 0.0448 -0.5550 0.8306
vn -0.0000 -0.7071 0.7071
vn 0.0448 -0.7064 0.7064
vn -0.0000 -0.8315 0.5556
vn 0.0448 -0.8306 0.5550
vn -0.0000 -0.9239 0.3827
vn 0.0448 -0.9230 0.3823
vn -0.0000 -0.9808 0.1951
vn 0.0448 -0.9798 0.1949
vn -0.0000 -1.0000 -0.0000
vn 0.0448 -0.9990 -0.0000
vn -0.0000 -0.9808 -0.1951
vn 0.0448 -0.9798 -0.1949
vn -0.0000 -0.9239 -0.3827
vn 0.0448 -0.9230 -0.3823
vn -0.0000 -0.8315 -0.5556
vn 0.0448 -0.8306 -0.5550
vn -0.0000 -0.7071 -0.7071
vn 0.0448 -0.7064 -0.7064
vn -0.0000 -0.5556 -0.8315
vn 0.0448 -0.5550 -0.8306
vn -0.0000 -0.3827 -0.9239
vn 0.0448 -0.3823 -0.9230
vn -0.0000 -0.1951 -0.9808
vn 0.0448 -0.1949 -0.9798
vn 0.0954 0.1942 -0.9763
vn 0.0954 -0.0000 -0.9954
vn 0.0954 0.3809 -0.9197
vn 0.0954 0.5530 -0.8277
vn 0.0954 0.7039 -0.7039
vn 0.0954 0.8277 -0.5530
vn 0.0954 0.9197 -0.3809
vn 0.0954 0.9763 -0.1942
vn 0.0954 0.9954 -0.0000
vn 0.0954 0.9763 0.1942
vn 0.0954 0.9197 0.3809
vn 0.0954 0.8277 0.5530
vn 0.0954 0.7039 0.7039
vn 0.0954 0.5530 0.8277
vn 0.0954 0.3809 0.9197
vn 0.0954 0.1942 0.9763
vn 0.0954 -0.0000 0.9954
vn 0.0954 -0.1942 0.9763
vn 0.0954 -0.3809 0.9197
vn 0.0954 -0.5530 0.8277
vn 0.0954 -0.7039 0.7039
vn 0.0954 -0.8277 0.5530
vn 0.0954 -0.9197 0.3809
vn 0.0954 -0.9763 0.1942
vn 0.0954 -0.9954 -0.0000
vn 0.0954 -0.9763 -0.1942
vn 0.0954 -0.9197 -0.3809
vn 0.0954 -0.8277 -0.5530
vn 0.0954 -0.7039 -0.7039
vn 0.0954 -0.5530 -0.8277
vn 0.0954 -0.3809 -0.9197
vn 0.0954 -0.1942 -0.9763
vn 0.0508 0.1948 -0.9795
vn 0.0508 -0.0000 -0.9987
vn 0.0508 0.3822 -0.9227
vn 0.0508 0.5549 -0.8304
vn 0.0508 0.7062 -0.7062
vn 0.0508 0.8304 -0.5549
vn 0.0508 0.9227 -0.3822
vn 0.0508 0.9795 -0.1948
vn 0.0508 0.9987 -0.0000
vn 0.0508 0.9795 0.1948
vn 0.0508 0.9227 0.3822
vn 0.0508 0.8304 0.5549
vn 0.0508 0.7062 0.7062
vn 0.0508 0.5549 0.8304
vn 0.0508 0.3822 0.9227
vn 0.0508 0.1948 0.9795
vn 0.0508 -0.0000 0.9987
vn 0.0508 -0.1948 0.9795
vn 0.0508 -0.3822 0.9227
vn 0.0508 -0.5549 0.8304
vn 0.0508 -0.7062 0.7062
vn 0.0508 -0.8304 0.5549
vn 0.0508 -0.9227 0.3822
vn 0.0508 -0.9795 0.1948
vn 0.0508 -0.9987 -0.0000
vn 0.0508 -0.9795 -0.1948
vn 0.0508 -0.9227 -0.3822
vn 0.0508 -0.8304 -0.5549
vn 0.0508 -0.7062 -0.7062
vn 0.0508 -0.5549 -0.8304
vn 0.0508 -0.3822 -0.9227
vn 0.0508 -0.1948 -0.9795
vn 0.0210 0.1950 -0.9806
vn 0.0210 -0.0000 -0.9998
vn 0.0210 0.3826 -0.9237
vn 0.0210 0.5554 -0.8313
vn 0.0210 0.7070 -0.7070
vn 0.0210 0.8313 -0.5554
vn 0.0210 0.9237 -0.3826
vn 0.0210 0.9806 -0.1950
vn 0.0210 0.9998 -0.0000
vn 0.0210 0.9806 0.1950
vn 0.0210 0.9237 0.3826
vn 0.0210 0.8313 0.5554
vn 0.0210 0.7070 0.7070
vn 0.0210 0.5554 0.8313
vn 0.0210 0.3826 0.9237
vn 0.0210 0.1950 0.9806
vn 0.0210 -0.0000 0.9998
vn 0.0210 -0.1950 0.9806
vn 0.0210 -0.3826 0.9237
vn 0.0210 -0.5554 0.8313
vn 0.0210 -0.7070 0.7070
vn 0.0210 -0.8313 0.5554
vn 0.0210 -0.9237 0.3826
vn 0.0210 -0.9806 0.1950
vn 0.0210 -0.9998 -0.0000
vn 0.0210 -0.9806 -0.1950
vn 0.0210 -0.9237 -0.3826
vn 0.0210 -0.8313 -0.5554
vn 0.0210 -0.7070 -0.7070
vn 0.0210 -0.5554 -0.8313
vn 0.0210 -0.3826 -0.9237
vn 0.0210 -0.1950 -0.9806
vn 0.2484 0.1890 -0.9500
vn 0.2484 -0.0000 -0.9687
vn 0.2484 0.3707 -0.8949
vn 0.2484 0.5382 -0.8054
vn 0.2484 0.6849 -0.6849
vn 0.2484 0.8054 -0.5382
vn 0.2484 0.8949 -0.3707
vn 0.2484 0.9500 -0.1890
vn 0.2484 0.9687 -0.0000
vn 0.2484 0.9500 0.1890
vn 0.2484 0.8949 0.3707
vn 0.2484 0.8054 0.5382
vn 0.2484 0.6849 0.6849
vn 0.2484 0.5382 0.8054
vn 0.2484 0.3707 0.8949
vn 0.2484 0.1890 0.9500
vn 0.2484 -0.0000 0.9687
vn 0.2484 -0.1890 0.9500
vn 0.2484 -0.3707 0.8949
vn 0.2484 -0.5382 0.8054
vn 0.2484 -0.6849 0.6849
vn 0.2484 -0.8054 0.5382
vn 0.2484 -0.8949 0.3707
vn 0.2484 -0.9500 0.1890
vn 0.2484 -0.9687 -0.0000
vn 0.2484 -0.9500 -0.1890
vn 0.2484 -0.8949 -0.3707
vn 0.2484 -0.8054 -0.5382
vn 0.2484 -0.6849 -0.6849
vn 0.2484 -0.5382 -0.8054
vn 0.2484 -0.3707 -0.8949
vn 0.2484 -0.1890 -0.9500
vn -0.1760 -0.1920 0.9655
vn -0.1760 -0.3767 0.9095
vn -0.1760 -0.9844 -0.0000
vn -0.1760 -0.9655 0.1920
vn -0.1760 0.1920 0.9655
vn -0.1760 0.3767 0.9095
vn -0.1760 0.9095 -0.3767
vn -0.1760 0.8185 -0.5469
vn -0.1760 -0.6961 -0.6961
vn -0.1760 -0.8185 -0.5469
vn -0.1760 -0.5469 0.8185
vn -0.1760 0.9095 0.3767
vn -0.1760 0.9655 0.1920
vn -0.1760 -0.0000 -0.9844
vn -0.1760 -0.1920 -0.9655
vn -0.1760 -0.9095 0.3767
vn -0.1760 0.5469 0.8185
vn -0.1760 0.6961 -0.6961
vn -0.1760 -0.9095 -0.3767
vn -0.1760 0.9844 -0.0000
vn -0.1760 -0.3767 -0.9095
vn -0.1760 -0.8185 0.5469
vn -0.1760 0.6961 0.6961
vn -0.1760 0.5469 -0.8185
vn -0.1760 -0.9655 -0.1920
vn -0.1760 -0.0000 0.9844
vn -0.1760 0.9655 -0.1920
vn -0.1760 -0.5469 -0.8185
vn -0.1760 -0.6961 0.6961
vn -0.1760 0.8185 0.5469
vn 1.0000 -0.0000 -0.0000
vn 0.8314 0.5557 -0.0000
vn 0.9238 0.3829 -0.0000
vn 0.9240 0.3825 -0.0000
vn 0.8316 0.5554 -0.0000
vn -0.3828 -0.9238 -0.0000
vn -0.5557 -0.8314 -0.0000
vn -0.5555 -0.8315 -0.0000
vn -0.3826 -0.9239 -0.0000
vn -0.1951 0.9808 -0.0000
vn 0.7070 0.7072 -0.0000
vn 0.7072 0.7070 -0.0000
vn -0.1951 -0.9808 -0.0000
vn -0.3826 0.9239 -0.0000
vn -0.3828 0.9238 -0.0000
vn 0.5555 0.8315 -0.0000
vn 0.5557 0.8314 -0.0000
vn -0.5555 0.8315 -0.0000
vn -0.5557 0.8314 -0.0000
vn 0.3826 0.9239 -0.0000
vn 0.3828 0.9238 -0.0000
vn 0.1951 -0.9808 -0.0000
vn -0.7070 0.7072 -0.0000
vn -0.7072 0.7070 -0.0000
vn 0.1951 0.9808 -0.0000
vn 0.3828 -0.9238 -0.0000
vn 0.3826 -0.9239 -0.0000
vn -0.8314 0.5557 -0.0000
vn -0.8316 0.5554 -0.0000
vn 0.5557 -0.8314 -0.0000
vn 0.5555 -0.8315 -0.0000
vn -0.9238 0.3829 -0.0000
vn -0.9240 0.3825 -0.0000
vn 0.7072 -0.7070 -0.0000
vn 0.7070 -0.7072 -0.0000
vn -0.9807 0.1953 -0.0000
vn -0.9808 0.1949 -0.0000
vn 0.8316 -0.5554 -0.0000
vn 0.8314 -0.5557 -0.0000
vn -1.0000 0.0002 -0.0000
vn -1.0000 -0.0002 -0.0000
vn 0.9240 -0.3825 -0.0000
vn 0.9238 -0.3829 -0.0000
vn -0.9808 -0.1949 -0.0000
vn -0.9807 -0.1953 -0.0000
vn 0.9808 -0.1949 -0.0000
vn 0.9807 -0.1953 -0.0000
vn -0.9240 -0.3825 -0.0000
vn -0.9238 -0.3829 -0.0000
vn 1.0000 0.0002 -0.0000
vn 1.0000 -0.0002 -0.0000
vn -0.8316 -0.5554 -0.0000
vn -0.8314 -0.5557 -0.0000
vn 0.9807 0.1953 -0.0000
vn 0.9808 0.1949 -0.0000
vn -0.7072 -0.7070 -0.0000
vn -0.7070 -0.7072 -0.0000
vn -0.3238 0.7802 0.5352
vn -0.1651 0.8284 0.5352
vn -0.3239 0.7801 0.5352
vn 0.4700 0.7019 0.5352
vn 0.5981 0.5965 0.5352
vn 0.5982 0.5964 0.5352
vn 0.4701 0.7018 0.5352
vn -0.0000 -0.8447 0.5352
vn -0.1645 -0.8285 0.5352
vn -0.1644 -0.8286 0.5352
vn -0.4700 0.7019 0.5352
vn -0.4701 0.7018 0.5352
vn 0.3238 0.7802 0.5352
vn 0.3239 0.7801 0.5352
vn 0.1645 -0.8285 0.5352
vn 0.1644 -0.8286 0.5352
vn -0.5981 0.5965 0.5352
vn -0.5982 0.5964 0.5352
vn 0.1651 0.8284 0.5352
vn 0.3227 -0.7806 0.5352
vn 0.3226 -0.7807 0.5352
vn -0.7031 0.4682 0.5352
vn -0.7032 0.4680 0.5352
vn -0.0000 0.8447 0.5352
vn 0.4686 -0.7028 0.5352
vn 0.4684 -0.7029 0.5352
vn -0.7810 0.3219 0.5352
vn -0.7811 0.3217 0.5352
vn 0.5965 -0.5981 0.5352
vn 0.5964 -0.5982 0.5352
vn -0.8288 0.1633 0.5352
vn -0.8288 0.1630 0.5352
vn 0.7016 -0.4704 0.5352
vn 0.7015 -0.4706 0.5352
vn -0.8447 -0.0016 0.5352
vn -0.8447 -0.0018 0.5352
vn 0.7799 -0.3246 0.5352
vn 0.7798 -0.3248 0.5352
vn -0.8282 -0.1663 0.5352
vn -0.8281 -0.1666 0.5352
vn 0.8282 -0.1663 0.5352
vn 0.8281 -0.1666 0.5352
vn -0.7799 -0.3246 0.5352
vn -0.7798 -0.3248 0.5352
vn 0.8447 -0.0016 0.5352
vn 0.8447 -0.0018 0.5352
vn -0.7016 -0.4704 0.5352
vn -0.7015 -0.4706 0.5352
vn 0.8288 0.1633 0.5352
vn 0.8288 0.1630 0.5352
vn -0.5965 -0.5981 0.5352
vn -0.5964 -0.5982 0.5352
vn 0.7810 0.3219 0.5352
vn 0.7811 0.3217 0.5352
vn -0.4686 -0.7028 0.5352
vn -0.4684 -0.7029 0.5352
vn 0.7031 0.4682 0.5352
vn 0.7032 0.4680 0.5352
vn -0.3227 -0.7806 0.5352
vn -0.3226 -0.7807 0.5352
vn 0.3828 -0.9239 -0.0000
vn -0.9238 0.3828 -0.0000
vn -0.9239 0.3825 -0.0000
vn 0.9239 -0.3825 -0.0000
vn 0.9238 -0.3828 -0.0000
vn -0.9239 -0.3825 -0.0000
vn -0.9238 -0.3828 -0.0000
vn 0.9238 0.3828 -0.0000
vn 0.9239 0.3825 -0.0000
vn -0.3828 -0.9239 -0.0000
vn -0.3828 0.9239 -0.0000
vn 0.3828 0.9239 -0.0000
vn -0.0000 0.0031 -1.0000
vn -0.0000 -0.0033 1.0000
vn -0.9776 -0.2092 0.0242
vn -0.9554 -0.2260 0.1900
vn -0.9683 -0.2170 0.1240
vn 0.5500 0.0267 -0.8348
vn 0.6340 0.0375 -0.7725
vn 0.5607 0.0281 -0.8275
vn -0.9599 -0.1823 -0.2129
vn 0.4713 0.0171 -0.8818
vn 0.0955 -0.2249 0.9697
vn -0.0000 -0.2260 0.9741
vn -0.7049 -0.1303 0.6973
vn -0.7656 -0.1377 0.6284
vn -0.6973 -0.1294 0.7050
vn -0.4287 -0.1705 -0.8872
vn -0.4287 -0.1705 0.8872
vn -0.6298 -0.1207 0.7674
vn -0.0000 -0.2260 -0.9741
vn 0.0955 -0.2249 -0.9697
vn 0.5500 0.0267 0.8348
vn 0.4713 0.0171 0.8818
vn 0.5607 0.0281 0.8275
vn 0.2935 -0.1539 0.9435
vn -0.1900 -0.2260 -0.9554
vn 0.6340 0.0375 0.7725
vn -0.1900 -0.2260 0.9554
vn -0.2828 -0.2249 0.9324
vn -0.2828 -0.2249 -0.9324
vn 0.9792 -0.1379 -0.1486
vn 0.2935 -0.1539 -0.9435
vn 0.9000 -0.2260 0.3728
vn 0.8593 -0.2249 0.4593
vn -0.7049 -0.1303 -0.6973
vn -0.6297 -0.1207 -0.7674
vn -0.6973 -0.1294 -0.7050
vn 0.9554 -0.2260 0.1900
vn -0.7656 -0.1377 -0.6284
vn 0.9741 -0.2260 -0.0000
vn -0.9776 -0.2092 -0.0242
vn -0.9599 -0.1823 0.2129
vn -0.9683 -0.2170 -0.1240
vn 0.9554 -0.2260 -0.1900
vn -0.9554 -0.2260 -0.1900
vn 0.9000 -0.2260 -0.3728
vn -0.9741 -0.2260 -0.0000
vn 0.8593 -0.2249 -0.4593
vn 0.9792 -0.1379 0.1486
vn 0.2803 -0.8699 0.4059
vn 0.2586 -0.9402 0.2218
vn 0.2117 -0.9552 0.2066
vn 0.3287 -0.8746 0.3563
vn -0.3722 -0.8588 0.3520
vn -0.3689 -0.8527 0.3700
vn -0.3701 -0.8527 0.3688
vn -0.4116 -0.8616 0.2971
vn -0.0000 -0.9903 -0.1387
vn 0.2586 -0.9402 -0.2218
vn 0.2117 -0.9552 -0.2066
vn 0.2801 -0.8644 0.4177
vn 0.2786 -0.8643 0.4187
vn -0.3191 -0.9326 0.1686
vn -0.2654 -0.9503 0.1626
vn -0.0271 -0.9903 -0.1360
vn 0.2661 -0.8697 0.4157
vn 0.2056 -0.8724 0.4435
vn -0.0271 -0.9903 0.1360
vn -0.3191 -0.9326 -0.1686
vn -0.2654 -0.9503 -0.1626
vn 0.1048 -0.9367 0.3340
vn 0.1091 -0.9536 0.2806
vn -0.0000 -0.9903 0.1387
vn -0.3722 -0.8588 -0.3520
vn -0.4116 -0.8616 -0.2971
vn 0.1281 -0.9903 0.0531
vn -0.3689 -0.8527 -0.3700
vn -0.3701 -0.8527 -0.3688
vn 0.1360 -0.9903 0.0271
vn -0.3533 -0.8591 -0.3704
vn -0.2944 -0.8638 -0.4088
vn 0.1387 -0.9903 -0.0000
vn -0.1679 -0.9359 -0.3096
vn -0.1622 -0.9519 -0.2597
vn 0.1360 -0.9903 -0.0271
vn -0.1360 -0.9903 -0.0271
vn 0.1281 -0.9903 -0.0531
vn -0.1387 -0.9903 -0.0000
vn 0.1048 -0.9367 -0.3340
vn 0.1091 -0.9536 -0.2806
vn -0.1360 -0.9903 0.0271
vn 0.2661 -0.8697 -0.4157
vn 0.2056 -0.8724 -0.4435
vn -0.1679 -0.9359 0.3096
vn -0.1622 -0.9519 0.2597
vn 0.2801 -0.8644 -0.4177
vn 0.2786 -0.8643 -0.4187
vn -0.3533 -0.8591 0.3704
vn -0.2944 -0.8638 0.4088
vn 0.2803 -0.8699 -0.4059
vn 0.3287 -0.8746 -0.3563
vn 0.1625 -0.0000 0.9867
vn -0.7071 -0.0000 0.7071
vn -0.8479 -0.0000 0.5301
vn 0.1625 -0.0000 -0.9867
vn 0.3519 -0.0000 -0.9360
vn 0.3519 -0.0000 0.9360
vn -0.5291 -0.0000 0.8486
vn 0.5556 -0.0000 0.8315
vn -0.3534 -0.0000 0.9355
vn -0.1951 -0.0000 -0.9808
vn 0.7311 -0.0000 0.6823
vn -0.1951 -0.0000 0.9808
vn -0.3534 -0.0000 -0.9355
vn 0.8502 -0.0000 0.5265
vn -0.5291 -0.0000 -0.8486
vn 0.9239 -0.0000 0.3827
vn -0.7071 -0.0000 -0.7071
vn 0.9808 -0.0000 0.1951
vn -0.8479 -0.0000 -0.5301
vn -0.9351 -0.0000 -0.3545
vn 0.9808 -0.0000 -0.1951
vn -0.9808 -0.0000 -0.1951
vn 0.9239 -0.0000 -0.3827
vn 0.8502 -0.0000 -0.5265
vn -0.9808 -0.0000 0.1951
vn 0.7311 -0.0000 -0.6823
vn -0.9351 -0.0000 0.3545
vn 0.5556 -0.0000 -0.8315
vn 0.5556 0.8315 -0.0000
vn 0.7071 0.7071 -0.0000
vn -0.8315 -0.5556 -0.0000
vn -0.9239 -0.3827 -0.0000
vn 0.3827 0.9239 -0.0000
vn -0.7071 -0.7071 -0.0000
vn 0.3827 -0.9239 -0.0000
vn -0.5556 -0.8315 -0.0000
vn 0.5556 -0.8315 -0.0000
vn -0.3827 -0.9239 -0.0000
vn 0.7071 -0.7071 -0.0000
vn -0.3827 0.9239 -0.0000
vn 0.8315 -0.5556 -0.0000
vn -0.5556 0.8315 -0.0000
vn 0.9239 -0.3827 -0.0000
vn -0.7071 0.7071 -0.0000
vn 0.9808 -0.1951 -0.0000
vn -0.8315 0.5556 -0.0000
vn -0.9239 0.3827 -0.0000
vn 0.9808 0.1951 -0.0000
vn -0.9808 0.1951 -0.0000
vn 0.9239 0.3827 -0.0000
vn 0.8315 0.5556 -0.0000
vn -0.9808 -0.1951 -0.0000
vn 0.0110 0.0206 -0.9997
vn 0.0011 0.0021 -1.0000
vn -0.3058 -0.9521 -0.0000
vn -0.4809 -0.8768 -0.0000
vn -0.4856 -0.8742 -0.0000
vn 0.5379 0.8430 -0.0000
vn 0.6012 0.7991 -0.0000
vn 0.0980 0.9952 -0.0000
vn -0.4714 -0.8819 -0.0000
vn 0.0052 -0.0083 1.0000
vn 0.0038 -0.0105 0.9999
vn 0.0044 -0.0096 0.9999
vn 0.0055 -0.0078 1.0000
vn 0.0019 -0.0136 0.9999
vn 0.0030 -0.0119 0.9999
vn 0.3512 0.4775 -0.8054
vn -0.0013 -0.0191 0.9998
vn 0.0009 -0.0153 0.9999
vn 0.0234 0.0437 -0.9988
vn 0.1760 0.2145 0.9607
vn 0.1664 0.2020 0.9652
vn 0.0305 0.0258 0.9992
vn 0.0276 0.0220 0.9994
vn 0.0190 0.0108 0.9998
vn 0.0174 0.0087 0.9998
vn 0.0146 0.0051 0.9999
vn 0.0135 0.0035 0.9999
vn 0.0122 0.0018 0.9999
vn 0.0112 0.0005 0.9999
vn 0.0106 -0.0004 0.9999
vn 0.0097 -0.0016 1.0000
vn 0.0094 -0.0021 1.0000
vn 0.0085 -0.0034 1.0000
vn 0.0083 -0.0036 1.0000
vn 0.0074 -0.0049 1.0000
vn -0.0020 -0.0202 0.9998
vn 0.0063 -0.0065 1.0000
vn 0.0065 -0.0063 1.0000
vn -0.3675 -0.6480 0.6671
vn 0.7914 -0.6113 -0.0000
vn 0.8955 -0.4451 -0.0000
vn -0.5456 0.8380 -0.0000
vn 0.0980 -0.9952 -0.0000
vn -0.9608 0.2772 -0.0000
vn -0.8945 0.4471 -0.0000
vt 1.000000 0.962793
vt 1.000000 1.000000
vt 0.968750 1.000000
vt 0.968750 0.962793
vt 0.937500 1.000000
vt 0.937500 0.962793
vt 0.906250 1.000000
vt 0.906250 0.962793
vt 0.875000 1.000000
vt 0.875000 0.962793
vt 0.843750 1.000000
vt 0.843750 0.962793
vt 0.812500 1.000000
vt 0.812500 0.962793
vt 0.781250 1.000000
vt 0.781250 0.962793
vt 0.750000 1.000000
vt 0.750000 0.962793
vt 0.718750 1.000000
vt 0.718750 0.962793
vt 0.687500 1.000000
vt 0.687500 0.962793
vt 0.656250 1.000000
vt 0.656250 0.962793
vt 0.625000 1.000000
vt 0.625000 0.962793
vt 0.593750 1.000000
vt 0.593750 0.962793
vt 0.562500 1.000000
vt 0.562500 0.962793
vt 0.531250 1.000000
vt 0.531250 0.962793
vt 0.500000 1.000000
vt 0.500000 0.962793
vt 0.468750 1.000000
vt 0.468750 0.962793
vt 0.437500 1.000000
vt 0.437500 0.962793
vt 0.406250 1.000000
vt 0.406250 0.962793
vt 0.375000 1.000000
vt 0.375000 0.962793
vt 0.343750 1.000000
vt 0.343750 0.962793
vt 0.312500 1.000000
vt 0.312500 0.962793
vt 0.281250 1.000000
vt 0.281250 0.962793
vt 0.250000 1.000000
vt 0.250000 0.962793
vt 0.218750 1.000000
vt 0.218750 0.962793
vt 0.187500 1.000000
vt 0.187500 0.962793
vt 0.156250 1.000000
vt 0.156250 0.962793
vt 0.125000 1.000000
vt 0.125000 0.962793
vt 0.093750 1.000000
vt 0.093750 0.962793
vt 0.062500 1.000000
vt 0.062500 0.962793
vt 0.031250 1.000000
vt 0.031250 0.962793
vt 0.000000 1.000000
vt 0.000000 0.962793
vt 0.750000 0.490000
vt 0.796822 0.485388
vt 0.841844 0.471731
vt 0.883337 0.449553
vt 0.919706 0.419706
vt 0.949553 0.383337
vt 0.971731 0.341844
vt 0.985388 0.296822
vt 0.990000 0.250000
vt 0.985388 0.203178
vt 0.971731 0.158156
vt 0.949553 0.116663
vt 0.919706 0.080294
vt 0.883337 0.050447
vt 0.841844 0.028269
vt 0.796822 0.014612
vt 0.750000 0.010000
vt 0.703178 0.014612
vt 0.658156 0.028269
vt 0.616663 0.050447
vt 0.580294 0.080294
vt 0.550447 0.116663
vt 0.528269 0.158156
vt 0.514612 0.203178
vt 0.510000 0.250000
vt 0.514612 0.296822
vt 0.528269 0.341844
vt 0.550447 0.383337
vt 0.580294 0.419706
vt 0.616663 0.449553
vt 0.658156 0.471731
vt 0.703178 0.485388
vt 0.031250 0.500000
vt 0.031250 0.515560
vt 0.000000 0.515560
vt 0.000000 0.500000
vt 0.062500 0.500000
vt 0.062500 0.515560
vt 0.093750 0.500000
vt 0.093750 0.515560
vt 0.125000 0.500000
vt 0.125000 0.515560
vt 0.156250 0.500000
vt 0.156250 0.515560
vt 0.187500 0.500000
vt 0.187500 0.515560
vt 0.218750 0.500000
vt 0.218750 0.515560
vt 0.250000 0.500000
vt 0.250000 0.515560
vt 0.281250 0.500000
vt 0.281250 0.515560
vt 0.312500 0.500000
vt 0.312500 0.515560
vt 0.343750 0.500000
vt 0.343750 0.515560
vt 0.375000 0.500000
vt 0.375000 0.515560
vt 0.406250 0.500000
vt 0.406250 0.515560
vt 0.437500 0.500000
vt 0.437500 0.515560
vt 0.468750 0.500000
vt 0.468750 0.515560
vt 0.500000 0.500000
vt 0.500000 0.515560
vt 0.531250 0.500000
vt 0.531250 0.515560
vt 0.562500 0.500000
vt 0.562500 0.515560
vt 0.593750 0.500000
vt 0.593750 0.515560
vt 0.625000 0.500000
vt 0.625000 0.515560
vt 0.656250 0.500000
vt 0.656250 0.515560
vt 0.687500 0.500000
vt 0.687500 0.515560
vt 0.718750 0.500000
vt 0.718750 0.515560
vt 0.750000 0.500000
vt 0.750000 0.515560
vt 0.781250 0.500000
vt 0.781250 0.515560
vt 0.812500 0.500000
vt 0.812500 0.515560
vt 0.843750 0.500000
vt 0.843750 0.515560
vt 0.875000 0.500000
vt 0.875000 0.515560
vt 0.906250 0.500000
vt 0.906250 0.515560
vt 0.937500 0.500000
vt 0.937500 0.515560
vt 0.968750 0.500000
vt 0.968750 0.515560
vt 1.000000 0.500000
vt 1.000000 0.515560
vt 0.031250 0.577964
vt 0.000000 0.577964
vt 0.062500 0.577964
vt 0.093750 0.577964
vt 0.125000 0.577964
vt 0.156250 0.577964
vt 0.187500 0.577964
vt 0.218750 0.577964
vt 0.250000 0.577964
vt 0.281250 0.577964
vt 0.312500 0.577964
vt 0.343750 0.577964
vt 0.375000 0.577964
vt 0.406250 0.577964
vt 0.437500 0.577964
vt 0.468750 0.577964
vt 0.500000 0.577964
vt 0.531250 0.577964
vt 0.562500 0.577964
vt 0.593750 0.577964
vt 0.625000 0.577964
vt 0.656250 0.577964
vt 0.687500 0.577964
vt 0.718750 0.577964
vt 0.750000 0.577964
vt 0.781250 0.577964
vt 0.812500 0.577964
vt 0.843750 0.577964
vt 0.875000 0.577964
vt 0.906250 0.577964
vt 0.937500 0.577964
vt 0.968750 0.577964
vt 1.000000 0.577964
vt 0.031250 0.702749
vt 0.000000 0.702749
vt 0.062500 0.702749
vt 0.093750 0.702749
vt 0.125000 0.702749
vt 0.156250 0.702749
vt 0.187500 0.702749
vt 0.218750 0.702749
vt 0.250000 0.702749
vt 0.281250 0.702749
vt 0.312500 0.702749
vt 0.343750 0.702749
vt 0.375000 0.702749
vt 0.406250 0.702749
vt 0.437500 0.702749
vt 0.468750 0.702749
vt 0.500000 0.702749
vt 0.531250 0.702749
vt 0.562500 0.702749
vt 0.593750 0.702749
vt 0.625000 0.702749
vt 0.656250 0.702749
vt 0.687500 0.702749
vt 0.718750 0.702749
vt 0.750000 0.702749
vt 0.781250 0.702749
vt 0.812500 0.702749
vt 0.843750 0.702749
vt 0.875000 0.702749
vt 0.906250 0.702749
vt 0.937500 0.702749
vt 0.968750 0.702749
vt 1.000000 0.702749
vt 0.031250 0.737762
vt 0.000000 0.737762
vt 0.062500 0.737762
vt 0.093750 0.737762
vt 0.125000 0.737762
vt 0.156250 0.737762
vt 0.187500 0.737762
vt 0.218750 0.737762
vt 0.250000 0.737762
vt 0.281250 0.737762
vt 0.312500 0.737762
vt 0.343750 0.737762
vt 0.375000 0.737762
vt 0.406250 0.737762
vt 0.437500 0.737762
vt 0.468750 0.737762
vt 0.500000 0.737762
vt 0.531250 0.737762
vt 0.562500 0.737762
vt 0.593750 0.737762
vt 0.625000 0.737762
vt 0.656250 0.737762
vt 0.687500 0.737762
vt 0.718750 0.737762
vt 0.750000 0.737762
vt 0.781250 0.737762
vt 0.812500 0.737762
vt 0.843750 0.737762
vt 0.875000 0.737762
vt 0.906250 0.737762
vt 0.937500 0.737762
vt 0.968750 0.737762
vt 1.000000 0.737762
vt 0.031250 0.925731
vt 0.000000 0.925731
vt 0.062500 0.925731
vt 0.093750 0.925731
vt 0.125000 0.925731
vt 0.156250 0.925731
vt 0.187500 0.925731
vt 0.218750 0.925731
vt 0.250000 0.925731
vt 0.281250 0.925731
vt 0.312500 0.925731
vt 0.343750 0.925731
vt 0.375000 0.925731
vt 0.406250 0.925731
vt 0.437500 0.925731
vt 0.468750 0.925731
vt 0.500000 0.925731
vt 0.531250 0.925731
vt 0.562500 0.925731
vt 0.593750 0.925731
vt 0.625000 0.925731
vt 0.656250 0.925731
vt 0.687500 0.925731
vt 0.718750 0.925731
vt 0.750000 0.925731
vt 0.781250 0.925731
vt 0.812500 0.925731
vt 0.843750 0.925731
vt 0.875000 0.925731
vt 0.906250 0.925731
vt 0.937500 0.925731
vt 0.968750 0.925731
vt 1.000000 0.925731
vt 0.296822 0.485388
vt 0.250000 0.490000
vt 0.203178 0.485388
vt 0.158156 0.471731
vt 0.116663 0.449553
vt 0.080294 0.419706
vt 0.050447 0.383337
vt 0.028269 0.341844
vt 0.014612 0.296822
vt 0.010000 0.250000
vt 0.014612 0.203178
vt 0.028269 0.158156
vt 0.050447 0.116663
vt 0.080294 0.080294
vt 0.116663 0.050447
vt 0.158156 0.028269
vt 0.203178 0.014612
vt 0.250000 0.010000
vt 0.296822 0.014612
vt 0.341844 0.028269
vt 0.383337 0.050447
vt 0.419706 0.080294
vt 0.449553 0.116663
vt 0.471731 0.158156
vt 0.485388 0.203178
vt 0.490000 0.250000
vt 0.485388 0.296822
vt 0.471731 0.341844
vt 0.449553 0.383337
vt 0.419706 0.419706
vt 0.383337 0.449553
vt 0.341844 0.471731
vt 0.000000 0.000000
vt 0.375000 0.000000
vt 0.625000 0.000000
vt 0.625000 0.250000
vt 0.375000 0.250000
vt 0.375000 0.469343
vt 0.625000 0.469343
vt 0.625000 0.750000
vt 0.375000 0.750000
vt 0.375000 0.780657
vt 0.625000 0.780657
vt 0.655657 0.500000
vt 0.875000 0.750000
vt 0.655657 0.750000
vt 0.344343 0.500000
vt 0.344343 0.750000
vt 0.125000 0.750000
vt 0.375000 0.324392
vt 0.625000 0.324392
vt 0.375000 0.925608
vt 0.625000 0.925608
vt 0.199392 0.500000
vt 0.199392 0.750000
vt 0.800608 0.500000
vt 0.800608 0.750000
s 1
usemtl Material.002
f 193/1/1 2/2/2 4/3/3 194/4/4
f 194/4/4 4/3/3 6/5/5 195/6/6
f 195/6/6 6/5/5 8/7/7 196/8/8
f 196/8/8 8/7/7 10/9/9 197/10/10
f 197/10/10 10/9/9 12/11/11 198/12/12
f 198/12/12 12/11/11 14/13/13 199/14/14
f 199/14/14 14/13/13 16/15/15 200/16/16
f 200/16/16 16/15/15 18/17/17 201/18/18
f 201/18/18 18/17/17 20/19/19 202/20/20
f 202/20/20 20/19/19 22/21/21 203/22/22
f 203/22/22 22/21/21 24/23/23 204/24/24
f 204/24/24 24/23/23 26/25/25 205/26/26
f 205/26/26 26/25/25 28/27/27 206/28/28
f 206/28/28 28/27/27 30/29/29 207/30/30
f 207/30/30 30/29/29 32/31/31 208/32/32
f 208/32/32 32/31/31 34/33/33 209/34/34
f 209/34/34 34/33/33 36/35/35 210/36/36
f 210/36/36 36/35/35 38/37/37 211/38/38
f 211/38/38 38/37/37 40/39/39 212/40/40
f 212/40/40 40/39/39 42/41/41 213/42/42
f 213/42/42 42/41/41 44/43/43 214/44/44
f 214/44/44 44/43/43 46/45/45 215/46/46
f 215/46/46 46/45/45 48/47/47 216/48/48
f 216/48/48 48/47/47 50/49/49 217/50/50
f 217/50/50 50/49/49 52/51/51 218/52/52
f 218/52/52 52/51/51 54/53/53 219/54/54
f 219/54/54 54/53/53 56/55/55 220/56/56
f 220/56/56 56/55/55 58/57/57 221/58/58
f 221/58/58 58/57/57 60/59/59 222/60/60
f 222/60/60 60/59/59 62/61/61 223/62/62
f 64/63/63 62/61/61 287/61/64 288/63/65
f 223/62/62 62/61/61 64/63/63 224/64/66
f 224/64/66 64/63/63 2/65/2 193/66/1
f 1/67/67 3/68/67 5/69/67 7/70/67 9/71/67 11/72/67 13/73/67 15/74/67 17/75/67 19/76/67 21/77/67 23/78/67 25/79/67 27/80/67 29/81/67 31/82/67 33/83/67 35/84/67 37/85/67 39/86/67 41/87/67 43/88/67 45/89/67 47/90/67 49/91/67 51/92/67 53/93/67 55/94/67 57/95/67 59/96/67 61/97/67 63/98/67
f 63/99/68 96/100/69 65/101/70 1/102/71
f 61/103/72 95/104/73 96/100/69 63/99/68
f 59/105/74 94/106/75 95/104/73 61/103/72
f 57/107/76 93/108/77 94/106/75 59/105/74
f 55/109/78 92/110/79 93/108/77 57/107/76
f 53/111/80 91/112/81 92/110/79 55/109/78
f 51/113/82 90/114/83 91/112/81 53/111/80
f 49/115/84 89/116/85 90/114/83 51/113/82
f 47/117/86 88/118/87 89/116/85 49/115/84
f 45/119/88 87/120/89 88/118/87 47/117/86
f 43/121/90 86/122/91 87/120/89 45/119/88
f 41/123/92 85/124/93 86/122/91 43/121/90
f 39/125/94 84/126/95 85/124/93 41/123/92
f 37/127/96 83/128/97 84/126/95 39/125/94
f 35/129/98 82/130/99 83/128/97 37/127/96
f 33/131/100 81/132/101 82/130/99 35/129/98
f 31/133/102 80/134/103 81/132/101 33/131/100
f 29/135/104 79/136/105 80/134/103 31/133/102
f 27/137/106 78/138/107 79/136/105 29/135/104
f 25/139/108 77/140/109 78/138/107 27/137/106
f 23/141/110 76/142/111 77/140/109 25/139/108
f 21/143/112 75/144/113 76/142/111 23/141/110
f 19/145/114 74/146/115 75/144/113 21/143/112
f 17/147/116 73/148/117 74/146/115 19/145/114
f 15/149/118 72/150/119 73/148/117 17/147/116
f 13/151/120 71/152/121 72/150/119 15/149/118
f 11/153/122 70/154/123 71/152/121 13/151/120
f 9/155/124 69/156/125 70/154/123 11/153/122
f 7/157/126 68/158/127 69/156/125 9/155/124
f 5/159/128 67/160/129 68/158/127 7/157/126
f 3/161/130 66/162/131 67/160/129 5/159/128
f 1/163/71 65/164/70 66/162/131 3/161/130
f 96/100/69 128/165/132 97/166/133 65/101/70
f 95/104/73 127/167/134 128/165/132 96/100/69
f 94/106/75 126/168/135 127/167/134 95/104/73
f 93/108/77 125/169/136 126/168/135 94/106/75
f 92/110/79 124/170/137 125/169/136 93/108/77
f 91/112/81 123/171/138 124/170/137 92/110/79
f 90/114/83 122/172/139 123/171/138 91/112/81
f 89/116/85 121/173/140 122/172/139 90/114/83
f 88/118/87 120/174/141 121/173/140 89/116/85
f 87/120/89 119/175/142 120/174/141 88/118/87
f 86/122/91 118/176/143 119/175/142 87/120/89
f 85/124/93 117/177/144 118/176/143 86/122/91
f 84/126/95 116/178/145 117/177/144 85/124/93
f 83/128/97 115/179/146 116/178/145 84/126/95
f 82/130/99 114/180/147 115/179/146 83/128/97
f 81/132/101 113/181/148 114/180/147 82/130/99
f 80/134/103 112/182/149 113/181/148 81/132/101
f 79/136/105 111/183/150 112/182/149 80/134/103
f 78/138/107 110/184/151 111/183/150 79/136/105
f 77/140/109 109/185/152 110/184/151 78/138/107
f 76/142/111 108/186/153 109/185/152 77/140/109
f 75/144/113 107/187/154 108/186/153 76/142/111
f 74/146/115 106/188/155 107/187/154 75/144/113
f 73/148/117 105/189/156 106/188/155 74/146/115
f 72/150/119 104/190/157 105/189/156 73/148/117
f 71/152/121 103/191/158 104/190/157 72/150/119
f 70/154/123 102/192/159 103/191/158 71/152/121
f 69/156/125 101/193/160 102/192/159 70/154/123
f 68/158/127 100/194/161 101/193/160 69/156/125
f 67/160/129 99/195/162 100/194/161 68/158/127
f 66/162/131 98/196/163 99/195/162 67/160/129
f 65/164/70 97/197/133 98/196/163 66/162/131
f 128/165/132 160/198/164 129/199/165 97/166/133
f 127/167/134 159/200/166 160/198/164 128/165/132
f 126/168/135 158/201/167 159/200/166 127/167/134
f 125/169/136 157/202/168 158/201/167 126/168/135
f 124/170/137 156/203/169 157/202/168 125/169/136
f 123/171/138 155/204/170 156/203/169 124/170/137
f 122/172/139 154/205/171 155/204/170 123/171/138
f 121/173/140 153/206/172 154/205/171 122/172/139
f 120/174/141 152/207/173 153/206/172 121/173/140
f 119/175/142 151/208/174 152/207/173 120/174/141
f 118/176/143 150/209/175 151/208/174 119/175/142
f 117/177/144 149/210/176 150/209/175 118/176/143
f 116/178/145 148/211/177 149/210/176 117/177/144
f 115/179/146 147/212/178 148/211/177 116/178/145
f 114/180/147 146/213/179 147/212/178 115/179/146
f 113/181/148 145/214/180 146/213/179 114/180/147
f 112/182/149 144/215/181 145/214/180 113/181/148
f 111/183/150 143/216/182 144/215/181 112/182/149
f 110/184/151 142/217/183 143/216/182 111/183/150
f 109/185/152 141/218/184 142/217/183 110/184/151
f 108/186/153 140/219/185 141/218/184 109/185/152
f 107/187/154 139/220/186 140/219/185 108/186/153
f 106/188/155 138/221/187 139/220/186 107/187/154
f 105/189/156 137/222/188 138/221/187 106/188/155
f 104/190/157 136/223/189 137/222/188 105/189/156
f 103/191/158 135/224/190 136/223/189 104/190/157
f 102/192/159 134/225/191 135/224/190 103/191/158
f 101/193/160 133/226/192 134/225/191 102/192/159
f 100/194/161 132/227/193 133/226/192 101/193/160
f 99/195/162 131/228/194 132/227/193 100/194/161
f 98/196/163 130/229/195 131/228/194 99/195/162
f 97/197/133 129/230/165 130/229/195 98/196/163
f 160/198/164 192/231/196 161/232/197 129/199/165
f 159/200/166 191/233/198 192/231/196 160/198/164
f 158/201/167 190/234/199 191/233/198 159/200/166
f 157/202/168 189/235/200 190/234/199 158/201/167
f 156/203/169 188/236/201 189/235/200 157/202/168
f 155/204/170 187/237/202 188/236/201 156/203/169
f 154/205/171 186/238/203 187/237/202 155/204/170
f 153/206/172 185/239/204 186/238/203 154/205/171
f 152/207/173 184/240/205 185/239/204 153/206/172
f 151/208/174 183/241/206 184/240/205 152/207/173
f 150/209/175 182/242/207 183/241/206 151/208/174
f 149/210/176 181/243/208 182/242/207 150/209/175
f 148/211/177 180/244/209 181/243/208 149/210/176
f 147/212/178 179/245/210 180/244/209 148/211/177
f 146/213/179 178/246/211 179/245/210 147/212/178
f 145/214/180 177/247/212 178/246/211 146/213/179
f 144/215/181 176/248/213 177/247/212 145/214/180
f 143/216/182 175/249/214 176/248/213 144/215/181
f 142/217/183 174/250/215 175/249/214 143/216/182
f 141/218/184 173/251/216 174/250/215 142/217/183
f 140/219/185 172/252/217 173/251/216 141/218/184
f 139/220/186 171/253/218 172/252/217 140/219/185
f 138/221/187 170/254/219 171/253/218 139/220/186
f 137/222/188 169/255/220 170/254/219 138/221/187
f 136/223/189 168/256/221 169/255/220 137/222/188
f 135/224/190 167/257/222 168/256/221 136/223/189
f 134/225/191 166/258/223 167/257/222 135/224/190
f 133/226/192 165/259/224 166/258/223 134/225/191
f 132/227/193 164/260/225 165/259/224 133/226/192
f 131/228/194 163/261/226 164/260/225 132/227/193
f 130/229/195 162/262/227 163/261/226 131/228/194
f 129/230/165 161/263/197 162/262/227 130/229/195
f 255/264/228 224/64/66 193/66/1 256/265/229
f 254/266/230 223/62/62 224/64/66 255/264/228
f 253/267/231 222/60/60 223/62/62 254/266/230
f 252/268/232 221/58/58 222/60/60 253/267/231
f 251/269/233 220/56/56 221/58/58 252/268/232
f 250/270/234 219/54/54 220/56/56 251/269/233
f 249/271/235 218/52/52 219/54/54 250/270/234
f 248/272/236 217/50/50 218/52/52 249/271/235
f 247/273/237 216/48/48 217/50/50 248/272/236
f 246/274/238 215/46/46 216/48/48 247/273/237
f 245/275/239 214/44/44 215/46/46 246/274/238
f 244/276/240 213/42/42 214/44/44 245/275/239
f 243/277/241 212/40/40 213/42/42 244/276/240
f 242/278/242 211/38/38 212/40/40 243/277/241
f 241/279/243 210/36/36 211/38/38 242/278/242
f 240/280/244 209/34/34 210/36/36 241/279/243
f 239/281/245 208/32/32 209/34/34 240/280/244
f 238/282/246 207/30/30 208/32/32 239/281/245
f 237/283/247 206/28/28 207/30/30 238/282/246
f 236/284/248 205/26/26 206/28/28 237/283/247
f 235/285/249 204/24/24 205/26/26 236/284/248
f 234/286/250 203/22/22 204/24/24 235/285/249
f 233/287/251 202/20/20 203/22/22 234/286/250
f 232/288/252 201/18/18 202/20/20 233/287/251
f 231/289/253 200/16/16 201/18/18 232/288/252
f 230/290/254 199/14/14 200/16/16 231/289/253
f 229/291/255 198/12/12 199/14/14 230/290/254
f 228/292/256 197/10/10 198/12/12 229/291/255
f 227/293/257 196/8/8 197/10/10 228/292/256
f 226/294/258 195/6/6 196/8/8 227/293/257
f 225/295/259 194/4/4 195/6/6 226/294/258
f 256/296/229 193/1/1 194/4/4 225/295/259
f 161/263/197 256/296/229 225/295/259 162/262/227
f 162/262/227 225/295/259 226/294/258 163/261/226
f 163/261/226 226/294/258 227/293/257 164/260/225
f 164/260/225 227/293/257 228/292/256 165/259/224
f 165/259/224 228/292/256 229/291/255 166/258/223
f 166/258/223 229/291/255 230/290/254 167/257/222
f 167/257/222 230/290/254 231/289/253 168/256/221
f 168/256/221 231/289/253 232/288/252 169/255/220
f 169/255/220 232/288/252 233/287/251 170/254/219
f 170/254/219 233/287/251 234/286/250 171/253/218
f 171/253/218 234/286/250 235/285/249 172/252/217
f 172/252/217 235/285/249 236/284/248 173/251/216
f 173/251/216 236/284/248 237/283/247 174/250/215
f 174/250/215 237/283/247 238/282/246 175/249/214
f 175/249/214 238/282/246 239/281/245 176/248/213
f 176/248/213 239/281/245 240/280/244 177/247/212
f 177/247/212 240/280/244 241/279/243 178/246/211
f 178/246/211 241/279/243 242/278/242 179/245/210
f 179/245/210 242/278/242 243/277/241 180/244/209
f 180/244/209 243/277/241 244/276/240 181/243/208
f 181/243/208 244/276/240 245/275/239 182/242/207
f 182/242/207 245/275/239 246/274/238 183/241/206
f 183/241/206 246/274/238 247/273/237 184/240/205
f 184/240/205 247/273/237 248/272/236 185/239/204
f 185/239/204 248/272/236 249/271/235 186/238/203
f 186/238/203 249/271/235 250/270/234 187/237/202
f 187/237/202 250/270/234 251/269/233 188/236/201
f 188/236/201 251/269/233 252/268/232 189/235/200
f 189/235/200 252/268/232 253/267/231 190/234/199
f 190/234/199 253/267/231 254/266/230 191/233/198
f 191/233/198 254/266/230 255/264/228 192/231/196
f 192/231/196 255/264/228 256/265/229 161/232/197
f 272/31/260 271/29/261 303/29/104 304/31/102
f 20/19/19 18/17/17 265/17/262 266/19/263
f 38/37/37 36/35/35 274/35/264 275/37/265
f 56/55/55 54/53/53 283/53/266 284/55/267
f 12/11/11 10/9/9 261/9/268 262/11/269
f 30/29/29 28/27/27 270/27/270 271/29/261
f 48/47/47 46/45/45 279/45/271 280/47/272
f 4/3/3 2/2/2 258/2/273 257/3/274
f 2/65/2 64/63/63 288/63/65 258/65/273
f 22/21/21 20/19/19 266/19/263 267/21/275
f 40/39/39 38/37/37 275/37/265 276/39/276
f 58/57/57 56/55/55 284/55/267 285/57/277
f 14/13/13 12/11/11 262/11/269 263/13/278
f 32/31/31 30/29/29 271/29/261 272/31/260
f 50/49/49 48/47/47 280/47/272 281/49/279
f 6/5/5 4/3/3 257/3/274 259/5/280
f 24/23/23 22/21/21 267/21/275 268/23/281
f 42/41/41 40/39/39 276/39/276 277/41/282
f 60/59/59 58/57/57 285/57/277 286/59/283
f 16/15/15 14/13/13 263/13/278 264/15/284
f 34/33/33 32/31/31 272/31/260 273/33/285
f 52/51/51 50/49/49 281/49/279 282/51/286
f 8/7/7 6/5/5 259/5/280 260/7/287
f 26/25/25 24/23/23 268/23/281 269/25/288
f 44/43/43 42/41/41 277/41/282 278/43/289
f 62/61/61 60/59/59 286/59/283 287/61/64
f 18/17/17 16/15/15 264/15/284 265/17/262
f 36/35/35 34/33/33 273/33/285 274/35/264
f 54/53/53 52/51/51 282/51/286 283/53/266
f 10/9/9 8/7/7 260/7/287 261/9/268
f 28/27/27 26/25/25 269/25/288 270/27/270
f 46/45/45 44/43/43 278/43/289 279/45/271
f 289/297/290 290/298/290 320/299/290 319/300/290 318/301/290 317/302/290 316/303/290 315/304/290 314/305/290 313/306/290 312/307/290 311/308/290 310/309/290 309/310/290 308/311/290 307/312/290 306/313/290 305/314/290 304/315/290 303/316/290 302/317/290 301/318/290 300/319/290 299/320/290 298/321/290 297/322/290 296/323/290 295/324/290 294/325/290 293/326/290 292/327/290 291/328/290
f 259/5/280 257/3/274 289/3/130 291/5/128
f 286/59/283 285/57/277 317/57/76 318/59/74
f 273/33/285 272/31/260 304/31/102 305/33/100
f 260/7/287 259/5/280 291/5/128 292/7/126
f 287/61/64 286/59/283 318/59/74 319/61/72
f 274/35/264 273/33/285 305/33/100 306/35/98
f 261/9/268 260/7/287 292/7/126 293/9/124
f 288/63/65 287/61/64 319/61/72 320/63/68
f 275/37/265 274/35/264 306/35/98 307/37/96
f 262/11/269 261/9/268 293/9/124 294/11/122
f 258/65/273 288/63/65 320/63/68 290/65/71
f 276/39/276 275/37/265 307/37/96 308/39/94
f 263/13/278 262/11/269 294/11/122 295/13/120
f 277/41/282 276/39/276 308/39/94 309/41/92
f 264/15/284 263/13/278 295/13/120 296/15/118
f 278/43/289 277/41/282 309/41/92 310/43/90
f 265/17/262 264/15/284 296/15/118 297/17/116
f 279/45/271 278/43/289 310/43/90 311/45/88
f 266/19/263 265/17/262 297/17/116 298/19/114
f 280/47/272 279/45/271 311/45/88 312/47/86
f 267/21/275 266/19/263 298/19/114 299/21/112
f 281/49/279 280/47/272 312/47/86 313/49/84
f 268/23/281 267/21/275 299/21/112 300/23/110
f 282/51/286 281/49/279 313/49/84 314/51/82
f 269/25/288 268/23/281 300/23/110 301/25/108
f 283/53/266 282/51/286 314/51/82 315/53/80
f 270/27/270 269/25/288 301/25/108 302/27/106
f 284/55/267 283/53/266 315/53/80 316/55/78
f 271/29/261 270/27/270 302/27/106 303/29/104
f 257/3/274 258/2/273 290/2/71 289/3/130
f 285/57/277 284/55/267 316/55/78 317/57/76
f 348/329/291 347/329/292 379/329/293 380/329/294
f 335/329/295 334/329/296 366/329/297 367/329/298
f 322/329/299 321/329/84 353/329/84 354/329/299
f 349/329/300 348/329/291 380/329/294 381/329/301
f 336/329/302 335/329/295 367/329/298 368/329/302
f 323/329/303 322/329/299 354/329/299 355/329/304
f 350/329/305 349/329/300 381/329/301 382/329/306
f 337/329/116 336/329/302 368/329/302 369/329/116
f 324/329/307 323/329/303 355/329/304 356/329/308
f 351/329/309 350/329/305 382/329/306 383/329/310
f 338/329/311 337/329/116 369/329/116 370/329/311
f 325/329/312 324/329/307 356/329/308 357/329/313
f 352/329/314 351/329/309 383/329/310 384/329/314
f 339/329/315 338/329/311 370/329/311 371/329/316
f 326/329/317 325/329/312 357/329/313 358/329/318
f 321/329/84 352/329/314 384/329/314 353/329/84
f 340/329/319 339/329/315 371/329/316 372/329/320
f 327/329/321 326/329/317 358/329/318 359/329/322
f 341/329/323 340/329/319 372/329/320 373/329/324
f 328/329/325 327/329/321 359/329/322 360/329/326
f 342/329/327 341/329/323 373/329/324 374/329/328
f 329/329/329 328/329/325 360/329/326 361/329/330
f 343/329/331 342/329/327 374/329/328 375/329/332
f 330/329/333 329/329/329 361/329/330 362/329/334
f 344/329/335 343/329/331 375/329/332 376/329/336
f 331/329/337 330/329/333 362/329/334 363/329/338
f 345/329/339 344/329/335 376/329/336 377/329/340
f 332/329/341 331/329/337 363/329/338 364/329/342
f 346/329/343 345/329/339 377/329/340 378/329/344
f 333/329/345 332/329/341 364/329/342 365/329/346
f 347/329/292 346/329/343 378/329/344 379/329/293
f 334/329/296 333/329/345 365/329/346 366/329/297
f 355/329/347 354/329/348 386/329/348 387/329/349
f 382/329/350 381/329/351 413/329/352 414/329/353
f 369/329/354 368/329/355 400/329/356 401/329/354
f 356/329/357 355/329/347 387/329/349 388/329/358
f 383/329/359 382/329/350 414/329/353 415/329/360
f 370/329/361 369/329/354 401/329/354 402/329/362
f 357/329/363 356/329/357 388/329/358 389/329/364
f 384/329/365 383/329/359 415/329/360 416/329/365
f 371/329/366 370/329/361 402/329/362 403/329/367
f 358/329/368 357/329/363 389/329/364 390/329/369
f 353/329/370 384/329/365 416/329/365 385/329/370
f 372/329/371 371/329/366 403/329/367 404/329/372
f 359/329/373 358/329/368 390/329/369 391/329/374
f 373/329/375 372/329/371 404/329/372 405/329/376
f 360/329/377 359/329/373 391/329/374 392/329/378
f 374/329/379 373/329/375 405/329/376 406/329/380
f 361/329/381 360/329/377 392/329/378 393/329/382
f 375/329/383 374/329/379 406/329/380 407/329/384
f 362/329/385 361/329/381 393/329/382 394/329/386
f 376/329/387 375/329/383 407/329/384 408/329/388
f 363/329/389 362/329/385 394/329/386 395/329/390
f 377/329/391 376/329/387 408/329/388 409/329/392
f 364/329/393 363/329/389 395/329/390 396/329/394
f 378/329/395 377/329/391 409/329/392 410/329/396
f 365/329/397 364/329/393 396/329/394 397/329/398
f 379/329/399 378/329/395 410/329/396 411/329/400
f 366/329/401 365/329/397 397/329/398 398/329/402
f 380/329/403 379/329/399 411/329/400 412/329/404
f 367/329/405 366/329/401 398/329/402 399/329/406
f 354/329/348 353/329/370 385/329/370 386/329/348
f 381/329/351 380/329/403 412/329/404 413/329/352
f 368/329/355 367/329/405 399/329/406 400/329/356
f 390/329/317 389/329/312 421/329/313 422/329/318
f 385/329/84 416/329/314 448/329/314 417/329/84
f 404/329/319 403/329/407 435/329/316 436/329/320
f 391/329/408 390/329/317 422/329/318 423/329/409
f 405/329/323 404/329/319 436/329/320 437/329/324
f 392/329/325 391/329/408 423/329/409 424/329/326
f 406/329/327 405/329/323 437/329/324 438/329/328
f 393/329/329 392/329/325 424/329/326 425/329/330
f 407/329/410 406/329/327 438/329/328 439/329/411
f 394/329/333 393/329/329 425/329/330 426/329/334
f 408/329/335 407/329/410 439/329/411 440/329/336
f 395/329/412 394/329/333 426/329/334 427/329/413
f 409/329/339 408/329/335 440/329/336 441/329/340
f 396/329/341 395/329/412 427/329/413 428/329/342
f 410/329/343 409/329/339 441/329/340 442/329/344
f 397/329/345 396/329/341 428/329/342 429/329/346
f 411/329/414 410/329/343 442/329/344 443/329/415
f 398/329/296 397/329/345 429/329/346 430/329/297
f 412/329/291 411/329/414 443/329/415 444/329/294
f 399/329/416 398/329/296 430/329/297 431/329/298
f 386/329/299 385/329/84 417/329/84 418/329/299
f 413/329/300 412/329/291 444/329/294 445/329/301
f 400/329/302 399/329/416 431/329/298 432/329/302
f 387/329/303 386/329/299 418/329/299 419/329/417
f 414/329/305 413/329/300 445/329/301 446/329/306
f 401/329/116 400/329/302 432/329/302 433/329/116
f 388/329/307 387/329/303 419/329/417 420/329/308
f 415/329/309 414/329/305 446/329/306 447/329/418
f 402/329/311 401/329/116 433/329/116 434/329/311
f 389/329/312 388/329/307 420/329/308 421/329/313
f 416/329/314 415/329/309 447/329/418 448/329/314
f 403/329/407 402/329/311 434/329/311 435/329/316
f 422/329/419 421/329/419 453/329/419 454/329/419
f 417/329/419 448/329/419 480/329/419 449/329/419
f 436/329/419 435/329/419 467/329/419 468/329/419
f 423/329/419 422/329/419 454/329/419 455/329/419
f 437/329/419 436/329/419 468/329/419 469/329/419
f 424/329/419 423/329/419 455/329/419 456/329/419
f 438/329/419 437/329/419 469/329/419 470/329/419
f 425/329/419 424/329/419 456/329/419 457/329/419
f 439/329/419 438/329/419 470/329/419 471/329/419
f 426/329/419 425/329/419 457/329/419 458/329/419
f 440/329/419 439/329/419 471/329/419 472/329/419
f 427/329/419 426/329/419 458/329/419 459/329/419
f 441/329/419 440/329/419 472/329/419 473/329/419
f 428/329/419 427/329/419 459/329/419 460/329/419
f 442/329/419 441/329/419 473/329/419 474/329/419
f 429/329/419 428/329/419 460/329/419 461/329/419
f 443/329/419 442/329/419 474/329/419 475/329/419
f 430/329/419 429/329/419 461/329/419 462/329/419
f 444/329/419 443/329/419 475/329/419 476/329/419
f 431/329/419 430/329/419 462/329/419 463/329/419
f 418/329/419 417/329/419 449/329/419 450/329/419
f 445/329/419 444/329/419 476/329/419 477/329/419
f 432/329/419 431/329/419 463/329/419 464/329/419
f 419/329/419 418/329/419 450/329/419 451/329/419
f 446/329/419 445/329/419 477/329/419 478/329/419
f 433/329/419 432/329/419 464/329/419 465/329/419
f 420/329/419 419/329/419 451/329/419 452/329/419
f 447/329/419 446/329/419 478/329/419 479/329/419
f 434/329/419 433/329/419 465/329/419 466/329/419
f 421/329/419 420/329/419 452/329/419 453/329/419
f 448/329/419 447/329/419 479/329/419 480/329/419
f 435/329/419 434/329/419 466/329/419 467/329/419
f 457/329/329 456/329/325 488/329/326 489/329/330
f 471/329/410 470/329/327 502/329/328 503/329/411
f 458/329/333 457/329/329 489/329/330 490/329/334
f 472/329/335 471/329/410 503/329/411 504/329/336
f 459/329/412 458/329/333 490/329/334 491/329/413
f 473/329/339 472/329/335 504/329/336 505/329/340
f 460/329/341 459/329/412 491/329/413 492/329/342
f 474/329/343 473/329/339 505/329/340 506/329/344
f 461/329/345 460/329/341 492/329/342 493/329/346
f 475/329/414 474/329/343 506/329/344 507/329/415
f 462/329/296 461/329/345 493/329/346 494/329/297
f 476/329/291 475/329/414 507/329/415 508/329/294
f 463/329/416 462/329/296 494/329/297 495/329/298
f 450/329/299 449/329/84 481/329/84 482/329/299
f 477/329/300 476/329/291 508/329/294 509/329/301
f 464/329/302 463/329/416 495/329/298 496/329/302
f 451/329/303 450/329/299 482/329/299 483/329/417
f 478/329/305 477/329/300 509/329/301 510/329/306
f 465/329/116 464/329/302 496/329/302 497/329/116
f 452/329/307 451/329/303 483/329/417 484/329/308
f 479/329/309 478/329/305 510/329/306 511/329/418
f 466/329/311 465/329/116 497/329/116 498/329/311
f 453/329/312 452/329/307 484/329/308 485/329/313
f 480/329/314 479/329/309 511/329/418 512/329/314
f 467/329/407 466/329/311 498/329/311 499/329/316
f 454/329/317 453/329/312 485/329/313 486/329/318
f 449/329/84 480/329/314 512/329/314 481/329/84
f 468/329/319 467/329/407 499/329/316 500/329/320
f 455/329/408 454/329/317 486/329/318 487/329/409
f 469/329/323 468/329/319 500/329/320 501/329/324
f 456/329/325 455/329/408 487/329/409 488/329/326
f 470/329/327 469/329/323 501/329/324 502/329/328
f 482/329/419 481/329/419 512/329/419 511/329/419 510/329/419 509/329/419 508/329/419 507/329/419 506/329/419 505/329/419 504/329/419 503/329/419 502/329/419 501/329/419 500/329/419 499/329/419 498/329/419 497/329/419 496/329/419 495/329/419 494/329/419 493/329/419 492/329/419 491/329/419 490/329/419 489/329/419 488/329/419 487/329/419 486/329/419 485/329/419 484/329/419 483/329/419
f 322/329/420 323/329/420 324/329/420 325/329/420 326/329/420 327/329/420 328/329/420 329/329/420 330/329/420 331/329/420 332/329/420 333/329/420 334/329/420 335/329/420 336/329/420 337/329/420 338/329/420 339/329/420 340/329/420 341/329/420 342/329/420 343/329/420 344/329/420 345/329/420 346/329/420 347/329/420 348/329/420 349/329/420 350/329/420 351/329/420 352/329/420 321/329/420
usemtl Material.001
f 938/329/610 939/329/611 971/329/611 970/329/610
f 981/329/612 926/329/612 958/329/612 982/329/612
f 939/329/611 940/329/563 972/329/563 971/329/611
f 940/329/563 941/329/290 973/329/290 972/329/563
f 941/329/290 942/329/566 974/329/566 973/329/290
f 942/329/566 943/329/568 975/329/568 974/329/566
f 943/329/568 944/329/569 976/329/569 975/329/568
f 917/329/84 918/329/299 950/329/299 949/329/84
f 944/329/569 945/329/548 977/329/548 976/329/569
f 918/329/299 919/329/558 951/329/558 950/329/299
f 945/329/548 946/329/547 978/329/547 977/329/548
f 919/329/558 920/329/560 952/329/560 951/329/558
f 946/329/547 947/329/551 979/329/551 978/329/547
f 933/329/613 934/329/311 966/329/311 965/329/613
f 920/329/560 921/329/562 953/329/562 952/329/560
f 947/329/551 948/329/314 980/329/314 979/329/551
f 934/329/311 935/329/553 967/329/553 966/329/311
f 921/329/562 922/329/564 954/329/564 953/329/562
f 948/329/314 917/329/84 949/329/84 980/329/314
f 935/329/553 936/329/555 968/329/555 967/329/553
f 922/329/564 923/329/565 955/329/565 954/329/564
f 936/329/555 937/329/557 969/329/557 968/329/555
f 923/329/565 924/329/567 956/329/567 955/329/565
f 937/329/557 938/329/610 970/329/610 969/329/557
f 924/329/567 925/329/614 957/329/614 956/329/567
f 925/329/614 981/329/615 982/329/615 957/329/614
f 950/329/100 951/329/100 952/329/100 953/329/100 954/329/100 955/329/100 956/329/100 957/329/100 982/329/100 958/329/100 959/329/100 960/329/100 961/329/100 962/329/100 963/329/100 964/329/100 965/329/100 966/329/100 967/329/100 968/329/100 969/329/100 970/329/100 971/329/100 972/329/100 973/329/100 974/329/100 975/329/100 976/329/100 977/329/100 978/329/100 979/329/100 980/329/100 949/329/100
f 918/329/71 917/329/71 948/329/71 947/329/71 946/329/71 945/329/71 944/329/71 943/329/71 942/329/71 941/329/71 940/329/71 939/329/71 938/329/71 937/329/71 936/329/71 935/329/71 934/329/71 933/329/71 932/329/71 931/329/71 930/329/71 929/329/71 928/329/71 927/329/71 926/329/71 981/329/71 925/329/71 924/329/71 923/329/71 922/329/71 921/329/71 920/329/71 919/329/71
f 983/330/67 984/331/67 986/332/67 985/333/67
f 991/346/71 992/347/71 990/139/71 989/123/71
f 989/123/290 990/139/290 988/336/290 987/337/290
f 993/348/100 994/349/100 984/25/100 983/41/100
f 991/350/116 989/123/116 987/337/116 993/351/116
f 986/332/67 984/331/67 995/331/67 996/332/67
f 990/139/84 992/352/84 994/353/84 988/336/84
f 987/337/100 988/336/100 994/349/100 993/348/100
f 985/333/71 986/332/71 992/347/71 991/346/71
f 998/352/84 996/155/84 995/341/84 997/353/84
f 992/347/71 986/332/71 996/332/71 998/347/71
f 984/25/100 994/349/100 997/349/100 995/25/100
f 994/353/290 992/352/290 998/352/290 997/353/290
f 1002/329/560 1001/329/558 1033/329/558 1034/329/560
f 1029/329/551 1028/329/547 1060/329/547 1061/329/551
f 1016/329/311 1015/329/116 1047/329/116 1048/329/311
f 1003/329/562 1002/329/560 1034/329/560 1035/329/562
f 1030/329/314 1029/329/551 1061/329/551 1062/329/314
f 1017/329/553 1016/329/311 1048/329/311 1049/329/553
f 1004/329/564 1003/329/562 1035/329/562 1036/329/564
f 999/329/84 1030/329/314 1062/329/314 1031/329/84
f 1018/329/555 1017/329/553 1049/329/553 1050/329/555
f 1005/329/565 1004/329/564 1036/329/564 1037/329/565
f 1019/329/557 1018/329/555 1050/329/555 1051/329/557
f 1006/329/567 1005/329/565 1037/329/565 1038/329/567
f 1020/329/559 1019/329/557 1051/329/557 1052/329/559
f 1007/329/67 1006/329/567 1038/329/567 1039/329/67
f 1021/329/561 1020/329/559 1052/329/559 1053/329/561
f 1008/329/570 1007/329/67 1039/329/67 1040/329/570
f 1022/329/563 1021/329/561 1053/329/561 1054/329/563
f 1009/329/550 1008/329/570 1040/329/570 1041/329/550
f 1023/329/290 1022/329/563 1054/329/563 1055/329/290
f 1010/329/549 1009/329/550 1041/329/550 1042/329/549
f 1024/329/566 1023/329/290 1055/329/290 1056/329/566
f 1011/329/552 1010/329/549 1042/329/549 1043/329/552
f 1025/329/568 1024/329/566 1056/329/566 1057/329/568
f 1012/329/554 1011/329/552 1043/329/552 1044/329/554
f 1026/329/569 1025/329/568 1057/329/568 1058/329/569
f 1013/329/556 1012/329/554 1044/329/554 1045/329/556
f 1000/329/299 999/329/84 1031/329/84 1032/329/299
f 1027/329/548 1026/329/569 1058/329/569 1059/329/548
f 1014/329/302 1013/329/556 1045/329/556 1046/329/302
f 1001/329/558 1000/329/299 1032/329/299 1033/329/558
f 1028/329/547 1027/329/548 1059/329/548 1060/329/547
f 1015/329/116 1014/329/302 1046/329/302 1047/329/116
f 1032/329/71 1031/329/71 1062/329/71 1061/329/71 1060/329/71 1059/329/71 1058/329/71 1057/329/71 1056/329/71 1055/329/71 1054/329/71 1053/329/71 1052/329/71 1051/329/71 1050/329/71 1049/329/71 1048/329/71 1047/329/71 1046/329/71 1045/329/71 1044/329/71 1043/329/71 1042/329/71 1041/329/71 1040/329/71 1039/329/71 1038/329/71 1037/329/71 1036/329/71 1035/329/71 1034/329/71 1033/329/71
f 1068/329/532 1067/329/529 1099/329/529 1100/329/532
f 1063/329/100 1094/329/530 1126/329/530 1095/329/100
f 1082/329/533 1081/329/531 1113/329/531 1114/329/533
f 1069/329/534 1068/329/532 1100/329/532 1101/329/534
f 1083/329/535 1082/329/533 1114/329/533 1115/329/535
f 1070/329/536 1069/329/534 1101/329/534 1102/329/536
f 1084/329/537 1083/329/535 1115/329/535 1116/329/537
f 1071/329/290 1070/329/536 1102/329/536 1103/329/290
f 1085/329/538 1084/329/537 1116/329/537 1117/329/538
f 1072/329/539 1071/329/290 1103/329/290 1104/329/539
f 1086/329/540 1085/329/538 1117/329/538 1118/329/540
f 1073/329/541 1072/329/539 1104/329/539 1105/329/541
f 1087/329/67 1086/329/540 1118/329/540 1119/329/67
f 1074/329/542 1073/329/541 1105/329/541 1106/329/542
f 1088/329/543 1087/329/67 1119/329/67 1120/329/543
f 1075/329/544 1074/329/542 1106/329/542 1107/329/544
f 1089/329/545 1088/329/543 1120/329/543 1121/329/545
f 1076/329/546 1075/329/544 1107/329/544 1108/329/546
f 1090/329/521 1089/329/545 1121/329/545 1122/329/521
f 1077/329/523 1076/329/546 1108/329/546 1109/329/523
f 1064/329/519 1063/329/100 1095/329/100 1096/329/519
f 1091/329/520 1090/329/521 1122/329/521 1123/329/520
f 1078/329/522 1077/329/523 1109/329/523 1110/329/522
f 1065/329/524 1064/329/519 1096/329/519 1097/329/524
f 1092/329/525 1091/329/520 1123/329/520 1124/329/525
f 1079/329/71 1078/329/522 1110/329/522 1111/329/71
f 1066/329/526 1065/329/524 1097/329/524 1098/329/526
f 1093/329/527 1092/329/525 1124/329/525 1125/329/527
f 1080/329/528 1079/329/71 1111/329/71 1112/329/528
f 1067/329/529 1066/329/526 1098/329/526 1099/329/529
f 1094/329/530 1093/329/527 1125/329/527 1126/329/530
f 1081/329/531 1080/329/528 1112/329/528 1113/329/531
f 1103/329/116 1102/329/116 1134/329/116 1135/329/116
f 1117/329/116 1116/329/116 1148/329/116 1149/329/116
f 1104/329/116 1103/329/116 1135/329/116 1136/329/116
f 1118/329/116 1117/329/116 1149/329/116 1150/329/116
f 1105/329/116 1104/329/116 1136/329/116 1137/329/116
f 1119/329/116 1118/329/116 1150/329/116 1151/329/116
f 1106/329/116 1105/329/116 1137/329/116 1138/329/116
f 1120/329/116 1119/329/116 1151/329/116 1152/329/116
f 1107/329/116 1106/329/116 1138/329/116 1139/329/116
f 1121/329/116 1120/329/116 1152/329/116 1153/329/116
f 1108/329/116 1107/329/116 1139/329/116 1140/329/116
f 1122/329/116 1121/329/116 1153/329/116 1154/329/116
f 1109/329/116 1108/329/116 1140/329/116 1141/329/116
f 1096/329/116 1095/329/116 1127/329/116 1128/329/116
f 1123/329/116 1122/329/116 1154/329/116 1155/329/116
f 1110/329/116 1109/329/116 1141/329/116 1142/329/116
f 1097/329/116 1096/329/116 1128/329/116 1129/329/116
f 1124/329/116 1123/329/116 1155/329/116 1156/329/116
f 1111/329/116 1110/329/116 1142/329/116 1143/329/116
f 1098/329/116 1097/329/116 1129/329/116 1130/329/116
f 1125/329/116 1124/329/116 1156/329/116 1157/329/116
f 1112/329/116 1111/329/116 1143/329/116 1144/329/116
f 1099/329/116 1098/329/116 1130/329/116 1131/329/116
f 1126/329/116 1125/329/116 1157/329/116 1158/329/116
f 1113/329/116 1112/329/116 1144/329/116 1145/329/116
f 1100/329/116 1099/329/116 1131/329/116 1132/329/116
f 1095/329/116 1126/329/116 1158/329/116 1127/329/116
f 1114/329/116 1113/329/116 1145/329/116 1146/329/116
f 1101/329/116 1100/329/116 1132/329/116 1133/329/116
f 1115/329/116 1114/329/116 1146/329/116 1147/329/116
f 1102/329/116 1101/329/116 1133/329/116 1134/329/116
f 1116/329/116 1115/329/116 1147/329/116 1148/329/116
f 1152/329/543 1151/329/67 1183/329/67 1184/329/543
f 1139/329/544 1138/329/542 1170/329/542 1171/329/544
f 1153/329/545 1152/329/543 1184/329/543 1185/329/545
f 1140/329/546 1139/329/544 1171/329/544 1172/329/546
f 1154/329/521 1153/329/545 1185/329/545 1186/329/521
f 1141/329/523 1140/329/546 1172/329/546 1173/329/523
f 1128/329/519 1127/329/100 1159/329/100 1160/329/519
f 1155/329/520 1154/329/521 1186/329/521 1187/329/520
f 1142/329/522 1141/329/523 1173/329/523 1174/329/522
f 1129/329/524 1128/329/519 1160/329/519 1161/329/524
f 1156/329/525 1155/329/520 1187/329/520 1188/329/525
f 1143/329/71 1142/329/522 1174/329/522 1175/329/71
f 1130/329/526 1129/329/524 1161/329/524 1162/329/526
f 1157/329/527 1156/329/525 1188/329/525 1189/329/527
f 1144/329/528 1143/329/71 1175/329/71 1176/329/528
f 1131/329/529 1130/329/526 1162/329/526 1163/329/529
f 1158/329/530 1157/329/527 1189/329/527 1190/329/530
f 1145/329/531 1144/329/528 1176/329/528 1177/329/531
f 1132/329/532 1131/329/529 1163/329/529 1164/329/532
f 1127/329/100 1158/329/530 1190/329/530 1159/329/100
f 1146/329/533 1145/329/531 1177/329/531 1178/329/533
f 1133/329/534 1132/329/532 1164/329/532 1165/329/534
f 1147/329/535 1146/329/533 1178/329/533 1179/329/535
f 1134/329/536 1133/329/534 1165/329/534 1166/329/536
f 1148/329/537 1147/329/535 1179/329/535 1180/329/537
f 1135/329/290 1134/329/536 1166/329/536 1167/329/290
f 1149/329/538 1148/329/537 1180/329/537 1181/329/538
f 1136/329/539 1135/329/290 1167/329/290 1168/329/539
f 1150/329/540 1149/329/538 1181/329/538 1182/329/540
f 1137/329/541 1136/329/539 1168/329/539 1169/329/541
f 1151/329/67 1150/329/540 1182/329/540 1183/329/67
f 1138/329/542 1137/329/541 1169/329/541 1170/329/542
f 1178/329/116 1177/329/116 1191/329/116
f 1179/329/116 1178/329/116 1191/329/116
f 1180/329/116 1179/329/116 1191/329/116
f 1181/329/116 1180/329/116 1191/329/116
f 1182/329/116 1181/329/116 1191/329/116
f 1183/329/116 1182/329/116 1191/329/116
f 1184/329/116 1183/329/116 1191/329/116
f 1185/329/116 1184/329/116 1191/329/116
f 1186/329/116 1185/329/116 1191/329/116
f 1160/329/116 1159/329/116 1191/329/116
f 1187/329/116 1186/329/116 1191/329/116
f 1174/329/116 1173/329/116 1191/329/116
f 1161/329/116 1160/329/116 1191/329/116
f 1188/329/116 1187/329/116 1191/329/116
f 1175/329/116 1174/329/116 1191/329/116
f 1189/329/116 1188/329/116 1191/329/116
f 1176/329/116 1175/329/116 1191/329/116
f 1190/329/116 1189/329/116 1191/329/116
f 1177/329/116 1176/329/116 1191/329/116
f 1159/329/116 1190/329/116 1191/329/116
f 1064/329/84 1065/329/84 1066/329/84 1067/329/84 1068/329/84 1069/329/84 1070/329/84 1071/329/84 1072/329/84 1073/329/84 1074/329/84 1075/329/84 1076/329/84 1077/329/84 1078/329/84 1079/329/84 1080/329/84 1081/329/84 1082/329/84 1083/329/84 1084/329/84 1085/329/84 1086/329/84 1087/329/84 1088/329/84 1089/329/84 1090/329/84 1091/329/84 1092/329/84 1093/329/84 1094/329/84 1063/329/84
f 983/41/116 985/333/116 991/350/116 993/348/116
usemtl Material.004
f 539/329/421 538/329/422 570/329/422 571/329/423
f 526/329/424 525/329/425 557/329/425 558/329/426
f 540/329/427 539/329/421 571/329/423 572/329/427
f 527/329/428 526/329/424 558/329/426 559/329/428
f 514/329/429 513/329/430 545/329/430 546/329/429
f 541/329/431 540/329/432 572/329/432 573/329/433
f 528/329/434 527/329/434 559/329/434 560/329/434
f 515/329/435 514/329/435 546/329/435 547/329/435
f 542/329/436 541/329/431 573/329/433 574/329/436
f 529/329/437 528/329/438 560/329/438 561/329/437
f 516/329/439 515/329/440 547/329/440 548/329/441
f 543/329/442 542/329/442 574/329/442 575/329/442
f 530/329/443 529/329/437 561/329/437 562/329/443
f 517/329/444 516/329/439 548/329/441 549/329/444
f 544/329/445 543/329/446 575/329/446 576/329/445
f 531/329/447 530/329/443 562/329/443 563/329/447
f 518/329/448 517/329/448 549/329/448 550/329/448
f 513/329/430 544/329/445 576/329/445 545/329/430
f 532/329/449 531/329/449 563/329/449 564/329/449
f 519/329/450 518/329/451 550/329/451 551/329/450
f 533/329/452 532/329/453 564/329/453 565/329/454
f 520/329/455 519/329/450 551/329/450 552/329/455
f 534/329/456 533/329/452 565/329/454 566/329/456
f 521/329/457 520/329/455 552/329/455 553/329/457
f 535/329/458 534/329/459 566/329/459 567/329/460
f 522/329/461 521/329/457 553/329/457 554/329/461
f 536/329/462 535/329/458 567/329/460 568/329/462
f 523/329/463 522/329/461 554/329/461 555/329/463
f 537/329/464 536/329/462 568/329/462 569/329/464
f 524/329/465 523/329/463 555/329/463 556/329/465
f 538/329/422 537/329/464 569/329/464 570/329/422
f 525/329/466 524/329/466 556/329/466 557/329/466
f 547/329/467 546/329/468 578/329/469 579/329/470
f 574/329/471 573/329/472 605/329/473 606/329/474
f 561/329/475 560/329/476 592/329/477 593/329/475
f 548/329/478 547/329/467 579/329/470 580/329/479
f 575/329/480 574/329/471 606/329/474 607/329/481
f 562/329/482 561/329/475 593/329/475 594/329/482
f 549/329/483 548/329/478 580/329/479 581/329/484
f 576/329/485 575/329/480 607/329/481 608/329/485
f 563/329/486 562/329/482 594/329/482 595/329/487
f 550/329/488 549/329/483 581/329/484 582/329/489
f 545/329/490 576/329/485 608/329/485 577/329/490
f 564/329/491 563/329/486 595/329/487 596/329/492
f 551/329/493 550/329/488 582/329/489 583/329/493
f 565/329/494 564/329/491 596/329/492 597/329/495
f 552/329/496 551/329/493 583/329/493 584/329/496
f 566/329/497 565/329/494 597/329/495 598/329/498
f 553/329/499 552/329/496 584/329/496 585/329/499
f 567/329/500 566/329/497 598/329/498 599/329/501
f 554/329/502 553/329/499 585/329/499 586/329/502
f 568/329/503 567/329/500 599/329/501 600/329/503
f 555/329/504 554/329/502 586/329/502 587/329/504
f 569/329/505 568/329/503 600/329/503 601/329/505
f 556/329/506 555/329/504 587/329/504 588/329/507
f 570/329/508 569/329/505 601/329/505 602/329/508
f 557/329/509 556/329/506 588/329/507 589/329/510
f 571/329/511 570/329/508 602/329/508 603/329/512
f 558/329/513 557/329/509 589/329/510 590/329/514
f 572/329/515 571/329/511 603/329/512 604/329/516
f 559/329/517 558/329/513 590/329/514 591/329/518
f 546/329/468 545/329/490 577/329/490 578/329/469
f 573/329/472 572/329/515 604/329/516 605/329/473
f 560/329/476 559/329/517 591/329/518 592/329/477
f 578/329/519 577/329/100 609/329/100 610/329/519
f 605/329/520 604/329/521 636/329/521 637/329/520
f 592/329/522 591/329/523 623/329/523 624/329/522
f 579/329/524 578/329/519 610/329/519 611/329/524
f 606/329/525 605/329/520 637/329/520 638/329/525
f 593/329/71 592/329/522 624/329/522 625/329/71
f 580/329/526 579/329/524 611/329/524 612/329/526
f 607/329/527 606/329/525 638/329/525 639/329/527
f 594/329/528 593/329/71 625/329/71 626/329/528
f 581/329/529 580/329/526 612/329/526 613/329/529
f 608/329/530 607/329/527 639/329/527 640/329/530
f 595/329/531 594/329/528 626/329/528 627/329/531
f 582/329/532 581/329/529 613/329/529 614/329/532
f 577/329/100 608/329/530 640/329/530 609/329/100
f 596/329/533 595/329/531 627/329/531 628/329/533
f 583/329/534 582/329/532 614/329/532 615/329/534
f 597/329/535 596/329/533 628/329/533 629/329/535
f 584/329/536 583/329/534 615/329/534 616/329/536
f 598/329/537 597/329/535 629/329/535 630/329/537
f 585/329/290 584/329/536 616/329/536 617/329/290
f 599/329/538 598/329/537 630/329/537 631/329/538
f 586/329/539 585/329/290 617/329/290 618/329/539
f 600/329/540 599/329/538 631/329/538 632/329/540
f 587/329/541 586/329/539 618/329/539 619/329/541
f 601/329/67 600/329/540 632/329/540 633/329/67
f 588/329/542 587/329/541 619/329/541 620/329/542
f 602/329/543 601/329/67 633/329/67 634/329/543
f 589/329/544 588/329/542 620/329/542 621/329/544
f 603/329/545 602/329/543 634/329/543 635/329/545
f 590/329/546 589/329/544 621/329/544 622/329/546
f 604/329/521 603/329/545 635/329/545 636/329/521
f 591/329/523 590/329/546 622/329/546 623/329/523
f 611/329/84 610/329/84 642/329/84 643/329/84
f 638/329/84 637/329/84 669/329/84 670/329/84
f 625/329/84 624/329/84 656/329/84 657/329/84
f 612/329/84 611/329/84 643/329/84 644/329/84
f 639/329/84 638/329/84 670/329/84 671/329/84
f 626/329/84 625/329/84 657/329/84 658/329/84
f 613/329/84 612/329/84 644/329/84 645/329/84
f 640/329/84 639/329/84 671/329/84 672/329/84
f 627/329/84 626/329/84 658/329/84 659/329/84
f 614/329/84 613/329/84 645/329/84 646/329/84
f 609/329/84 640/329/84 672/329/84 641/329/84
f 628/329/84 627/329/84 659/329/84 660/329/84
f 615/329/84 614/329/84 646/329/84 647/329/84
f 629/329/84 628/329/84 660/329/84 661/329/84
f 616/329/84 615/329/84 647/329/84 648/329/84
f 630/329/84 629/329/84 661/329/84 662/329/84
f 617/329/84 616/329/84 648/329/84 649/329/84
f 631/329/84 630/329/84 662/329/84 663/329/84
f 618/329/84 617/329/84 649/329/84 650/329/84
f 632/329/84 631/329/84 663/329/84 664/329/84
f 619/329/84 618/329/84 650/329/84 651/329/84
f 633/329/84 632/329/84 664/329/84 665/329/84
f 620/329/84 619/329/84 651/329/84 652/329/84
f 634/329/84 633/329/84 665/329/84 666/329/84
f 621/329/84 620/329/84 652/329/84 653/329/84
f 635/329/84 634/329/84 666/329/84 667/329/84
f 622/329/84 621/329/84 653/329/84 654/329/84
f 636/329/84 635/329/84 667/329/84 668/329/84
f 623/329/84 622/329/84 654/329/84 655/329/84
f 610/329/84 609/329/84 641/329/84 642/329/84
f 637/329/84 636/329/84 668/329/84 669/329/84
f 624/329/84 623/329/84 655/329/84 656/329/84
f 673/330/67 674/331/67 676/332/67 675/333/67
f 681/334/71 682/335/71 680/139/71 679/123/71
f 679/123/290 680/139/290 678/336/290 677/337/290
f 683/338/100 684/339/100 674/25/100 673/41/100
f 681/334/71 679/123/71 690/123/71 692/334/71
f 682/340/84 676/155/84 674/341/84 684/342/84
f 680/139/71 682/335/71 685/335/71 686/139/71
f 675/107/116 681/343/116 683/344/116 673/345/116
f 677/337/100 678/336/100 684/339/100 683/338/100
f 675/333/71 676/332/71 682/335/71 681/334/71
f 686/139/84 685/340/84 688/342/84 687/336/84
f 682/340/67 684/342/67 688/342/67 685/340/67
f 678/336/290 680/139/290 686/139/290 687/336/290
f 684/339/100 678/336/100 687/336/100 688/339/100
f 692/343/116 690/123/116 689/337/116 691/344/116
f 677/337/100 683/338/100 691/338/100 689/337/100
f 683/344/67 681/343/67 692/343/67 691/344/67
f 679/123/290 677/337/290 689/337/290 690/123/290
f 610/329/84 611/329/84 612/329/84 613/329/84 614/329/84 615/329/84 616/329/84 617/329/84 618/329/84 619/329/84 620/329/84 621/329/84 622/329/84 623/329/84 624/329/84 625/329/84 626/329/84 627/329/84 628/329/84 629/329/84 630/329/84 631/329/84 632/329/84 633/329/84 634/329/84 635/329/84 636/329/84 637/329/84 638/329/84 639/329/84 640/329/84 609/329/84
usemtl Material.003
f 706/329/547 705/329/548 737/329/548 738/329/547
f 720/329/549 719/329/550 751/329/550 752/329/549
f 707/329/551 706/329/547 738/329/547 739/329/551
f 694/329/311 693/329/116 725/329/116 726/329/311
f 721/329/552 720/329/549 752/329/549 753/329/552
f 708/329/314 707/329/551 739/329/551 740/329/314
f 695/329/553 694/329/311 726/329/311 727/329/553
f 722/329/554 721/329/552 753/329/552 754/329/554
f 709/329/84 708/329/314 740/329/314 741/329/84
f 696/329/555 695/329/553 727/329/553 728/329/555
f 723/329/556 722/329/554 754/329/554 755/329/556
f 710/329/299 709/329/84 741/329/84 742/329/299
f 697/329/557 696/329/555 728/329/555 729/329/557
f 724/329/302 723/329/556 755/329/556 756/329/302
f 711/329/558 710/329/299 742/329/299 743/329/558
f 698/329/559 697/329/557 729/329/557 730/329/559
f 693/329/116 724/329/302 756/329/302 725/329/116
f 712/329/560 711/329/558 743/329/558 744/329/560
f 699/329/561 698/329/559 730/329/559 731/329/561
f 713/329/562 712/329/560 744/329/560 745/329/562
f 700/329/563 699/329/561 731/329/561 732/329/563
f 714/329/564 713/329/562 745/329/562 746/329/564
f 701/329/290 700/329/563 732/329/563 733/329/290
f 715/329/565 714/329/564 746/329/564 747/329/565
f 702/329/566 701/329/290 733/329/290 734/329/566
f 716/329/567 715/329/565 747/329/565 748/329/567
f 703/329/568 702/329/566 734/329/566 735/329/568
f 717/329/67 716/329/567 748/329/567 749/329/67
f 704/329/569 703/329/568 735/329/568 736/329/569
f 718/329/570 717/329/67 749/329/67 750/329/570
f 705/329/548 704/329/569 736/329/569 737/329/548
f 719/329/550 718/329/570 750/329/570 751/329/550
f 733/329/71 732/329/71 764/329/71 765/329/71
f 747/329/71 746/329/71 778/329/71 779/329/71
f 734/329/71 733/329/71 765/329/71 766/329/71
f 748/329/71 747/329/71 779/329/71 780/329/71
f 735/329/71 734/329/71 766/329/71 767/329/71
f 749/329/71 748/329/71 780/329/71 781/329/71
f 736/329/71 735/329/71 767/329/71 768/329/71
f 750/329/71 749/329/71 781/329/71 782/329/71
f 737/329/71 736/329/71 768/329/71 769/329/71
f 751/329/71 750/329/71 782/329/71 783/329/71
f 738/329/71 737/329/71 769/329/71 770/329/71
f 752/329/71 751/329/71 783/329/71 784/329/71
f 739/329/71 738/329/71 770/329/71 771/329/71
f 726/329/71 725/329/71 757/329/71 758/329/71
f 753/329/71 752/329/71 784/329/71 785/329/71
f 740/329/71 739/329/71 771/329/71 772/329/71
f 727/329/71 726/329/71 758/329/71 759/329/71
f 754/329/71 753/329/71 785/329/71 786/329/71
f 741/329/71 740/329/71 772/329/71 773/329/71
f 728/329/71 727/329/71 759/329/71 760/329/71
f 755/329/71 754/329/71 786/329/71 787/329/71
f 742/329/71 741/329/71 773/329/71 774/329/71
f 729/329/71 728/329/71 760/329/71 761/329/71
f 756/329/71 755/329/71 787/329/71 788/329/71
f 743/329/71 742/329/71 774/329/71 775/329/71
f 730/329/71 729/329/71 761/329/71 762/329/71
f 725/329/71 756/329/71 788/329/71 757/329/71
f 744/329/71 743/329/71 775/329/71 776/329/71
f 731/329/71 730/329/71 762/329/71 763/329/71
f 745/329/71 744/329/71 776/329/71 777/329/71
f 732/329/71 731/329/71 763/329/71 764/329/71
f 746/329/71 745/329/71 777/329/71 778/329/71
f 768/329/569 767/329/568 799/329/568 800/329/569
f 782/329/570 781/329/67 813/329/67 814/329/570
f 769/329/548 768/329/569 800/329/569 801/329/548
f 783/329/550 782/329/570 814/329/570 815/329/550
f 770/329/547 769/329/548 801/329/548 802/329/547
f 784/329/549 783/329/550 815/329/550 816/329/549
f 771/329/551 770/329/547 802/329/547 803/329/551
f 758/329/311 757/329/116 789/329/116 790/329/311
f 785/329/552 784/329/549 816/329/549 817/329/552
f 772/329/314 771/329/551 803/329/551 804/329/314
f 759/329/553 758/329/311 790/329/311 791/329/553
f 786/329/554 785/329/552 817/329/552 818/329/554
f 773/329/84 772/329/314 804/329/314 805/329/84
f 760/329/555 759/329/553 791/329/553 792/329/555
f 787/329/556 786/329/554 818/329/554 819/329/556
f 774/329/299 773/329/84 805/329/84 806/329/299
f 761/329/557 760/329/555 792/329/555 793/329/557
f 788/329/302 787/329/556 819/329/556 820/329/302
f 775/329/558 774/329/299 806/329/299 807/329/558
f 762/329/559 761/329/557 793/329/557 794/329/559
f 757/329/116 788/329/302 820/329/302 789/329/116
f 776/329/560 775/329/558 807/329/558 808/329/560
f 763/329/561 762/329/559 794/329/559 795/329/561
f 777/329/562 776/329/560 808/329/560 809/329/562
f 764/329/563 763/329/561 795/329/561 796/329/563
f 778/329/564 777/329/562 809/329/562 810/329/564
f 765/329/290 764/329/563 796/329/563 797/329/290
f 779/329/565 778/329/564 810/329/564 811/329/565
f 766/329/566 765/329/290 797/329/290 798/329/566
f 780/329/567 779/329/565 811/329/565 812/329/567
f 767/329/568 766/329/566 798/329/566 799/329/568
f 781/329/67 780/329/567 812/329/567 813/329/67
f 803/329/71 802/329/71 834/329/571 835/329/572
f 790/329/71 789/329/71 821/329/71 822/329/71
f 817/329/71 816/329/71 848/329/71 849/329/71
f 804/329/71 803/329/71 835/329/572 836/329/71
f 791/329/71 790/329/71 822/329/71 823/329/71
f 818/329/71 817/329/71 849/329/71 850/329/71
f 805/329/71 804/329/71 836/329/71 837/329/71
f 792/329/71 791/329/71 823/329/71 824/329/71
f 819/329/71 818/329/71 850/329/71 851/329/71
f 806/329/71 805/329/71 837/329/71 838/329/71
f 793/329/71 792/329/71 824/329/71 825/329/71
f 820/329/71 819/329/71 851/329/71 852/329/71
f 807/329/71 806/329/71 838/329/71 839/329/71
f 794/329/71 793/329/71 825/329/71 826/329/71
f 789/329/71 820/329/71 852/329/71 821/329/71
f 808/329/71 807/329/71 839/329/71 840/329/71
f 795/329/71 794/329/71 826/329/71 827/329/71
f 809/329/71 808/329/71 840/329/71 841/329/71
f 796/329/71 795/329/71 827/329/71 828/329/71
f 810/329/71 809/329/71 841/329/71 842/329/71
f 797/329/71 796/329/71 828/329/71 829/329/71
f 811/329/71 810/329/71 842/329/71 843/329/71
f 798/329/71 797/329/71 829/329/71 830/329/71
f 812/329/71 811/329/71 843/329/71 844/329/71
f 799/329/71 798/329/71 830/329/71 831/329/71
f 813/329/71 812/329/71 844/329/71 845/329/71
f 800/329/71 799/329/71 831/329/71 832/329/71
f 814/329/71 813/329/71 845/329/71 846/329/71
f 801/329/71 800/329/71 832/329/71 833/329/71
f 815/329/71 814/329/71 846/329/71 847/329/71
f 802/329/71 801/329/71 833/329/71 834/329/571
f 816/329/71 815/329/71 847/329/71 848/329/71
f 886/329/299 885/329/84 869/329/84 870/329/299
f 888/329/557 887/329/555 856/329/555 857/329/557
f 890/329/573 889/329/574 883/329/575 884/329/573
f 891/329/558 886/329/299 870/329/299 871/329/558
f 892/329/559 888/329/557 857/329/557 858/329/559
f 893/329/116 890/329/573 884/329/573 853/329/116
f 894/329/560 891/329/558 871/329/558 872/329/560
f 895/329/561 892/329/559 858/329/559 859/329/561
f 896/329/562 894/329/560 872/329/560 873/329/562
f 897/329/563 895/329/561 859/329/561 860/329/563
f 898/329/564 896/329/562 873/329/562 874/329/564
f 899/329/290 897/329/563 860/329/563 861/329/290
f 900/329/565 898/329/564 874/329/564 875/329/565
f 901/329/566 899/329/290 861/329/290 862/329/566
f 902/329/567 900/329/565 875/329/565 876/329/567
f 903/329/568 901/329/566 862/329/566 863/329/568
f 904/329/67 902/329/567 876/329/567 877/329/67
f 905/329/569 903/329/568 863/329/568 864/329/569
f 906/329/570 904/329/67 877/329/67 878/329/570
f 907/329/548 905/329/569 864/329/569 865/329/548
f 908/329/550 906/329/570 878/329/570 879/329/550
f 909/329/547 907/329/548 865/329/548 866/329/547
f 910/329/549 908/329/550 879/329/550 880/329/549
f 911/329/576 909/329/547 866/329/547 867/329/576
f 912/329/311 893/329/116 853/329/116 854/329/311
f 913/329/552 910/329/549 880/329/549 881/329/552
f 914/329/577 911/329/576 867/329/576 868/329/577
f 915/329/553 912/329/311 854/329/311 855/329/553
f 916/329/554 913/329/552 881/329/552 882/329/554
f 885/329/84 914/329/578 868/329/578 869/329/84
f 887/329/555 915/329/553 855/329/553 856/329/555
f 889/329/574 916/329/554 882/329/554 883/329/575
f 854/329/71 853/329/71 884/329/71 883/329/71 882/329/71 881/329/71 880/329/71 879/329/71 878/329/71 877/329/71 876/329/71 875/329/71 874/329/71 873/329/71 872/329/71 871/329/71 870/329/71 869/329/71 868/329/71 867/329/71 866/329/71 865/329/71 864/329/71 863/329/71 862/329/71 861/329/71 860/329/71 859/329/71 858/329/71 857/329/71 856/329/71 855/329/71
f 851/329/579 850/329/554 916/329/554 889/329/574
f 824/329/580 823/329/581 915/329/582 887/329/583
f 837/329/84 836/329/578 914/329/578 885/329/84
f 850/329/554 849/329/552 913/329/552 916/329/554
f 823/329/581 822/329/584 912/329/585 915/329/582
f 836/329/586 835/329/586 911/329/586 914/329/586
f 849/329/552 848/329/549 910/329/549 913/329/552
f 822/329/584 821/329/587 893/329/588 912/329/585
f 835/329/572 834/329/571 909/329/589 911/329/589
f 848/329/549 847/329/550 908/329/550 910/329/549
f 834/329/590 833/329/591 907/329/592 909/329/590
f 847/329/550 846/329/570 906/329/570 908/329/550
f 833/329/591 832/329/593 905/329/594 907/329/592
f 846/329/570 845/329/67 904/329/67 906/329/570
f 832/329/593 831/329/595 903/329/596 905/329/594
f 845/329/67 844/329/567 902/329/567 904/329/67
f 831/329/595 830/329/597 901/329/598 903/329/596
f 844/329/567 843/329/565 900/329/565 902/329/567
f 830/329/597 829/329/599 899/329/600 901/329/598
f 843/329/565 842/329/564 898/329/564 900/329/565
f 829/329/599 828/329/601 897/329/602 899/329/600
f 842/329/564 841/329/562 896/329/562 898/329/564
f 828/329/601 827/329/603 895/329/604 897/329/602
f 841/329/562 840/329/560 894/329/560 896/329/562
f 827/329/603 826/329/605 892/329/605 895/329/604
f 840/329/560 839/329/558 891/329/558 894/329/560
f 821/329/587 852/329/606 890/329/606 893/329/588
f 826/329/605 825/329/607 888/329/608 892/329/605
f 839/329/558 838/329/299 886/329/299 891/329/558
f 852/329/609 851/329/609 889/329/609 890/329/609
f 825/329/607 824/329/580 887/329/583 888/329/608
f 838/329/299 837/329/84 885/329/84 886/329/299
f 694/329/100 695/329/100 696/329/100 697/329/100 698/329/100 699/329/100 700/329/100 701/329/100 702/329/100 703/329/100 704/329/100 705/329/100 706/329/100 707/329/100 708/329/100 709/329/100 710/329/100 711/329/100 712/329/100 713/329/100 714/329/100 715/329/100 716/329/100 717/329/100 718/329/100 719/329/100 720/329/100 721/329/100 722/329/100 723/329/100 724/329/100 693/329/100
