# Blender 4.2.19 LTS
# www.blender.org
mtllib RTC_NikolaevVA4.mtl
o base
v 0.000000 0.000000 -1.000000
v -0.195090 0.000000 -0.980785
v -0.476123 0.000000 -1.112580
v -0.684322 0.000000 -1.001296
v -0.866809 0.000000 -0.851532
v -0.831470 0.000000 -0.555570
v -0.923879 0.000000 -0.382683
v -0.980785 0.000000 -0.195090
v -1.000000 0.000000 -0.000000
v -0.980785 0.000000 0.195090
v -0.923879 0.000000 0.382683
v -0.831470 0.000000 0.555570
v -0.866809 0.000000 0.851532
v -0.684322 0.000000 1.001296
v -0.476123 0.000000 1.112580
v -0.195090 0.000000 0.980785
v 0.000000 0.000000 1.000000
v 0.195090 0.000000 0.980785
v 0.382683 0.000000 0.923880
v 0.653767 0.000000 1.001296
v 0.836255 0.000000 0.851532
v 0.986018 0.000000 0.669044
v 0.923880 0.000000 0.382683
v 0.980785 0.000000 0.195090
v 1.000000 0.000000 -0.000000
v 0.980785 0.000000 -0.195090
v 0.923880 0.000000 -0.382683
v 0.986018 0.000000 -0.669044
v 0.836255 0.000000 -0.851532
v 0.653767 0.000000 -1.001296
v 0.382683 0.000000 -0.923879
v 0.195090 0.000000 -0.980785
v 0.000000 0.294347 -0.931720
v -0.181770 0.294347 -0.913817
v -0.480462 0.039722 -1.111029
v -0.688370 0.039722 -0.999900
v -0.870604 0.039722 -0.850345
v -0.774697 0.294347 -0.517636
v -0.860797 0.294347 -0.356554
v -0.913817 0.294347 -0.181770
v -0.931720 0.294347 0.000000
v -0.913817 0.294347 0.181770
v -0.860797 0.294347 0.356554
v -0.774697 0.294347 0.517636
v -0.870604 0.039722 0.850345
v -0.688370 0.039722 0.999900
v -0.480462 0.039722 1.111029
v -0.181770 0.294347 0.913817
v 0.000000 0.294347 0.931720
v 0.181770 0.294347 0.913817
v 0.356554 0.294347 0.860797
v 0.647853 0.039722 0.999900
v 0.830086 0.039722 0.850345
v 0.979641 0.039722 0.668112
v 0.860797 0.294347 0.356554
v 0.913817 0.294347 0.181770
v 0.931720 0.294347 0.000000
v 0.913817 0.294347 -0.181770
v 0.860797 0.294347 -0.356554
v 0.979641 0.039722 -0.668112
v 0.830086 0.039722 -0.850345
v 0.647853 0.039722 -0.999900
v 0.356554 0.294347 -0.860797
v 0.181770 0.294347 -0.913817
v 0.000000 0.324798 -0.714255
v -0.139344 0.324798 -0.700531
v -0.277556 0.324798 -0.668413
v -0.402637 0.324798 -0.601556
v -0.512272 0.324798 -0.511581
v -0.593881 0.324798 -0.396819
v -0.659885 0.324798 -0.273333
v -0.700531 0.324798 -0.139344
v -0.714255 0.324798 0.000000
v -0.700531 0.324798 0.139344
v -0.659885 0.324798 0.273333
v -0.593881 0.324798 0.396819
v -0.512272 0.324798 0.511581
v -0.402637 0.324798 0.601556
v -0.277556 0.324798 0.668413
v -0.139344 0.324798 0.700531
v 0.000000 0.324798 0.714255
v 0.139344 0.324798 0.700531
v 0.273333 0.324798 0.659885
v 0.401256 0.324798 0.601556
v 0.510891 0.324798 0.511581
v 0.600866 0.324798 0.401947
v 0.659885 0.324798 0.273333
v 0.700531 0.324798 0.139344
v 0.714255 0.324798 0.000000
v 0.700531 0.324798 -0.139344
v 0.659885 0.324798 -0.273333
v 0.600866 0.324798 -0.401947
v 0.510891 0.324798 -0.511581
v 0.401256 0.324798 -0.601556
v 0.273333 0.324798 -0.659885
v 0.139344 0.324798 -0.700531
v 0.000000 0.546349 -0.714255
v -0.139344 0.546349 -0.700531
v -0.277556 0.546349 -0.668413
v -0.402637 0.546349 -0.601556
v -0.512272 0.546349 -0.511581
v -0.593881 0.546349 -0.396819
v -0.659885 0.546349 -0.273333
v -0.700531 0.546349 -0.139344
v -0.714255 0.546349 0.000000
v -0.700531 0.546349 0.139344
v -0.659885 0.546349 0.273333
v -0.593881 0.546349 0.396819
v -0.512272 0.546349 0.511581
v -0.402637 0.546349 0.601556
v -0.277556 0.546349 0.668413
v -0.139344 0.546349 0.700531
v 0.000000 0.546349 0.714255
v 0.139344 0.546349 0.700531
v 0.273333 0.546349 0.659885
v 0.401256 0.546349 0.601556
v 0.510891 0.546349 0.511581
v 0.600866 0.546349 0.401947
v 0.659885 0.546349 0.273333
v 0.700531 0.546349 0.139344
v 0.714255 0.546349 0.000000
v 0.700531 0.546349 -0.139344
v 0.659885 0.546349 -0.273333
v 0.600866 0.546349 -0.401947
v 0.510891 0.546349 -0.511581
v 0.401256 0.546349 -0.601556
v 0.273333 0.546349 -0.659885
v 0.139344 0.546349 -0.700531
v 0.000000 0.546349 -0.817826
v -0.159550 0.546349 -0.802111
v -0.317803 0.546349 -0.765337
v -0.461022 0.546349 -0.688785
v -0.586554 0.546349 -0.585763
v -0.679997 0.546349 -0.454360
v -0.755572 0.546349 -0.312968
v -0.802111 0.546349 -0.159550
v -0.817826 0.546349 0.000000
v -0.802111 0.546349 0.159550
v -0.755572 0.546349 0.312968
v -0.679997 0.546349 0.454360
v -0.586554 0.546349 0.585763
v -0.461022 0.546349 0.688785
v -0.317803 0.546349 0.765337
v -0.159550 0.546349 0.802111
v 0.000000 0.546349 0.817826
v 0.159550 0.546349 0.802111
v 0.312968 0.546349 0.755572
v 0.459441 0.546349 0.688785
v 0.584973 0.546349 0.585763
v 0.687994 0.546349 0.460231
v 0.755572 0.546349 0.312968
v 0.802111 0.546349 0.159550
v 0.817826 0.546349 0.000000
v 0.802111 0.546349 -0.159550
v 0.755572 0.546349 -0.312968
v 0.687994 0.546349 -0.460231
v 0.584973 0.546349 -0.585763
v 0.459441 0.546349 -0.688785
v 0.312968 0.546349 -0.755572
v 0.159550 0.546349 -0.802111
v -1.439189 0.034182 0.666597
v -1.439189 0.568578 0.666598
v -1.439189 0.034182 -0.666597
v -1.439189 0.568578 -0.666597
v -0.887579 0.034182 0.666597
v -0.887579 0.568578 0.666598
v -0.887579 0.034182 -0.666597
v -0.887579 0.568578 -0.666597
v -1.023645 0.034182 -0.666597
v -1.023645 0.568578 -0.666597
v -1.023645 0.034182 0.666597
v -1.023645 0.568578 0.666598
v -1.023645 0.623185 -0.666597
v -0.887579 0.623185 -0.666597
v -0.887579 0.623186 0.666598
v -1.023645 0.623186 0.666598
v -0.887579 0.004191 0.666597
v -0.887579 0.004191 -0.666597
v -1.023645 0.004191 0.666597
v -1.023645 0.004191 -0.666597
v 0.896840 2.386334 0.083592
v 0.787519 2.375567 0.083592
v 0.682398 2.343679 0.083592
v 0.585519 2.291896 0.083592
v 0.500604 2.222208 0.083592
v 0.430915 2.137292 0.083592
v 0.379132 2.040413 0.083592
v 0.347244 1.935293 0.083592
v 0.336477 1.825971 0.083592
v 0.347244 1.716650 0.083592
v 0.379132 1.611530 0.083592
v 0.430915 1.514651 0.083592
v 0.500604 1.429735 0.083592
v 0.585519 1.360047 0.083592
v 0.682398 1.308264 0.083592
v 0.787519 1.276376 0.083592
v 0.896840 1.265609 0.083592
v 1.006161 1.276376 0.083592
v 1.111281 1.308264 0.083592
v 1.208161 1.360047 0.083592
v 1.293076 1.429735 0.083592
v 1.362764 1.514651 0.083592
v 1.414547 1.611530 0.083592
v 1.446435 1.716650 0.083592
v 1.457202 1.825971 0.083592
v 1.446435 1.935293 0.083592
v 1.414547 2.040413 0.083592
v 1.362764 2.137292 0.083592
v 1.293076 2.222208 0.083592
v 1.208161 2.291896 0.083592
v 1.111281 2.343679 0.083592
v 1.006161 2.375567 0.083592
v 0.896840 2.386334 0.206648
v 0.787519 2.375567 0.206648
v 0.682398 2.343679 0.206648
v 0.585519 2.291896 0.206648
v 0.500604 2.222208 0.206648
v 0.430915 2.137292 0.206648
v 0.379132 2.040413 0.206648
v 0.347244 1.935293 0.206648
v 0.336477 1.825971 0.206648
v 0.347244 1.716650 0.206648
v 0.379132 1.611530 0.206648
v 0.430915 1.514651 0.206648
v 0.500604 1.429735 0.206648
v 0.585519 1.360047 0.206648
v 0.682398 1.308264 0.206648
v 0.787519 1.276376 0.206648
v 0.896840 1.265609 0.206648
v 1.006161 1.276376 0.206648
v 1.111281 1.308264 0.206648
v 1.208161 1.360047 0.206648
v 1.293076 1.429735 0.206648
v 1.362764 1.514651 0.206648
v 1.414547 1.611530 0.206648
v 1.446435 1.716650 0.206648
v 1.457202 1.825971 0.206648
v 1.446435 1.935293 0.206648
v 1.414547 2.040413 0.206648
v 1.362764 2.137292 0.206648
v 1.293076 2.222208 0.206648
v 1.208161 2.291896 0.206648
v 1.111281 2.343679 0.206648
v 1.006161 2.375567 0.206648
v 0.896840 2.321356 0.206648
v 0.800195 2.311837 0.206648
v 0.707264 2.283647 0.206648
v 0.621619 2.237868 0.206648
v 0.546550 2.176261 0.206648
v 0.484943 2.101192 0.206648
v 0.439164 2.015547 0.206648
v 0.410974 1.922616 0.206648
v 0.401456 1.825971 0.206648
v 0.410974 1.729327 0.206648
v 0.439164 1.636396 0.206648
v 0.484943 1.550751 0.206648
v 0.546550 1.475682 0.206648
v 0.621619 1.414075 0.206648
v 0.707264 1.368296 0.206648
v 0.800195 1.340106 0.206648
v 0.896840 1.330587 0.206648
v 0.993484 1.340106 0.206648
v 1.086415 1.368296 0.206648
v 1.172060 1.414075 0.206648
v 1.247129 1.475682 0.206648
v 1.308737 1.550751 0.206648
v 1.354515 1.636396 0.206648
v 1.382705 1.729327 0.206648
v 1.392224 1.825971 0.206648
v 1.382705 1.922616 0.206648
v 1.354515 2.015547 0.206648
v 1.308737 2.101192 0.206648
v 1.247129 2.176261 0.206648
v 1.172060 2.237868 0.206648
v 1.086415 2.283647 0.206648
v 0.993484 2.311837 0.206648
v 0.896840 2.321356 0.302359
v 0.800195 2.311837 0.302359
v 0.707264 2.283647 0.302359
v 0.621619 2.237868 0.302359
v 0.546550 2.176261 0.302359
v 0.484943 2.101192 0.302359
v 0.439164 2.015547 0.302359
v 0.410974 1.922616 0.302359
v 0.401456 1.825971 0.302359
v 0.410974 1.729327 0.302359
v 0.439164 1.636396 0.302359
v 0.484943 1.550751 0.302359
v 0.546550 1.475682 0.302359
v 0.621619 1.414075 0.302359
v 0.707264 1.368296 0.302359
v 0.800195 1.340106 0.302359
v 0.896840 1.330587 0.302359
v 0.993484 1.340106 0.302359
v 1.086415 1.368296 0.302359
v 1.172060 1.414075 0.302359
v 1.247129 1.475682 0.302359
v 1.308737 1.550751 0.302359
v 1.354515 1.636396 0.302359
v 1.382705 1.729327 0.302359
v 1.392224 1.825971 0.302359
v 1.382705 1.922616 0.302359
v 1.354515 2.015547 0.302359
v 1.308737 2.101192 0.302359
v 1.247129 2.176261 0.302359
v 1.172060 2.237868 0.302359
v 1.086415 2.283647 0.302359
v 0.993484 2.311837 0.302359
v 0.896840 2.213592 0.302359
v 0.821219 2.206144 0.302359
v 0.748504 2.184086 0.302359
v 0.681489 2.148266 0.302359
v 0.622751 2.100061 0.302359
v 0.574545 2.041322 0.302359
v 0.538725 1.974308 0.302359
v 0.516667 1.901592 0.302359
v 0.509219 1.825971 0.302359
v 0.516667 1.750350 0.302359
v 0.538725 1.677636 0.302359
v 0.574545 1.610621 0.302359
v 0.622751 1.551882 0.302359
v 0.681489 1.503677 0.302359
v 0.748504 1.467857 0.302359
v 0.821219 1.445799 0.302359
v 0.896840 1.438351 0.302359
v 0.972461 1.445799 0.302359
v 1.045176 1.467857 0.302359
v 1.112190 1.503677 0.302359
v 1.170929 1.551882 0.302359
v 1.219135 1.610621 0.302359
v 1.254954 1.677636 0.302359
v 1.277012 1.750350 0.302359
v 1.284460 1.825971 0.302359
v 1.277012 1.901592 0.302359
v 1.254954 1.974308 0.302359
v 1.219135 2.041322 0.302359
v 1.170929 2.100061 0.302359
v 1.112190 2.148266 0.302359
v 1.045176 2.184086 0.302359
v 0.972461 2.206144 0.302359
v -0.964333 3.320978 0.603162
v -1.011249 3.316357 0.603162
v -1.056362 3.302672 0.603162
v -1.097939 3.280448 0.603162
v -1.134381 3.250541 0.603162
v -1.164288 3.214099 0.603162
v -1.186512 3.172522 0.603162
v -1.200197 3.127409 0.603162
v -1.204818 3.080492 0.603162
v -1.200197 3.033576 0.603162
v -1.186512 2.988463 0.603162
v -1.164288 2.946886 0.603162
v -1.134381 2.910444 0.603162
v -1.097939 2.880537 0.603162
v -1.056362 2.858313 0.603162
v 0.821219 1.445799 0.603162
v 0.896840 1.438351 0.603162
v 0.972461 1.445799 0.603162
v 1.045176 1.467857 0.603162
v 1.112190 1.503677 0.603162
v 1.170929 1.551882 0.603162
v 1.219135 1.610621 0.603162
v 1.254954 1.677636 0.603162
v 1.277012 1.750350 0.603162
v 1.284460 1.825972 0.603162
v 1.277012 1.901592 0.603162
v 1.254954 1.974308 0.603162
v 1.219135 2.041322 0.603162
v 1.170929 2.100061 0.603162
v 1.112190 2.148266 0.603162
v 1.045176 2.184086 0.603162
v -0.917416 3.316357 0.603162
v 0.896840 1.438351 0.320993
v 0.972461 1.445799 0.320993
v -1.097939 3.280448 0.320993
v -1.134381 3.250541 0.320993
v 1.045176 2.184086 0.320993
v -0.917416 3.316357 0.320993
v 1.045176 1.467857 0.320993
v -1.164288 3.214099 0.320993
v -0.964333 3.320978 0.320993
v 1.112190 1.503677 0.320993
v -1.186512 3.172522 0.320993
v 1.170929 1.551882 0.320993
v -1.200197 3.127409 0.320993
v 1.219135 1.610621 0.320993
v -1.204818 3.080492 0.320993
v 1.254954 1.677636 0.320993
v -1.200197 3.033576 0.320993
v 1.277012 1.750350 0.320993
v -1.186512 2.988463 0.320993
v 1.284460 1.825971 0.320993
v -1.164288 2.946886 0.320993
v 1.277012 1.901592 0.320993
v -1.134381 2.910444 0.320993
v 1.254954 1.974308 0.320993
v -1.097939 2.880537 0.320993
v 1.219135 2.041322 0.320993
v -1.056362 2.858313 0.320993
v -1.011249 3.316357 0.320993
v 1.170929 2.100061 0.320993
v 0.821219 1.445799 0.320993
v -1.056362 3.302672 0.320993
v 1.112190 2.148266 0.320993
v -1.639745 3.305269 -0.514694
v 1.091734 3.305269 -0.269591
v -1.639745 3.233745 -0.507650
v 1.091734 3.281562 -0.267256
v -1.639745 3.164970 -0.486787
v 1.091734 3.258767 -0.260341
v -1.639745 3.101586 -0.452908
v 1.091734 3.237758 -0.249112
v -1.639745 3.046030 -0.407314
v 1.091734 3.219344 -0.234000
v -1.639745 3.000437 -0.351758
v 1.091734 3.204232 -0.215586
v -1.639745 2.966558 -0.288374
v 1.091734 3.193003 -0.194577
v -1.639745 2.945695 -0.219599
v 1.091734 3.186088 -0.171782
v -1.639745 2.938650 -0.148075
v 1.091734 3.183753 -0.148075
v -1.639745 2.945695 -0.076552
v 1.091734 3.186088 -0.124369
v -1.639745 2.966558 -0.007776
v 1.091734 3.193003 -0.101573
v -1.639745 3.000437 0.055607
v 1.091734 3.204232 -0.080565
v -1.639745 3.046030 0.111163
v 1.091734 3.219344 -0.062151
v -1.639745 3.101586 0.156757
v 1.091734 3.237758 -0.047039
v -1.639745 3.164970 0.190636
v 1.091734 3.258767 -0.035810
v -1.639745 3.233745 0.211499
v 1.091734 3.281562 -0.028895
v -1.639745 3.305269 0.218543
v 1.091734 3.305269 -0.026560
v -1.639745 3.376793 0.211499
v 1.091734 3.328975 -0.028895
v -1.639745 3.445568 0.190636
v 1.091734 3.351771 -0.035810
v -1.639745 3.508951 0.156757
v 1.091734 3.372779 -0.047039
v -1.639745 3.564507 0.111163
v 1.091734 3.391193 -0.062151
v -1.639745 3.610101 0.055607
v 1.091734 3.406305 -0.080565
v -1.639745 3.643981 -0.007776
v 1.091734 3.417534 -0.101573
v -1.639745 3.664843 -0.076552
v 1.091734 3.424449 -0.124369
v -1.639745 3.671888 -0.148075
v 1.091734 3.426784 -0.148075
v -1.639745 3.664843 -0.219599
v 1.091734 3.424449 -0.171782
v -1.639745 3.643981 -0.288374
v 1.091734 3.417534 -0.194577
v -1.639745 3.610101 -0.351758
v 1.091734 3.406305 -0.215586
v -1.639745 3.564508 -0.407314
v 1.091734 3.391193 -0.234000
v -1.639745 3.508952 -0.452908
v 1.091734 3.372779 -0.249112
v -1.639745 3.445568 -0.486787
v 1.091734 3.351771 -0.260341
v -1.639745 3.376793 -0.507650
v 1.091734 3.328975 -0.267256
v -1.554740 3.305269 -0.514694
v -1.554740 3.233745 -0.507650
v -1.554740 3.164970 -0.486787
v -1.554740 3.101586 -0.452908
v -1.554740 3.046030 -0.407314
v -1.554740 3.000437 -0.351758
v -1.554740 2.966558 -0.288374
v -1.554740 2.945695 -0.219599
v -1.554740 2.938650 -0.148075
v -1.554740 2.945695 -0.076552
v -1.554740 2.966558 -0.007776
v -1.554740 3.000437 0.055607
v -1.554740 3.046030 0.111163
v -1.554740 3.101586 0.156757
v -1.554740 3.164970 0.190636
v -1.554740 3.233745 0.211499
v -1.554740 3.305269 0.218543
v -1.554740 3.376793 0.211499
v -1.554740 3.445568 0.190636
v -1.554740 3.508951 0.156757
v -1.554740 3.564507 0.111163
v -1.554740 3.610101 0.055607
v -1.554740 3.643981 -0.007776
v -1.554740 3.664843 -0.076552
v -1.554740 3.671888 -0.148075
v -1.554740 3.664843 -0.219599
v -1.554740 3.643981 -0.288374
v -1.554740 3.610101 -0.351758
v -1.554740 3.564508 -0.407314
v -1.554740 3.508952 -0.452908
v -1.554740 3.445568 -0.486787
v -1.554740 3.376793 -0.507650
v -1.213832 3.305269 -0.483960
v -1.213832 3.239741 -0.477506
v -1.213832 3.176732 -0.458392
v -1.213832 3.118662 -0.427353
v -1.213832 3.067763 -0.385581
v -1.213832 3.025991 -0.334683
v -1.213832 2.994952 -0.276613
v -1.213832 2.975839 -0.213603
v -1.213832 2.969385 -0.148075
v -1.213832 2.975839 -0.082548
v -1.213832 2.994952 -0.019538
v -1.213832 3.025991 0.038532
v -1.213832 3.067763 0.089431
v -1.213832 3.118662 0.131202
v -1.213832 3.176732 0.162241
v -1.213832 3.239741 0.181355
v -1.213832 3.305269 0.187809
v -1.213832 3.370797 0.181355
v -1.213832 3.433806 0.162241
v -1.213832 3.491876 0.131202
v -1.213832 3.542775 0.089431
v -1.213832 3.584547 0.038532
v -1.213832 3.615586 -0.019538
v -1.213832 3.634699 -0.082548
v -1.213832 3.641153 -0.148075
v -1.213832 3.634699 -0.213603
v -1.213832 3.615586 -0.276613
v -1.213832 3.584547 -0.334683
v -1.213832 3.542775 -0.385581
v -1.213832 3.491876 -0.427353
v -1.213832 3.433806 -0.458392
v -1.213832 3.370797 -0.477506
v -0.532135 3.305269 -0.414681
v -0.532135 3.253257 -0.409558
v -0.532135 3.203243 -0.394387
v -0.532135 3.157151 -0.369750
v -0.532135 3.116751 -0.336594
v -0.532135 3.083595 -0.296193
v -0.532135 3.058958 -0.250101
v -0.532135 3.043787 -0.200087
v -0.532135 3.038663 -0.148075
v -0.532135 3.043786 -0.096063
v -0.532135 3.058958 -0.046050
v -0.532135 3.083595 0.000043
v -0.532135 3.116750 0.040443
v -0.532135 3.157151 0.073599
v -0.532135 3.203243 0.098236
v -0.532135 3.253257 0.113407
v -0.532135 3.305269 0.118530
v -0.532135 3.357281 0.113407
v -0.532135 3.407295 0.098236
v -0.532135 3.453387 0.073599
v -0.532135 3.493788 0.040443
v -0.532135 3.526943 0.000043
v -0.532135 3.551580 -0.046050
v -0.532135 3.566752 -0.096063
v -0.532135 3.571875 -0.148075
v -0.532135 3.566752 -0.200087
v -0.532135 3.551580 -0.250101
v -0.532135 3.526943 -0.296193
v -0.532135 3.493788 -0.336594
v -0.532135 3.453387 -0.369750
v -0.532135 3.407295 -0.394387
v -0.532135 3.357281 -0.409558
v -0.340860 3.305269 -0.414681
v -0.340860 3.253257 -0.409558
v -0.340860 3.203243 -0.394387
v -0.340860 3.157151 -0.369750
v -0.340860 3.116751 -0.336594
v -0.340860 3.083595 -0.296193
v -0.340860 3.058958 -0.250101
v -0.340860 3.043787 -0.200087
v -0.340860 3.038663 -0.148075
v -0.340860 3.043787 -0.096063
v -0.340860 3.058958 -0.046050
v -0.340860 3.083595 0.000043
v -0.340860 3.116750 0.040443
v -0.340860 3.157151 0.073599
v -0.340860 3.203243 0.098236
v -0.340860 3.253257 0.113407
v -0.340860 3.305269 0.118530
v -0.340860 3.357281 0.113407
v -0.340860 3.407295 0.098236
v -0.340860 3.453387 0.073599
v -0.340860 3.493788 0.040443
v -0.340860 3.526943 0.000043
v -0.340860 3.551580 -0.046050
v -0.340860 3.566752 -0.096063
v -0.340860 3.571875 -0.148075
v -0.340860 3.566752 -0.200087
v -0.340860 3.551580 -0.250101
v -0.340860 3.526943 -0.296193
v -0.340860 3.493788 -0.336594
v -0.340860 3.453387 -0.369750
v -0.340860 3.407295 -0.394387
v -0.340860 3.357281 -0.409558
v 0.888474 3.305269 -0.269591
v 0.888474 3.281562 -0.267256
v 0.888474 3.258767 -0.260341
v 0.888474 3.237758 -0.249112
v 0.888474 3.219344 -0.234000
v 0.888474 3.204232 -0.215586
v 0.888474 3.193003 -0.194577
v 0.888474 3.186088 -0.171782
v 0.888474 3.183753 -0.148075
v 0.888474 3.186088 -0.124369
v 0.888474 3.193003 -0.101573
v 0.888474 3.204232 -0.080565
v 0.888474 3.219344 -0.062151
v 0.888474 3.237758 -0.047039
v 0.888474 3.258767 -0.035810
v 0.888474 3.281562 -0.028895
v 0.888474 3.305269 -0.026560
v 0.888474 3.328975 -0.028895
v 0.888474 3.351771 -0.035810
v 0.888474 3.372779 -0.047039
v 0.888474 3.391193 -0.062151
v 0.888474 3.406305 -0.080565
v 0.888474 3.417534 -0.101573
v 0.888474 3.424449 -0.124369
v 0.888474 3.426784 -0.148075
v 0.888474 3.424449 -0.171782
v 0.888474 3.417534 -0.194577
v 0.888474 3.406305 -0.215586
v 0.888474 3.391193 -0.234000
v 0.888474 3.372779 -0.249112
v 0.888474 3.351771 -0.260341
v 0.888474 3.328975 -0.267256
v 0.686007 3.261670 -0.367262
v 0.686007 3.219747 -0.354545
v 0.686007 3.181110 -0.333893
v 0.686007 3.147244 -0.306100
v 0.686007 3.119452 -0.272235
v 0.686007 3.098800 -0.233598
v 0.686007 3.086082 -0.191674
v 0.686007 3.081788 -0.148075
v 0.686007 3.086082 -0.104476
v 0.686007 3.098800 -0.062553
v 0.686007 3.119452 -0.023916
v 0.686007 3.147244 0.009949
v 0.686007 3.181110 0.037742
v 0.686007 3.219747 0.058394
v 0.686007 3.261670 0.071111
v 0.686007 3.305269 0.075405
v 0.686007 3.348868 0.071111
v 0.686007 3.390791 0.058394
v 0.686007 3.429428 0.037742
v 0.686007 3.463294 0.009949
v 0.686007 3.491086 -0.023916
v 0.686007 3.511738 -0.062553
v 0.686007 3.524456 -0.104476
v 0.686007 3.528749 -0.148075
v 0.686007 3.524456 -0.191674
v 0.686007 3.511738 -0.233598
v 0.686007 3.491086 -0.272235
v 0.686007 3.463294 -0.306100
v 0.686007 3.429428 -0.333893
v 0.686007 3.390791 -0.354545
v 0.686007 3.348868 -0.367262
v 0.686007 3.305269 -0.371556
v 1.168382 3.275973 -0.295353
v 1.168382 3.305269 -0.298238
v 1.168382 3.247804 -0.286808
v 1.168382 3.221843 -0.272931
v 1.168382 3.199088 -0.254256
v 1.168382 3.180413 -0.231501
v 1.168382 3.166537 -0.205540
v 1.168382 3.157991 -0.177371
v 1.168382 3.155106 -0.148075
v 1.168382 3.157991 -0.118780
v 1.168382 3.166537 -0.090610
v 1.168382 3.180413 -0.064649
v 1.168382 3.199088 -0.041894
v 1.168382 3.221843 -0.023220
v 1.168382 3.247804 -0.009343
v 1.168382 3.275973 -0.000798
v 1.168382 3.305269 0.002087
v 1.168382 3.334564 -0.000798
v 1.168382 3.362734 -0.009343
v 1.168382 3.388695 -0.023220
v 1.168382 3.411450 -0.041894
v 1.168382 3.430125 -0.064649
v 1.168382 3.444001 -0.090610
v 1.168382 3.452546 -0.118780
v 1.168382 3.455431 -0.148075
v 1.168382 3.452546 -0.177371
v 1.168382 3.444001 -0.205540
v 1.168382 3.430125 -0.231501
v 1.168382 3.411450 -0.254256
v 1.168382 3.388695 -0.272931
v 1.168382 3.362734 -0.286808
v 1.168382 3.334564 -0.295353
v 1.201059 3.275973 -0.295353
v 1.201059 3.305269 -0.298238
v 1.201059 3.247804 -0.286808
v 1.201059 3.221843 -0.272931
v 1.201059 3.199088 -0.254256
v 1.201059 3.180413 -0.231501
v 1.201059 3.166537 -0.205540
v 1.201059 3.157991 -0.177371
v 1.201059 3.155106 -0.148075
v 1.201059 3.157991 -0.118780
v 1.201059 3.166537 -0.090610
v 1.201059 3.180413 -0.064649
v 1.201059 3.199088 -0.041894
v 1.201059 3.221843 -0.023220
v 1.201059 3.247804 -0.009343
v 1.201059 3.275973 -0.000798
v 1.201059 3.305269 0.002087
v 1.201059 3.334564 -0.000798
v 1.201059 3.362734 -0.009343
v 1.201059 3.388695 -0.023220
v 1.201059 3.411450 -0.041894
v 1.201059 3.430125 -0.064649
v 1.201059 3.444001 -0.090610
v 1.201059 3.452546 -0.118780
v 1.201059 3.455431 -0.148075
v 1.201059 3.452546 -0.177371
v 1.201059 3.444001 -0.205540
v 1.201059 3.430125 -0.231501
v 1.201059 3.411450 -0.254256
v 1.201059 3.388695 -0.272931
v 1.201059 3.362734 -0.286808
v 1.201059 3.334564 -0.295353
v -1.004857 3.541626 0.346923
v -1.087661 3.533471 0.346896
v -1.167284 3.509318 0.346816
v -1.240664 3.470095 0.346686
v -1.304982 3.417311 0.346511
v -1.357767 3.352993 0.346298
v -1.396989 3.279612 0.346054
v -1.421142 3.199990 0.345790
v -1.429298 3.117186 0.345515
v -1.421142 3.034381 0.345241
v -1.396989 2.954759 0.344976
v -1.357767 2.881379 0.344733
v -1.304982 2.817061 0.344520
v -1.240664 2.764276 0.344345
v -1.167284 2.725054 0.344214
v -1.087661 2.700901 0.344134
v -1.004857 2.692745 0.344107
v -0.922053 2.700901 0.344134
v -0.842430 2.725054 0.344214
v -0.769050 2.764276 0.344345
v -0.704732 2.817061 0.344520
v -0.651947 2.881379 0.344733
v -0.612724 2.954759 0.344976
v -0.588571 3.034381 0.345241
v -0.580416 3.117186 0.345515
v -0.588571 3.199990 0.345790
v -0.612725 3.279612 0.346054
v -0.651947 3.352993 0.346298
v -0.704732 3.417311 0.346511
v -0.769050 3.470095 0.346686
v -0.842430 3.509318 0.346816
v -0.922053 3.533471 0.346896
v -1.004857 3.541626 0.217685
v -1.087661 3.533471 0.217658
v -1.167284 3.509318 0.217578
v -1.240664 3.470095 0.217447
v -1.304982 3.417311 0.217272
v -1.357767 3.352993 0.217059
v -1.396989 3.279612 0.216816
v -1.421142 3.199990 0.216551
v -1.429298 3.117186 0.216277
v -1.421142 3.034381 0.216002
v -1.396989 2.954759 0.215738
v -1.357767 2.881379 0.215494
v -1.304982 2.817061 0.215281
v -1.240664 2.764277 0.215106
v -1.167284 2.725054 0.214976
v -1.087661 2.700901 0.214896
v -1.004857 2.692745 0.214869
v -0.922053 2.700901 0.214896
v -0.842430 2.725054 0.214976
v -0.769050 2.764276 0.215106
v -0.704732 2.817061 0.215281
v -0.651947 2.881379 0.215494
v -0.612724 2.954759 0.215738
v -0.588571 3.034381 0.216002
v -0.580416 3.117186 0.216277
v -0.588571 3.199990 0.216551
v -0.612725 3.279612 0.216816
v -0.651947 3.352993 0.217059
v -0.704732 3.417311 0.217272
v -0.769050 3.470095 0.217447
v -0.842430 3.509318 0.217578
v -0.922053 3.533471 0.217658
v -1.004857 3.570641 0.171894
v -1.093322 3.561928 0.171867
v -1.178387 3.536124 0.171787
v -1.256783 3.494220 0.171657
v -1.325498 3.437827 0.171482
v -1.381891 3.369112 0.171269
v -1.423795 3.290715 0.171025
v -1.449599 3.205650 0.170761
v -1.458312 3.117186 0.170486
v -1.449599 3.028721 0.170212
v -1.423795 2.943656 0.169948
v -1.381891 2.865260 0.169704
v -1.325498 2.796545 0.169491
v -1.256783 2.740152 0.169316
v -1.178387 2.698248 0.169186
v -1.093322 2.672444 0.169105
v -1.004857 2.663731 0.169078
v -0.916392 2.672444 0.169105
v -0.831327 2.698248 0.169186
v -0.752931 2.740152 0.169316
v -0.684216 2.796545 0.169491
v -0.627823 2.865260 0.169704
v -0.585919 2.943656 0.169948
v -0.560115 3.028721 0.170212
v -0.551402 3.117186 0.170486
v -0.560115 3.205650 0.170761
v -0.585919 3.290715 0.171025
v -0.627823 3.369112 0.171269
v -0.684216 3.437827 0.171482
v -0.752931 3.494220 0.171657
v -0.831327 3.536124 0.171787
v -0.916392 3.561928 0.171867
v -1.004857 3.570641 0.068866
v -1.093322 3.561928 0.068839
v -1.178387 3.536124 0.068759
v -1.256783 3.494220 0.068629
v -1.325498 3.437827 0.068454
v -1.381891 3.369112 0.068240
v -1.423795 3.290715 0.067997
v -1.449599 3.205650 0.067733
v -1.458312 3.117186 0.067458
v -1.449599 3.028721 0.067183
v -1.423795 2.943656 0.066919
v -1.381891 2.865260 0.066676
v -1.325498 2.796545 0.066463
v -1.256783 2.740152 0.066287
v -1.178387 2.698248 0.066157
v -1.093322 2.672444 0.066077
v -1.004857 2.663731 0.066050
v -0.916392 2.672444 0.066077
v -0.831327 2.698248 0.066157
v -0.752931 2.740152 0.066287
v -0.684216 2.796545 0.066463
v -0.627823 2.865260 0.066676
v -0.585919 2.943656 0.066919
v -0.560115 3.028721 0.067183
v -0.551402 3.117186 0.067458
v -0.560115 3.205650 0.067733
v -0.585919 3.290715 0.067997
v -0.627823 3.369112 0.068240
v -0.684216 3.437827 0.068454
v -0.752931 3.494220 0.068629
v -0.831327 3.536124 0.068759
v -0.916392 3.561928 0.068839
v -1.004857 3.311579 0.068062
v -1.042781 3.307844 0.068050
v -1.079248 3.296782 0.068016
v -1.112856 3.278818 0.067960
v -1.142314 3.254642 0.067885
v -1.166489 3.225185 0.067794
v -1.184453 3.191577 0.067689
v -1.195516 3.155110 0.067576
v -1.199251 3.117185 0.067458
v -1.195516 3.079261 0.067340
v -1.184453 3.042794 0.067227
v -1.166489 3.009186 0.067123
v -1.142314 2.979728 0.067031
v -1.112856 2.955553 0.066956
v -1.079248 2.937589 0.066901
v -1.042781 2.926527 0.066866
v -1.004857 2.922791 0.066855
v -0.966933 2.926527 0.066866
v -0.930466 2.937589 0.066901
v -0.896858 2.955553 0.066956
v -0.867400 2.979728 0.067031
v -0.843224 3.009186 0.067123
v -0.825260 3.042794 0.067227
v -0.814198 3.079261 0.067340
v -0.810463 3.117185 0.067458
v -0.814198 3.155110 0.067576
v -0.825260 3.191577 0.067689
v -0.843224 3.225185 0.067794
v -0.867400 3.254642 0.067885
v -0.896858 3.278818 0.067960
v -0.930466 3.296782 0.068016
v -0.966933 3.307844 0.068050
v -1.004857 3.311579 -0.701040
v -1.042781 3.307844 -0.701051
v -1.079248 3.296782 -0.701086
v -1.112856 3.278818 -0.701141
v -1.142314 3.254642 -0.701217
v -1.166489 3.225185 -0.701308
v -1.184453 3.191577 -0.701412
v -1.195516 3.155110 -0.701526
v -1.199251 3.117186 -0.701643
v -1.195516 3.079261 -0.701761
v -1.184453 3.042794 -0.701874
v -1.166489 3.009186 -0.701979
v -1.142314 2.979728 -0.702070
v -1.112856 2.955553 -0.702145
v -1.079248 2.937589 -0.702201
v -1.042781 2.926527 -0.702235
v -1.004857 2.922791 -0.702247
v -0.966933 2.926527 -0.702235
v -0.930466 2.937589 -0.702201
v -0.896858 2.955553 -0.702145
v -0.867400 2.979728 -0.702070
v -0.843224 3.009186 -0.701979
v -0.825260 3.042794 -0.701874
v -0.814198 3.079261 -0.701761
v -0.810463 3.117186 -0.701643
v -0.814198 3.155110 -0.701526
v -0.825260 3.191577 -0.701412
v -0.843224 3.225185 -0.701308
v -0.867400 3.254642 -0.701217
v -0.896858 3.278818 -0.701141
v -0.930466 3.296782 -0.701086
v -0.966933 3.307844 -0.701051
v 0.895567 2.476672 -0.114852
v 0.766242 2.463934 -0.114852
v 0.641886 2.426212 -0.114852
v 0.527279 2.364953 -0.114852
v 0.426825 2.282513 -0.114852
v 0.344385 2.182059 -0.114852
v 0.283126 2.067452 -0.114852
v 0.245403 1.943096 -0.114852
v 0.232665 1.813770 -0.114852
v -0.428606 1.229318 -0.114852
v -0.390883 1.104962 -0.114852
v -0.329624 0.990355 -0.114852
v -0.247184 0.889901 -0.114852
v -0.146730 0.807461 -0.114852
v -0.032123 0.746202 -0.114852
v 0.092233 0.708479 -0.114852
v 0.580953 0.747887 -0.114852
v 0.710279 0.760624 -0.114852
v 0.834635 0.798347 -0.114852
v 0.949242 0.859606 -0.114852
v 1.049695 0.942046 -0.114852
v 1.132136 1.042500 -0.114852
v 1.508009 1.560088 -0.114852
v 1.545732 1.684444 -0.114852
v 1.558470 1.813770 -0.114852
v 1.545732 1.943096 -0.114852
v 1.508009 2.067452 -0.114852
v 1.446750 2.182059 -0.114852
v 1.364310 2.282513 -0.114852
v 1.263856 2.364953 -0.114852
v 1.149249 2.426212 -0.114852
v 1.024893 2.463934 -0.114852
v 0.895567 2.476672 0.109231
v 0.766242 2.463934 0.109231
v 0.641886 2.426212 0.109231
v 0.527279 2.364953 0.109231
v 0.426825 2.282513 0.109231
v 0.344385 2.182059 0.109231
v 0.283126 2.067452 0.109231
v 0.245403 1.943096 0.109231
v 0.232665 1.813770 0.109231
v -0.428606 1.229318 0.109231
v -0.390883 1.104962 0.109231
v -0.329624 0.990355 0.109231
v -0.247184 0.889901 0.109231
v -0.146730 0.807461 0.109231
v -0.032123 0.746202 0.109231
v 0.092233 0.708479 0.109231
v 0.580953 0.747887 0.109231
v 0.710279 0.760624 0.109231
v 0.834635 0.798347 0.109231
v 0.949242 0.859606 0.109231
v 1.049695 0.942046 0.109231
v 1.132136 1.042500 0.109231
v 1.508009 1.560088 0.109231
v 1.545732 1.684444 0.109231
v 1.558470 1.813770 0.109231
v 1.545732 1.943096 0.109231
v 1.508009 2.067452 0.109231
v 1.446750 2.182059 0.109231
v 1.364310 2.282513 0.109231
v 1.263856 2.364953 0.109231
v 1.149249 2.426212 0.109231
v 1.024893 2.463934 0.109231
v 0.118639 1.585625 -0.114852
v 0.118639 1.585625 0.109231
v -1.035620 0.771992 0.612311
v -1.035620 1.250584 0.612311
v -1.035620 0.771992 -0.612310
v -1.035620 1.250584 -0.612311
v -0.002679 0.771992 0.612311
v -0.002679 1.250584 0.612311
v -0.002679 0.771992 -0.612310
v -0.002679 1.250584 -0.612311
v -0.728251 0.771992 -0.612310
v -0.728251 1.250584 -0.612311
v -0.728251 0.771992 0.612311
v -0.728251 1.250584 0.612311
v -1.035620 1.313309 0.612311
v -1.035620 1.313309 -0.612311
v -0.728251 1.313309 0.612311
v -0.728251 1.313309 -0.612311
v 0.920532 2.175260 -0.094504
v 0.869076 2.170192 -0.094504
v 0.819598 2.155183 -0.094504
v 0.773999 2.130809 -0.094504
v 0.734031 2.098009 -0.094504
v 0.701230 2.058040 -0.094504
v 0.676857 2.012441 -0.094504
v 0.661848 1.962963 -0.094504
v 0.656780 1.911508 -0.094504
v 0.661848 1.860052 -0.094504
v 0.676857 1.810574 -0.094504
v 0.701230 1.764975 -0.094504
v 0.734031 1.725007 -0.094504
v 0.773999 1.692206 -0.094504
v 0.819598 1.667833 -0.094504
v 0.869076 1.652824 -0.094504
v 0.920532 1.647756 -0.094504
v 0.971987 1.652824 -0.094504
v 1.021465 1.667833 -0.094504
v 1.067065 1.692206 -0.094504
v 1.107033 1.725007 -0.094504
v 1.139833 1.764975 -0.094504
v 1.164207 1.810574 -0.094504
v 1.179216 1.860052 -0.094504
v 1.184284 1.911508 -0.094504
v 1.179216 1.962963 -0.094504
v 1.164207 2.012441 -0.094504
v 1.139833 2.058040 -0.094504
v 1.107033 2.098009 -0.094504
v 1.067065 2.130809 -0.094504
v 1.021465 2.155183 -0.094504
v 0.971987 2.170192 -0.094504
v 0.920532 2.175260 -0.936755
v 0.869076 2.170192 -0.936755
v 0.819598 2.155183 -0.936755
v 0.773999 2.130809 -0.936755
v 0.734031 2.098009 -0.936755
v 0.701230 2.058041 -0.936755
v 0.676857 2.012441 -0.936755
v 0.661848 1.962963 -0.936755
v 0.656780 1.911508 -0.936755
v 0.661848 1.860052 -0.936755
v 0.676857 1.810574 -0.936755
v 0.701230 1.764975 -0.936755
v 0.734031 1.725007 -0.936755
v 0.773999 1.692206 -0.936755
v 0.819598 1.667833 -0.936755
v 0.869076 1.652824 -0.936755
v 0.920532 1.647756 -0.936755
v 0.971987 1.652824 -0.936755
v 1.021465 1.667833 -0.936755
v 1.067065 1.692206 -0.936755
v 1.107033 1.725007 -0.936755
v 1.139833 1.764975 -0.936755
v 1.164207 1.810574 -0.936755
v 1.179216 1.860052 -0.936755
v 1.184284 1.911508 -0.936755
v 1.179216 1.962963 -0.936755
v 1.164207 2.012441 -0.936755
v 1.139833 2.058041 -0.936755
v 1.107033 2.098009 -0.936755
v 1.067065 2.130809 -0.936755
v 1.021465 2.155183 -0.936755
v 0.971987 2.170192 -0.936755
v 0.000000 0.529470 -0.817826
v -0.159550 0.529470 -0.802111
v -0.317803 0.529470 -0.765337
v -0.461022 0.529470 -0.688785
v -0.586554 0.529470 -0.585763
v -0.679997 0.529470 -0.454360
v -0.755572 0.529470 -0.312968
v -0.802111 0.529470 -0.159550
v -0.817826 0.529470 0.000000
v -0.802111 0.529470 0.159550
v -0.755572 0.529470 0.312968
v -0.679997 0.529470 0.454360
v -0.586554 0.529470 0.585763
v -0.461022 0.529470 0.688785
v -0.317803 0.529470 0.765337
v -0.159550 0.529470 0.802111
v 0.000000 0.529470 0.817826
v 0.159550 0.529470 0.802111
v 0.312968 0.529470 0.755572
v 0.459441 0.529470 0.688785
v 0.584973 0.529470 0.585763
v 0.687994 0.529470 0.460231
v 0.755572 0.529470 0.312968
v 0.802111 0.529470 0.159550
v 0.817826 0.529470 0.000000
v 0.802111 0.529470 -0.159550
v 0.755572 0.529470 -0.312968
v 0.687994 0.529470 -0.460231
v 0.584973 0.529470 -0.585763
v 0.459441 0.529470 -0.688785
v 0.312968 0.529470 -0.755572
v 0.159550 0.529470 -0.802111
v 0.000000 0.675061 -0.817826
v -0.159550 0.675061 -0.802111
v -0.317803 0.675061 -0.765337
v -0.461022 0.675061 -0.688785
v -0.586554 0.675061 -0.585763
v -0.679997 0.675061 -0.454360
v -0.755572 0.675061 -0.312968
v -0.802111 0.675061 -0.159550
v -0.817826 0.675061 0.000000
v -0.802111 0.675061 0.159550
v -0.755572 0.675061 0.312968
v -0.679997 0.675061 0.454360
v -0.586554 0.675061 0.585763
v -0.461022 0.675061 0.688785
v -0.317803 0.675061 0.765337
v -0.159550 0.675061 0.802111
v 0.000000 0.675061 0.817826
v 0.159550 0.675061 0.802111
v 0.312968 0.675061 0.755572
v 0.459441 0.675061 0.688785
v 0.584973 0.675061 0.585763
v 0.687994 0.675061 0.460231
v 0.755572 0.675061 0.312968
v 0.802111 0.675061 0.159550
v 0.817826 0.675061 0.000000
v 0.802111 0.675061 -0.159550
v 0.755572 0.675061 -0.312968
v 0.687994 0.675061 -0.460231
v 0.584973 0.675061 -0.585763
v 0.459441 0.675061 -0.688785
v 0.312968 0.675061 -0.755572
v 0.159550 0.675061 -0.802111
v 0.000000 0.675061 -0.658937
v -0.128552 0.675061 -0.646275
v -0.256060 0.675061 -0.616645
v -0.371453 0.675061 -0.554966
v -0.472597 0.675061 -0.471960
v -0.547886 0.675061 -0.366086
v -0.608778 0.675061 -0.252164
v -0.646275 0.675061 -0.128552
v -0.658937 0.675061 0.000000
v -0.646275 0.675061 0.128552
v -0.608778 0.675061 0.252164
v -0.547886 0.675061 0.366085
v -0.472597 0.675061 0.471960
v -0.371453 0.675061 0.554966
v -0.256060 0.675061 0.616645
v -0.128552 0.675061 0.646275
v 0.000000 0.675061 0.658937
v 0.128552 0.675061 0.646275
v 0.252164 0.675061 0.608778
v 0.370180 0.675061 0.554966
v 0.471323 0.675061 0.471960
v 0.554329 0.675061 0.370816
v 0.608778 0.675061 0.252164
v 0.646275 0.675061 0.128552
v 0.658937 0.675061 0.000000
v 0.646275 0.675061 -0.128552
v 0.608778 0.675061 -0.252164
v 0.554329 0.675061 -0.370817
v 0.471323 0.675061 -0.471960
v 0.370180 0.675061 -0.554966
v 0.252164 0.675061 -0.608778
v 0.128552 0.675061 -0.646275
v 0.000000 0.773405 -0.658937
v -0.128552 0.773405 -0.646275
v -0.256060 0.773405 -0.616645
v -0.371453 0.773405 -0.554966
v -0.472597 0.773405 -0.471960
v -0.547886 0.773405 -0.366085
v -0.608778 0.773405 -0.252164
v -0.646275 0.773405 -0.128552
v -0.658937 0.773405 0.000000
v -0.646275 0.773405 0.128552
v -0.608778 0.773405 0.252164
v -0.547886 0.773405 0.366086
v -0.472597 0.773405 0.471960
v -0.371453 0.773405 0.554966
v -0.256060 0.773405 0.616645
v -0.128552 0.773405 0.646275
v 0.000000 0.773405 0.658937
v 0.128552 0.773405 0.646275
v 0.252164 0.773405 0.608778
v 0.370180 0.773405 0.554966
v 0.471323 0.773405 0.471960
v 0.554329 0.773405 0.370817
v 0.608778 0.773405 0.252164
v 0.646275 0.773405 0.128552
v 0.658937 0.773405 0.000000
v 0.646275 0.773405 -0.128552
v 0.608778 0.773405 -0.252164
v 0.554329 0.773405 -0.370816
v 0.471323 0.773405 -0.471960
v 0.370180 0.773405 -0.554966
v 0.252164 0.773405 -0.608778
v 0.128552 0.773405 -0.646275
v 0.000000 0.773405 -0.000000
vn -0.9776 -0.2092 0.0242
vn -0.9554 -0.2260 0.1900
vn -0.9683 -0.2170 0.1240
vn 0.5500 0.0267 -0.8348
vn 0.6339 0.0375 -0.7725
vn 0.5607 0.0281 -0.8275
vn -0.9599 -0.1823 -0.2129
vn 0.4713 0.0171 -0.8818
vn 0.0955 -0.2249 0.9697
vn -0.0000 -0.2260 0.9741
vn -0.7049 -0.1303 0.6973
vn -0.7656 -0.1377 0.6284
vn -0.6973 -0.1294 0.7050
vn -0.4287 -0.1705 -0.8872
vn -0.4287 -0.1705 0.8872
vn -0.6298 -0.1207 0.7674
vn -0.0000 -0.2260 -0.9741
vn 0.0955 -0.2249 -0.9697
vn 0.5500 0.0267 0.8348
vn 0.4713 0.0171 0.8818
vn 0.5607 0.0281 0.8275
vn 0.2935 -0.1539 0.9435
vn -0.1900 -0.2260 -0.9554
vn 0.6339 0.0375 0.7725
vn -0.1900 -0.2260 0.9554
vn -0.2828 -0.2249 0.9324
vn -0.2828 -0.2249 -0.9324
vn 0.9792 -0.1379 -0.1486
vn 0.2935 -0.1539 -0.9435
vn 0.9000 -0.2260 0.3728
vn 0.8593 -0.2249 0.4593
vn -0.7049 -0.1303 -0.6973
vn -0.6298 -0.1207 -0.7674
vn -0.6973 -0.1294 -0.7050
vn 0.9554 -0.2260 0.1900
vn -0.7656 -0.1377 -0.6284
vn 0.9741 -0.2260 -0.0000
vn -0.9776 -0.2092 -0.0242
vn -0.9599 -0.1823 0.2129
vn -0.9683 -0.2170 -0.1240
vn 0.9554 -0.2260 -0.1900
vn -0.9554 -0.2260 -0.1900
vn 0.9000 -0.2260 -0.3728
vn -0.9741 -0.2260 -0.0000
vn 0.8593 -0.2249 -0.4593
vn 0.9792 -0.1379 0.1486
vn 0.2803 -0.8699 0.4059
vn 0.2586 -0.9402 0.2218
vn 0.2117 -0.9552 0.2066
vn 0.3287 -0.8746 0.3563
vn -0.3722 -0.8588 0.3520
vn -0.3689 -0.8527 0.3700
vn -0.3701 -0.8527 0.3688
vn -0.4116 -0.8616 0.2971
vn -0.0000 -0.9903 -0.1387
vn 0.2586 -0.9402 -0.2218
vn 0.2117 -0.9552 -0.2066
vn 0.2801 -0.8644 0.4177
vn 0.2786 -0.8643 0.4187
vn -0.3191 -0.9326 0.1686
vn -0.2654 -0.9503 0.1626
vn -0.0271 -0.9903 -0.1360
vn 0.2661 -0.8697 0.4157
vn 0.2056 -0.8724 0.4435
vn -0.0271 -0.9903 0.1360
vn -0.3191 -0.9326 -0.1686
vn -0.2654 -0.9503 -0.1626
vn 0.1048 -0.9367 0.3340
vn 0.1091 -0.9536 0.2806
vn -0.0000 -0.9903 0.1387
vn -0.3722 -0.8588 -0.3520
vn -0.4116 -0.8616 -0.2971
vn 0.1281 -0.9903 0.0531
vn -0.3689 -0.8527 -0.3700
vn -0.3701 -0.8527 -0.3688
vn 0.1360 -0.9903 0.0271
vn -0.3533 -0.8591 -0.3704
vn -0.2944 -0.8638 -0.4088
vn 0.1387 -0.9903 -0.0000
vn -0.1679 -0.9359 -0.3096
vn -0.1622 -0.9519 -0.2597
vn 0.1360 -0.9903 -0.0271
vn -0.1360 -0.9903 -0.0271
vn 0.1281 -0.9903 -0.0531
vn -0.1387 -0.9903 -0.0000
vn 0.1048 -0.9367 -0.3340
vn 0.1091 -0.9536 -0.2806
vn -0.1360 -0.9903 0.0271
vn 0.2661 -0.8697 -0.4157
vn 0.2056 -0.8724 -0.4435
vn -0.1679 -0.9359 0.3096
vn -0.1622 -0.9519 0.2597
vn 0.2801 -0.8644 -0.4177
vn 0.2786 -0.8643 -0.4187
vn -0.3533 -0.8591 0.3704
vn -0.2944 -0.8638 0.4088
vn 0.2803 -0.8699 -0.4059
vn 0.3287 -0.8746 -0.3563
vn 0.1625 -0.0000 0.9867
vn -0.0000 -0.0000 1.0000
vn -0.7071 -0.0000 0.7071
vn -0.8479 -0.0000 0.5301
vn 0.1625 -0.0000 -0.9867
vn 0.3519 -0.0000 -0.9360
vn 0.3519 -0.0000 0.9360
vn -0.5291 -0.0000 0.8486
vn -0.0000 -0.0000 -1.0000
vn 0.5556 -0.0000 0.8315
vn -0.3534 -0.0000 0.9355
vn -0.1951 -0.0000 -0.9808
vn 0.7311 -0.0000 0.6823
vn -0.1951 -0.0000 0.9808
vn -0.3534 -0.0000 -0.9355
vn 0.8502 -0.0000 0.5265
vn -0.5291 -0.0000 -0.8486
vn 0.9239 -0.0000 0.3827
vn -0.7071 -0.0000 -0.7071
vn 0.9808 -0.0000 0.1951
vn -0.8479 -0.0000 -0.5301
vn 1.0000 -0.0000 -0.0000
vn -0.9351 -0.0000 -0.3545
vn 0.9808 -0.0000 -0.1951
vn -0.9808 -0.0000 -0.1951
vn 0.9239 -0.0000 -0.3827
vn -1.0000 -0.0000 -0.0000
vn 0.8502 -0.0000 -0.5265
vn -0.9808 -0.0000 0.1951
vn 0.7311 -0.0000 -0.6823
vn -0.9351 -0.0000 0.3545
vn 0.5556 -0.0000 -0.8315
vn -0.0000 1.0000 -0.0000
vn -0.0000 -1.0000 -0.0000
vn 0.5556 0.8315 -0.0000
vn 0.7071 0.7071 -0.0000
vn -0.8315 -0.5556 -0.0000
vn -0.9239 -0.3827 -0.0000
vn 0.3827 0.9239 -0.0000
vn 0.1951 -0.9808 -0.0000
vn -0.7071 -0.7071 -0.0000
vn 0.1951 0.9808 -0.0000
vn 0.3827 -0.9239 -0.0000
vn -0.5556 -0.8315 -0.0000
vn 0.5556 -0.8315 -0.0000
vn -0.3827 -0.9239 -0.0000
vn -0.1951 0.9808 -0.0000
vn 0.7071 -0.7071 -0.0000
vn -0.1951 -0.9808 -0.0000
vn -0.3827 0.9239 -0.0000
vn 0.8315 -0.5556 -0.0000
vn -0.5556 0.8315 -0.0000
vn 0.9239 -0.3827 -0.0000
vn -0.7071 0.7071 -0.0000
vn 0.9808 -0.1951 -0.0000
vn -0.8315 0.5556 -0.0000
vn -0.9239 0.3827 -0.0000
vn 0.9808 0.1951 -0.0000
vn -0.9808 0.1951 -0.0000
vn 0.9239 0.3827 -0.0000
vn 0.8315 0.5556 -0.0000
vn -0.9808 -0.1951 -0.0000
vn 0.0110 0.0206 -0.9997
vn 0.0011 0.0021 -1.0000
vn -0.3058 -0.9521 -0.0000
vn -0.4809 -0.8768 -0.0000
vn -0.4856 -0.8742 -0.0000
vn 0.5379 0.8430 -0.0000
vn 0.6012 0.7991 -0.0000
vn 0.0980 0.9952 -0.0000
vn -0.4714 -0.8819 -0.0000
vn 0.0052 -0.0083 1.0000
vn 0.0038 -0.0105 0.9999
vn 0.0044 -0.0096 0.9999
vn 0.0055 -0.0078 1.0000
vn 0.0019 -0.0136 0.9999
vn 0.0030 -0.0119 0.9999
vn 0.3512 0.4775 -0.8054
vn -0.0013 -0.0191 0.9998
vn 0.0009 -0.0153 0.9999
vn 0.0234 0.0437 -0.9988
vn 0.1760 0.2145 0.9607
vn 0.1664 0.2020 0.9652
vn 0.0305 0.0258 0.9992
vn 0.0276 0.0220 0.9994
vn 0.0190 0.0108 0.9998
vn 0.0174 0.0087 0.9998
vn 0.0146 0.0051 0.9999
vn 0.0135 0.0035 0.9999
vn 0.0122 0.0018 0.9999
vn 0.0112 0.0005 0.9999
vn 0.0106 -0.0004 0.9999
vn 0.0097 -0.0016 1.0000
vn 0.0094 -0.0021 1.0000
vn 0.0085 -0.0034 1.0000
vn 0.0083 -0.0036 1.0000
vn 0.0074 -0.0049 1.0000
vn -0.0020 -0.0202 0.9998
vn 0.0063 -0.0065 1.0000
vn 0.0065 -0.0063 1.0000
vn -0.3675 -0.6480 0.6671
vn 0.2345 -0.0000 -0.9721
vn -0.1799 -0.0000 -0.9837
vn -0.1799 -0.1919 -0.9648
vn 0.2345 -0.1897 -0.9534
vn -0.1799 -0.3764 -0.9088
vn 0.2345 -0.3720 -0.8981
vn -0.1799 -0.5465 -0.8179
vn 0.2345 -0.5401 -0.8083
vn -0.1799 -0.6956 -0.6956
vn 0.2345 -0.6874 -0.6874
vn -0.1799 -0.8179 -0.5465
vn 0.2345 -0.8083 -0.5401
vn -0.1799 -0.9088 -0.3764
vn 0.2345 -0.8981 -0.3720
vn -0.1799 -0.9648 -0.1919
vn 0.2345 -0.9534 -0.1897
vn -0.1799 -0.9837 -0.0000
vn 0.2345 -0.9721 -0.0000
vn -0.1799 -0.9648 0.1919
vn 0.2345 -0.9534 0.1897
vn -0.1799 -0.9088 0.3764
vn 0.2345 -0.8981 0.3720
vn -0.1799 -0.8179 0.5465
vn 0.2345 -0.8083 0.5401
vn -0.1799 -0.6956 0.6956
vn 0.2345 -0.6874 0.6874
vn -0.1799 -0.5465 0.8179
vn 0.2345 -0.5401 0.8083
vn -0.1799 -0.3764 0.9088
vn 0.2345 -0.3720 0.8981
vn -0.1799 -0.1919 0.9648
vn 0.2345 -0.1897 0.9534
vn -0.1799 -0.0000 0.9837
vn 0.2345 -0.0000 0.9721
vn -0.1799 0.1919 0.9648
vn 0.2345 0.1897 0.9534
vn -0.1799 0.3764 0.9088
vn 0.2345 0.3720 0.8981
vn -0.1799 0.5465 0.8179
vn 0.2345 0.5401 0.8083
vn -0.1799 0.6956 0.6956
vn 0.2345 0.6874 0.6874
vn -0.1799 0.8179 0.5465
vn 0.2345 0.8083 0.5401
vn -0.1799 0.9088 0.3764
vn 0.2345 0.8981 0.3720
vn -0.1799 0.9648 0.1919
vn 0.2345 0.9534 0.1897
vn -0.1799 0.9837 -0.0000
vn 0.2345 0.9721 -0.0000
vn -0.1799 0.9648 -0.1919
vn 0.2345 0.9534 -0.1897
vn -0.1799 0.9088 -0.3764
vn 0.2345 0.8981 -0.3720
vn -0.1799 0.8179 -0.5465
vn 0.2345 0.8083 -0.5401
vn -0.1799 0.6956 -0.6956
vn 0.2345 0.6874 -0.6874
vn -0.1799 0.5465 -0.8179
vn 0.2345 0.5401 -0.8083
vn -0.1799 0.3764 -0.9088
vn 0.2345 0.3720 -0.8981
vn -0.1799 0.1919 -0.9648
vn -0.1760 0.3767 -0.9095
vn -0.1760 0.1920 -0.9655
vn 0.2345 0.1897 -0.9534
vn -0.0000 0.1951 -0.9808
vn 0.0448 0.1949 -0.9798
vn 0.0448 -0.0000 -0.9990
vn -0.0000 0.3827 -0.9239
vn 0.0448 0.3823 -0.9230
vn -0.0000 0.5556 -0.8315
vn 0.0448 0.5550 -0.8306
vn -0.0000 0.7071 -0.7071
vn 0.0448 0.7064 -0.7064
vn -0.0000 0.8315 -0.5556
vn 0.0448 0.8306 -0.5550
vn -0.0000 0.9239 -0.3827
vn 0.0448 0.9230 -0.3823
vn -0.0000 0.9808 -0.1951
vn 0.0448 0.9798 -0.1949
vn 0.0448 0.9990 -0.0000
vn -0.0000 0.9808 0.1951
vn 0.0448 0.9798 0.1949
vn -0.0000 0.9239 0.3827
vn 0.0448 0.9230 0.3823
vn -0.0000 0.8315 0.5556
vn 0.0448 0.8306 0.5550
vn -0.0000 0.7071 0.7071
vn 0.0448 0.7064 0.7064
vn -0.0000 0.5556 0.8315
vn 0.0448 0.5550 0.8306
vn -0.0000 0.3827 0.9239
vn 0.0448 0.3823 0.9230
vn -0.0000 0.1951 0.9808
vn 0.0448 0.1949 0.9798
vn 0.0448 -0.0000 0.9990
vn -0.0000 -0.1951 0.9808
vn 0.0448 -0.1949 0.9798
vn -0.0000 -0.3827 0.9239
vn 0.0448 -0.3823 0.9230
vn -0.0000 -0.5556 0.8315
vn 0.0448 -0.5550 0.8306
vn -0.0000 -0.7071 0.7071
vn 0.0448 -0.7064 0.7064
vn -0.0000 -0.8315 0.5556
vn 0.0448 -0.8306 0.5550
vn -0.0000 -0.9239 0.3827
vn 0.0448 -0.9230 0.3823
vn -0.0000 -0.9808 0.1951
vn 0.0448 -0.9798 0.1949
vn 0.0448 -0.9990 -0.0000
vn -0.0000 -0.9808 -0.1951
vn 0.0448 -0.9798 -0.1949
vn -0.0000 -0.9239 -0.3827
vn 0.0448 -0.9230 -0.3823
vn -0.0000 -0.8315 -0.5556
vn 0.0448 -0.8306 -0.5550
vn -0.0000 -0.7071 -0.7071
vn 0.0448 -0.7064 -0.7064
vn -0.0000 -0.5556 -0.8315
vn 0.0448 -0.5550 -0.8306
vn -0.0000 -0.3827 -0.9239
vn 0.0448 -0.3823 -0.9230
vn -0.0000 -0.1951 -0.9808
vn 0.0448 -0.1949 -0.9798
vn 0.0954 0.1942 -0.9763
vn 0.0954 -0.0000 -0.9954
vn 0.0954 0.3809 -0.9197
vn 0.0954 0.5530 -0.8277
vn 0.0954 0.7039 -0.7039
vn 0.0954 0.8277 -0.5530
vn 0.0954 0.9197 -0.3809
vn 0.0954 0.9763 -0.1942
vn 0.0954 0.9954 -0.0000
vn 0.0954 0.9763 0.1942
vn 0.0954 0.9197 0.3809
vn 0.0954 0.8277 0.5530
vn 0.0954 0.7039 0.7039
vn 0.0954 0.5530 0.8277
vn 0.0954 0.3809 0.9197
vn 0.0954 0.1942 0.9763
vn 0.0954 -0.0000 0.9954
vn 0.0954 -0.1942 0.9763
vn 0.0954 -0.3809 0.9197
vn 0.0954 -0.5530 0.8277
vn 0.0954 -0.7039 0.7039
vn 0.0954 -0.8277 0.5530
vn 0.0954 -0.9197 0.3809
vn 0.0954 -0.9763 0.1942
vn 0.0954 -0.9954 -0.0000
vn 0.0954 -0.9763 -0.1942
vn 0.0954 -0.9197 -0.3809
vn 0.0954 -0.8277 -0.5530
vn 0.0954 -0.7039 -0.7039
vn 0.0954 -0.5530 -0.8277
vn 0.0954 -0.3809 -0.9197
vn 0.0954 -0.1942 -0.9763
vn 0.0508 0.1948 -0.9795
vn 0.0508 -0.0000 -0.9987
vn 0.0508 0.3822 -0.9227
vn 0.0508 0.5549 -0.8304
vn 0.0508 0.7062 -0.7062
vn 0.0508 0.8304 -0.5549
vn 0.0508 0.9227 -0.3822
vn 0.0508 0.9795 -0.1948
vn 0.0508 0.9987 -0.0000
vn 0.0508 0.9795 0.1948
vn 0.0508 0.9227 0.3822
vn 0.0508 0.8304 0.5549
vn 0.0508 0.7062 0.7062
vn 0.0508 0.5549 0.8304
vn 0.0508 0.3822 0.9227
vn 0.0508 0.1948 0.9795
vn 0.0508 -0.0000 0.9987
vn 0.0508 -0.1948 0.9795
vn 0.0508 -0.3822 0.9227
vn 0.0508 -0.5549 0.8304
vn 0.0508 -0.7062 0.7062
vn 0.0508 -0.8304 0.5549
vn 0.0508 -0.9227 0.3822
vn 0.0508 -0.9795 0.1948
vn 0.0508 -0.9987 -0.0000
vn 0.0508 -0.9795 -0.1948
vn 0.0508 -0.9227 -0.3822
vn 0.0508 -0.8304 -0.5549
vn 0.0508 -0.7062 -0.7062
vn 0.0508 -0.5549 -0.8304
vn 0.0508 -0.3822 -0.9227
vn 0.0508 -0.1948 -0.9795
vn 0.0210 0.1950 -0.9806
vn 0.0210 -0.0000 -0.9998
vn 0.0210 0.3826 -0.9237
vn 0.0210 0.5554 -0.8313
vn 0.0210 0.7070 -0.7070
vn 0.0210 0.8313 -0.5554
vn 0.0210 0.9237 -0.3826
vn 0.0210 0.9806 -0.1950
vn 0.0210 0.9998 -0.0000
vn 0.0210 0.9806 0.1950
vn 0.0210 0.9237 0.3826
vn 0.0210 0.8313 0.5554
vn 0.0210 0.7070 0.7070
vn 0.0210 0.5554 0.8313
vn 0.0210 0.3826 0.9237
vn 0.0210 0.1950 0.9806
vn 0.0210 -0.0000 0.9998
vn 0.0210 -0.1950 0.9806
vn 0.0210 -0.3826 0.9237
vn 0.0210 -0.5554 0.8313
vn 0.0210 -0.7070 0.7070
vn 0.0210 -0.8313 0.5554
vn 0.0210 -0.9237 0.3826
vn 0.0210 -0.9806 0.1950
vn 0.0210 -0.9998 -0.0000
vn 0.0210 -0.9806 -0.1950
vn 0.0210 -0.9237 -0.3826
vn 0.0210 -0.8313 -0.5554
vn 0.0210 -0.7070 -0.7070
vn 0.0210 -0.5554 -0.8313
vn 0.0210 -0.3826 -0.9237
vn 0.0210 -0.1950 -0.9806
vn 0.2484 0.1890 -0.9500
vn 0.2484 -0.0000 -0.9687
vn 0.2484 0.3707 -0.8949
vn 0.2484 0.5382 -0.8054
vn 0.2484 0.6849 -0.6849
vn 0.2484 0.8054 -0.5382
vn 0.2484 0.8949 -0.3707
vn 0.2484 0.9500 -0.1890
vn 0.2484 0.9687 -0.0000
vn 0.2484 0.9500 0.1890
vn 0.2484 0.8949 0.3707
vn 0.2484 0.8054 0.5382
vn 0.2484 0.6849 0.6849
vn 0.2484 0.5382 0.8054
vn 0.2484 0.3707 0.8949
vn 0.2484 0.1890 0.9500
vn 0.2484 -0.0000 0.9687
vn 0.2484 -0.1890 0.9500
vn 0.2484 -0.3707 0.8949
vn 0.2484 -0.5382 0.8054
vn 0.2484 -0.6849 0.6849
vn 0.2484 -0.8054 0.5382
vn 0.2484 -0.8949 0.3707
vn 0.2484 -0.9500 0.1890
vn 0.2484 -0.9687 -0.0000
vn 0.2484 -0.9500 -0.1890
vn 0.2484 -0.8949 -0.3707
vn 0.2484 -0.8054 -0.5382
vn 0.2484 -0.6849 -0.6849
vn 0.2484 -0.5382 -0.8054
vn 0.2484 -0.3707 -0.8949
vn 0.2484 -0.1890 -0.9500
vn -0.1760 -0.1920 0.9655
vn -0.1760 -0.3767 0.9095
vn -0.1760 -0.9844 -0.0000
vn -0.1760 -0.9655 0.1920
vn -0.1760 0.1920 0.9655
vn -0.1760 0.3767 0.9095
vn -0.1760 0.9095 -0.3767
vn -0.1760 0.8185 -0.5469
vn -0.1760 -0.6961 -0.6961
vn -0.1760 -0.8185 -0.5469
vn -0.1760 -0.5469 0.8185
vn -0.1760 0.9095 0.3767
vn -0.1760 0.9655 0.1920
vn -0.1760 -0.0000 -0.9844
vn -0.1760 -0.1920 -0.9655
vn -0.1760 -0.9095 0.3767
vn -0.1760 0.5469 0.8185
vn -0.1760 0.6961 -0.6961
vn -0.1760 -0.9095 -0.3767
vn -0.1760 0.9844 -0.0000
vn -0.1760 -0.3767 -0.9095
vn -0.1760 -0.8185 0.5469
vn -0.1760 0.6961 0.6961
vn -0.1760 0.5469 -0.8185
vn -0.1760 -0.9655 -0.1920
vn -0.1760 -0.0000 0.9844
vn -0.1760 0.9655 -0.1920
vn -0.1760 -0.5469 -0.8185
vn -0.1760 -0.6961 0.6961
vn -0.1760 0.8185 0.5469
vn 0.8314 0.5557 -0.0000
vn 0.9238 0.3829 -0.0000
vn 0.9240 0.3825 -0.0000
vn 0.8316 0.5554 -0.0000
vn -0.3828 -0.9238 -0.0000
vn -0.5557 -0.8314 -0.0000
vn -0.5555 -0.8315 -0.0000
vn -0.3826 -0.9239 -0.0000
vn 0.7070 0.7072 -0.0000
vn 0.7072 0.7070 -0.0000
vn -0.3826 0.9239 -0.0000
vn -0.3828 0.9238 -0.0000
vn 0.5555 0.8315 -0.0000
vn 0.5557 0.8314 -0.0000
vn -0.5555 0.8315 -0.0000
vn -0.5557 0.8314 -0.0000
vn 0.3826 0.9239 -0.0000
vn 0.3828 0.9238 -0.0000
vn -0.7070 0.7072 -0.0000
vn -0.7072 0.7070 -0.0000
vn 0.1950 0.9808 -0.0000
vn 0.3828 -0.9238 -0.0000
vn 0.3826 -0.9239 -0.0000
vn -0.8314 0.5557 -0.0000
vn -0.8316 0.5554 -0.0000
vn 0.5557 -0.8314 -0.0000
vn 0.5555 -0.8315 -0.0000
vn -0.9238 0.3829 -0.0000
vn -0.9240 0.3825 -0.0000
vn 0.7072 -0.7070 -0.0000
vn 0.7070 -0.7072 -0.0000
vn -0.9807 0.1953 -0.0000
vn -0.9808 0.1949 -0.0000
vn 0.8316 -0.5554 -0.0000
vn 0.8314 -0.5557 -0.0000
vn -1.0000 0.0002 -0.0000
vn -1.0000 -0.0002 -0.0000
vn 0.9240 -0.3825 -0.0000
vn 0.9238 -0.3829 -0.0000
vn -0.9808 -0.1949 -0.0000
vn -0.9807 -0.1953 -0.0000
vn 0.9808 -0.1949 -0.0000
vn 0.9807 -0.1953 -0.0000
vn -0.9240 -0.3825 -0.0000
vn -0.9238 -0.3829 -0.0000
vn 1.0000 0.0002 -0.0000
vn 1.0000 -0.0002 -0.0000
vn -0.8316 -0.5554 -0.0000
vn -0.8314 -0.5557 -0.0000
vn 0.9807 0.1953 -0.0000
vn 0.9808 0.1949 -0.0000
vn -0.7072 -0.7070 -0.0000
vn -0.7070 -0.7072 -0.0000
vn -0.3238 0.7802 0.5352
vn -0.1651 0.8284 0.5352
vn -0.3239 0.7801 0.5352
vn 0.4700 0.7019 0.5352
vn 0.5981 0.5965 0.5352
vn 0.5982 0.5964 0.5352
vn 0.4701 0.7018 0.5352
vn -0.0000 -0.8447 0.5352
vn -0.1645 -0.8285 0.5352
vn -0.1644 -0.8286 0.5352
vn -0.4700 0.7019 0.5352
vn -0.4701 0.7018 0.5352
vn 0.3238 0.7802 0.5352
vn 0.3239 0.7801 0.5352
vn 0.1645 -0.8285 0.5352
vn 0.1644 -0.8286 0.5352
vn -0.5981 0.5965 0.5352
vn -0.5982 0.5964 0.5352
vn 0.1651 0.8284 0.5352
vn 0.3227 -0.7806 0.5352
vn 0.3226 -0.7807 0.5352
vn -0.7031 0.4682 0.5352
vn -0.7032 0.4680 0.5352
vn -0.0000 0.8447 0.5352
vn 0.4686 -0.7028 0.5352
vn 0.4684 -0.7029 0.5352
vn -0.7810 0.3219 0.5352
vn -0.7811 0.3217 0.5352
vn 0.5965 -0.5981 0.5352
vn 0.5964 -0.5982 0.5352
vn -0.8288 0.1633 0.5352
vn -0.8288 0.1630 0.5352
vn 0.7016 -0.4704 0.5352
vn 0.7015 -0.4706 0.5352
vn -0.8447 -0.0016 0.5352
vn -0.8447 -0.0018 0.5352
vn 0.7799 -0.3246 0.5352
vn 0.7798 -0.3248 0.5352
vn -0.8282 -0.1663 0.5352
vn -0.8281 -0.1666 0.5352
vn 0.8282 -0.1663 0.5352
vn 0.8281 -0.1666 0.5352
vn -0.7799 -0.3246 0.5352
vn -0.7798 -0.3248 0.5352
vn 0.8447 -0.0016 0.5352
vn 0.8447 -0.0018 0.5352
vn -0.7016 -0.4704 0.5352
vn -0.7015 -0.4706 0.5352
vn 0.8288 0.1633 0.5352
vn 0.8288 0.1630 0.5352
vn -0.5965 -0.5981 0.5352
vn -0.5964 -0.5982 0.5352
vn 0.7810 0.3219 0.5352
vn 0.7811 0.3217 0.5352
vn -0.4686 -0.7028 0.5352
vn -0.4684 -0.7029 0.5352
vn 0.7031 0.4682 0.5352
vn 0.7032 0.4680 0.5352
vn -0.3227 -0.7806 0.5352
vn -0.3226 -0.7807 0.5352
vn 0.3828 -0.9239 -0.0000
vn -0.9238 0.3828 -0.0000
vn -0.9239 0.3825 -0.0000
vn 0.9239 -0.3825 -0.0000
vn 0.9238 -0.3828 -0.0000
vn -0.9239 -0.3825 -0.0000
vn -0.9238 -0.3828 -0.0000
vn 0.9238 0.3828 -0.0000
vn 0.9239 0.3825 -0.0000
vn -0.3828 -0.9239 -0.0000
vn -0.3828 0.9239 -0.0000
vn 0.3828 0.9239 -0.0000
vn -0.0000 0.0031 -1.0000
vn -0.0000 -0.0033 1.0000
vn 0.7914 -0.6113 -0.0000
vn 0.8955 -0.4451 -0.0000
vn -0.5456 0.8380 -0.0000
vn 0.0980 -0.9952 -0.0000
vn -0.9608 0.2772 -0.0000
vn -0.8945 0.4471 -0.0000
vt 0.000000 0.000000
vt 0.375000 0.000000
vt 0.625000 0.000000
vt 0.625000 0.250000
vt 0.375000 0.250000
vt 0.375000 0.469343
vt 0.625000 0.469343
vt 0.625000 0.500000
vt 0.375000 0.500000
vt 0.625000 0.750000
vt 0.375000 0.750000
vt 0.375000 0.780657
vt 0.625000 0.780657
vt 0.625000 1.000000
vt 0.375000 1.000000
vt 0.655657 0.500000
vt 0.875000 0.500000
vt 0.875000 0.750000
vt 0.655657 0.750000
vt 0.125000 0.500000
vt 0.344343 0.500000
vt 0.344343 0.750000
vt 0.125000 0.750000
vt 1.000000 0.962793
vt 1.000000 1.000000
vt 0.968750 1.000000
vt 0.968750 0.962793
vt 0.937500 1.000000
vt 0.937500 0.962793
vt 0.906250 1.000000
vt 0.906250 0.962793
vt 0.875000 1.000000
vt 0.875000 0.962793
vt 0.843750 1.000000
vt 0.843750 0.962793
vt 0.812500 1.000000
vt 0.812500 0.962793
vt 0.781250 1.000000
vt 0.781250 0.962793
vt 0.750000 1.000000
vt 0.750000 0.962793
vt 0.718750 1.000000
vt 0.718750 0.962793
vt 0.687500 1.000000
vt 0.687500 0.962793
vt 0.656250 1.000000
vt 0.656250 0.962793
vt 0.625000 0.962793
vt 0.593750 1.000000
vt 0.593750 0.962793
vt 0.562500 1.000000
vt 0.562500 0.962793
vt 0.531250 1.000000
vt 0.531250 0.962793
vt 0.500000 1.000000
vt 0.500000 0.962793
vt 0.468750 1.000000
vt 0.468750 0.962793
vt 0.437500 1.000000
vt 0.437500 0.962793
vt 0.406250 1.000000
vt 0.406250 0.962793
vt 0.375000 0.962793
vt 0.343750 1.000000
vt 0.343750 0.962793
vt 0.312500 1.000000
vt 0.312500 0.962793
vt 0.281250 1.000000
vt 0.281250 0.962793
vt 0.250000 1.000000
vt 0.250000 0.962793
vt 0.218750 1.000000
vt 0.218750 0.962793
vt 0.187500 1.000000
vt 0.187500 0.962793
vt 0.156250 1.000000
vt 0.156250 0.962793
vt 0.125000 1.000000
vt 0.125000 0.962793
vt 0.093750 1.000000
vt 0.093750 0.962793
vt 0.062500 1.000000
vt 0.062500 0.962793
vt 0.031250 1.000000
vt 0.031250 0.962793
vt 0.000000 1.000000
vt 0.000000 0.962793
vt 0.750000 0.490000
vt 0.796822 0.485388
vt 0.841844 0.471731
vt 0.883337 0.449553
vt 0.919706 0.419706
vt 0.949553 0.383337
vt 0.971731 0.341844
vt 0.985388 0.296822
vt 0.990000 0.250000
vt 0.985388 0.203178
vt 0.971731 0.158156
vt 0.949553 0.116663
vt 0.919706 0.080294
vt 0.883337 0.050447
vt 0.841844 0.028269
vt 0.796822 0.014612
vt 0.750000 0.010000
vt 0.703178 0.014612
vt 0.658156 0.028269
vt 0.616663 0.050447
vt 0.580294 0.080294
vt 0.550447 0.116663
vt 0.528269 0.158156
vt 0.514612 0.203178
vt 0.510000 0.250000
vt 0.514612 0.296822
vt 0.528269 0.341844
vt 0.550447 0.383337
vt 0.580294 0.419706
vt 0.616663 0.449553
vt 0.658156 0.471731
vt 0.703178 0.485388
vt 0.031250 0.500000
vt 0.031250 0.515560
vt 0.000000 0.515560
vt 0.000000 0.500000
vt 0.062500 0.500000
vt 0.062500 0.515560
vt 0.093750 0.500000
vt 0.093750 0.515560
vt 0.125000 0.515560
vt 0.156250 0.500000
vt 0.156250 0.515560
vt 0.187500 0.500000
vt 0.187500 0.515560
vt 0.218750 0.500000
vt 0.218750 0.515560
vt 0.250000 0.500000
vt 0.250000 0.515560
vt 0.281250 0.500000
vt 0.281250 0.515560
vt 0.312500 0.500000
vt 0.312500 0.515560
vt 0.343750 0.500000
vt 0.343750 0.515560
vt 0.375000 0.515560
vt 0.406250 0.500000
vt 0.406250 0.515560
vt 0.437500 0.500000
vt 0.437500 0.515560
vt 0.468750 0.500000
vt 0.468750 0.515560
vt 0.500000 0.500000
vt 0.500000 0.515560
vt 0.531250 0.500000
vt 0.531250 0.515560
vt 0.562500 0.500000
vt 0.562500 0.515560
vt 0.593750 0.500000
vt 0.593750 0.515560
vt 0.625000 0.515560
vt 0.656250 0.500000
vt 0.656250 0.515560
vt 0.687500 0.500000
vt 0.687500 0.515560
vt 0.718750 0.500000
vt 0.718750 0.515560
vt 0.750000 0.500000
vt 0.750000 0.515560
vt 0.781250 0.500000
vt 0.781250 0.515560
vt 0.812500 0.500000
vt 0.812500 0.515560
vt 0.843750 0.500000
vt 0.843750 0.515560
vt 0.875000 0.515560
vt 0.906250 0.500000
vt 0.906250 0.515560
vt 0.937500 0.500000
vt 0.937500 0.515560
vt 0.968750 0.500000
vt 0.968750 0.515560
vt 1.000000 0.500000
vt 1.000000 0.515560
vt 0.031250 0.577964
vt 0.000000 0.577964
vt 0.062500 0.577964
vt 0.093750 0.577964
vt 0.125000 0.577964
vt 0.156250 0.577964
vt 0.187500 0.577964
vt 0.218750 0.577964
vt 0.250000 0.577964
vt 0.281250 0.577964
vt 0.312500 0.577964
vt 0.343750 0.577964
vt 0.375000 0.577964
vt 0.406250 0.577964
vt 0.437500 0.577964
vt 0.468750 0.577964
vt 0.500000 0.577964
vt 0.531250 0.577964
vt 0.562500 0.577964
vt 0.593750 0.577964
vt 0.625000 0.577964
vt 0.656250 0.577964
vt 0.687500 0.577964
vt 0.718750 0.577964
vt 0.750000 0.577964
vt 0.781250 0.577964
vt 0.812500 0.577964
vt 0.843750 0.577964
vt 0.875000 0.577964
vt 0.906250 0.577964
vt 0.937500 0.577964
vt 0.968750 0.577964
vt 1.000000 0.577964
vt 0.031250 0.702749
vt 0.000000 0.702749
vt 0.062500 0.702749
vt 0.093750 0.702749
vt 0.125000 0.702749
vt 0.156250 0.702749
vt 0.187500 0.702749
vt 0.218750 0.702749
vt 0.250000 0.702749
vt 0.281250 0.702749
vt 0.312500 0.702749
vt 0.343750 0.702749
vt 0.375000 0.702749
vt 0.406250 0.702749
vt 0.437500 0.702749
vt 0.468750 0.702749
vt 0.500000 0.702749
vt 0.531250 0.702749
vt 0.562500 0.702749
vt 0.593750 0.702749
vt 0.625000 0.702749
vt 0.656250 0.702749
vt 0.687500 0.702749
vt 0.718750 0.702749
vt 0.750000 0.702749
vt 0.781250 0.702749
vt 0.812500 0.702749
vt 0.843750 0.702749
vt 0.875000 0.702749
vt 0.906250 0.702749
vt 0.937500 0.702749
vt 0.968750 0.702749
vt 1.000000 0.702749
vt 0.031250 0.737762
vt 0.000000 0.737762
vt 0.062500 0.737762
vt 0.093750 0.737762
vt 0.125000 0.737762
vt 0.156250 0.737762
vt 0.187500 0.737762
vt 0.218750 0.737762
vt 0.250000 0.737762
vt 0.281250 0.737762
vt 0.312500 0.737762
vt 0.343750 0.737762
vt 0.375000 0.737762
vt 0.406250 0.737762
vt 0.437500 0.737762
vt 0.468750 0.737762
vt 0.500000 0.737762
vt 0.531250 0.737762
vt 0.562500 0.737762
vt 0.593750 0.737762
vt 0.625000 0.737762
vt 0.656250 0.737762
vt 0.687500 0.737762
vt 0.718750 0.737762
vt 0.750000 0.737762
vt 0.781250 0.737762
vt 0.812500 0.737762
vt 0.843750 0.737762
vt 0.875000 0.737762
vt 0.906250 0.737762
vt 0.937500 0.737762
vt 0.968750 0.737762
vt 1.000000 0.737762
vt 0.031250 0.925731
vt 0.000000 0.925731
vt 0.062500 0.925731
vt 0.093750 0.925731
vt 0.125000 0.925731
vt 0.156250 0.925731
vt 0.187500 0.925731
vt 0.218750 0.925731
vt 0.250000 0.925731
vt 0.281250 0.925731
vt 0.312500 0.925731
vt 0.343750 0.925731
vt 0.375000 0.925731
vt 0.406250 0.925731
vt 0.437500 0.925731
vt 0.468750 0.925731
vt 0.500000 0.925731
vt 0.531250 0.925731
vt 0.562500 0.925731
vt 0.593750 0.925731
vt 0.625000 0.925731
vt 0.656250 0.925731
vt 0.687500 0.925731
vt 0.718750 0.925731
vt 0.750000 0.925731
vt 0.781250 0.925731
vt 0.812500 0.925731
vt 0.843750 0.925731
vt 0.875000 0.925731
vt 0.906250 0.925731
vt 0.937500 0.925731
vt 0.968750 0.925731
vt 1.000000 0.925731
vt 0.296822 0.485388
vt 0.250000 0.490000
vt 0.203178 0.485388
vt 0.158156 0.471731
vt 0.116663 0.449553
vt 0.080294 0.419706
vt 0.050447 0.383337
vt 0.028269 0.341844
vt 0.014612 0.296822
vt 0.010000 0.250000
vt 0.014612 0.203178
vt 0.028269 0.158156
vt 0.050447 0.116663
vt 0.080294 0.080294
vt 0.116663 0.050447
vt 0.158156 0.028269
vt 0.203178 0.014612
vt 0.250000 0.010000
vt 0.296822 0.014612
vt 0.341844 0.028269
vt 0.383337 0.050447
vt 0.419706 0.080294
vt 0.449553 0.116663
vt 0.471731 0.158156
vt 0.485388 0.203178
vt 0.490000 0.250000
vt 0.485388 0.296822
vt 0.471731 0.341844
vt 0.449553 0.383337
vt 0.419706 0.419706
vt 0.383337 0.449553
vt 0.341844 0.471731
vt 0.375000 0.324392
vt 0.625000 0.324392
vt 0.375000 0.925608
vt 0.625000 0.925608
vt 0.199392 0.500000
vt 0.199392 0.750000
vt 0.800608 0.500000
vt 0.800608 0.750000
s 1
usemtl Material.001
f 938/1/611 939/1/612 971/1/612 970/1/611
f 981/1/613 926/1/613 958/1/613 982/1/613
f 939/1/612 940/1/153 972/1/153 971/1/612
f 940/1/153 941/1/120 973/1/120 972/1/153
f 941/1/120 942/1/156 974/1/156 973/1/120
f 942/1/156 943/1/158 975/1/158 974/1/156
f 943/1/158 944/1/159 976/1/159 975/1/158
f 917/1/131 918/1/145 950/1/145 949/1/131
f 944/1/159 945/1/134 977/1/134 976/1/159
f 918/1/145 919/1/148 951/1/148 950/1/145
f 945/1/134 946/1/133 978/1/133 977/1/134
f 919/1/148 920/1/150 952/1/150 951/1/148
f 946/1/133 947/1/137 979/1/137 978/1/133
f 933/1/614 934/1/138 966/1/138 965/1/614
f 920/1/150 921/1/152 953/1/152 952/1/150
f 947/1/137 948/1/140 980/1/140 979/1/137
f 934/1/138 935/1/141 967/1/141 966/1/138
f 921/1/152 922/1/154 954/1/154 953/1/152
f 948/1/140 917/1/131 949/1/131 980/1/140
f 935/1/141 936/1/143 968/1/143 967/1/141
f 922/1/154 923/1/155 955/1/155 954/1/154
f 936/1/143 937/1/146 969/1/146 968/1/143
f 923/1/155 924/1/157 956/1/157 955/1/155
f 937/1/146 938/1/611 970/1/611 969/1/146
f 924/1/157 925/1/615 957/1/615 956/1/157
f 925/1/615 981/1/616 982/1/616 957/1/615
f 950/1/100 951/1/100 952/1/100 953/1/100 954/1/100 955/1/100 956/1/100 957/1/100 982/1/100 958/1/100 959/1/100 960/1/100 961/1/100 962/1/100 963/1/100 964/1/100 965/1/100 966/1/100 967/1/100 968/1/100 969/1/100 970/1/100 971/1/100 972/1/100 973/1/100 974/1/100 975/1/100 976/1/100 977/1/100 978/1/100 979/1/100 980/1/100 949/1/100
f 918/1/107 917/1/107 948/1/107 947/1/107 946/1/107 945/1/107 944/1/107 943/1/107 942/1/107 941/1/107 940/1/107 939/1/107 938/1/107 937/1/107 936/1/107 935/1/107 934/1/107 933/1/107 932/1/107 931/1/107 930/1/107 929/1/107 928/1/107 927/1/107 926/1/107 981/1/107 925/1/107 924/1/107 923/1/107 922/1/107 921/1/107 920/1/107 919/1/107
f 983/2/125 984/3/125 986/4/125 985/5/125
f 991/346/107 992/347/107 990/8/107 989/9/107
f 989/9/120 990/8/120 988/10/120 987/11/120
f 993/348/100 994/349/100 984/14/100 983/15/100
f 991/350/132 989/9/132 987/11/132 993/351/132
f 986/4/125 984/3/125 995/3/125 996/4/125
f 990/8/131 992/352/131 994/353/131 988/10/131
f 987/11/100 988/10/100 994/349/100 993/348/100
f 985/5/107 986/4/107 992/347/107 991/346/107
f 998/352/131 996/17/131 995/18/131 997/353/131
f 992/347/107 986/4/107 996/4/107 998/347/107
f 984/14/100 994/349/100 997/349/100 995/14/100
f 994/353/120 992/352/120 998/352/120 997/353/120
f 1002/1/150 1001/1/148 1033/1/148 1034/1/150
f 1029/1/137 1028/1/133 1060/1/133 1061/1/137
f 1016/1/138 1015/1/132 1047/1/132 1048/1/138
f 1003/1/152 1002/1/150 1034/1/150 1035/1/152
f 1030/1/140 1029/1/137 1061/1/137 1062/1/140
f 1017/1/141 1016/1/138 1048/1/138 1049/1/141
f 1004/1/154 1003/1/152 1035/1/152 1036/1/154
f 999/1/131 1030/1/140 1062/1/140 1031/1/131
f 1018/1/143 1017/1/141 1049/1/141 1050/1/143
f 1005/1/155 1004/1/154 1036/1/154 1037/1/155
f 1019/1/146 1018/1/143 1050/1/143 1051/1/146
f 1006/1/157 1005/1/155 1037/1/155 1038/1/157
f 1020/1/149 1019/1/146 1051/1/146 1052/1/149
f 1007/1/125 1006/1/157 1038/1/157 1039/1/125
f 1021/1/151 1020/1/149 1052/1/149 1053/1/151
f 1008/1/160 1007/1/125 1039/1/125 1040/1/160
f 1022/1/153 1021/1/151 1053/1/151 1054/1/153
f 1009/1/136 1008/1/160 1040/1/160 1041/1/136
f 1023/1/120 1022/1/153 1054/1/153 1055/1/120
f 1010/1/135 1009/1/136 1041/1/136 1042/1/135
f 1024/1/156 1023/1/120 1055/1/120 1056/1/156
f 1011/1/139 1010/1/135 1042/1/135 1043/1/139
f 1025/1/158 1024/1/156 1056/1/156 1057/1/158
f 1012/1/142 1011/1/139 1043/1/139 1044/1/142
f 1026/1/159 1025/1/158 1057/1/158 1058/1/159
f 1013/1/144 1012/1/142 1044/1/142 1045/1/144
f 1000/1/145 999/1/131 1031/1/131 1032/1/145
f 1027/1/134 1026/1/159 1058/1/159 1059/1/134
f 1014/1/147 1013/1/144 1045/1/144 1046/1/147
f 1001/1/148 1000/1/145 1032/1/145 1033/1/148
f 1028/1/133 1027/1/134 1059/1/134 1060/1/133
f 1015/1/132 1014/1/147 1046/1/147 1047/1/132
f 1032/1/107 1031/1/107 1062/1/107 1061/1/107 1060/1/107 1059/1/107 1058/1/107 1057/1/107 1056/1/107 1055/1/107 1054/1/107 1053/1/107 1052/1/107 1051/1/107 1050/1/107 1049/1/107 1048/1/107 1047/1/107 1046/1/107 1045/1/107 1044/1/107 1043/1/107 1042/1/107 1041/1/107 1040/1/107 1039/1/107 1038/1/107 1037/1/107 1036/1/107 1035/1/107 1034/1/107 1033/1/107
f 1068/1/114 1067/1/111 1099/1/111 1100/1/114
f 1063/1/100 1094/1/112 1126/1/112 1095/1/100
f 1082/1/115 1081/1/113 1113/1/113 1114/1/115
f 1069/1/116 1068/1/114 1100/1/114 1101/1/116
f 1083/1/117 1082/1/115 1114/1/115 1115/1/117
f 1070/1/118 1069/1/116 1101/1/116 1102/1/118
f 1084/1/119 1083/1/117 1115/1/117 1116/1/119
f 1071/1/120 1070/1/118 1102/1/118 1103/1/120
f 1085/1/121 1084/1/119 1116/1/119 1117/1/121
f 1072/1/122 1071/1/120 1103/1/120 1104/1/122
f 1086/1/123 1085/1/121 1117/1/121 1118/1/123
f 1073/1/124 1072/1/122 1104/1/122 1105/1/124
f 1087/1/125 1086/1/123 1118/1/123 1119/1/125
f 1074/1/126 1073/1/124 1105/1/124 1106/1/126
f 1088/1/127 1087/1/125 1119/1/125 1120/1/127
f 1075/1/128 1074/1/126 1106/1/126 1107/1/128
f 1089/1/129 1088/1/127 1120/1/127 1121/1/129
f 1076/1/130 1075/1/128 1107/1/128 1108/1/130
f 1090/1/102 1089/1/129 1121/1/129 1122/1/102
f 1077/1/104 1076/1/130 1108/1/130 1109/1/104
f 1064/1/99 1063/1/100 1095/1/100 1096/1/99
f 1091/1/101 1090/1/102 1122/1/102 1123/1/101
f 1078/1/103 1077/1/104 1109/1/104 1110/1/103
f 1065/1/105 1064/1/99 1096/1/99 1097/1/105
f 1092/1/106 1091/1/101 1123/1/101 1124/1/106
f 1079/1/107 1078/1/103 1110/1/103 1111/1/107
f 1066/1/108 1065/1/105 1097/1/105 1098/1/108
f 1093/1/109 1092/1/106 1124/1/106 1125/1/109
f 1080/1/110 1079/1/107 1111/1/107 1112/1/110
f 1067/1/111 1066/1/108 1098/1/108 1099/1/111
f 1094/1/112 1093/1/109 1125/1/109 1126/1/112
f 1081/1/113 1080/1/110 1112/1/110 1113/1/113
f 1103/1/132 1102/1/132 1134/1/132 1135/1/132
f 1117/1/132 1116/1/132 1148/1/132 1149/1/132
f 1104/1/132 1103/1/132 1135/1/132 1136/1/132
f 1118/1/132 1117/1/132 1149/1/132 1150/1/132
f 1105/1/132 1104/1/132 1136/1/132 1137/1/132
f 1119/1/132 1118/1/132 1150/1/132 1151/1/132
f 1106/1/132 1105/1/132 1137/1/132 1138/1/132
f 1120/1/132 1119/1/132 1151/1/132 1152/1/132
f 1107/1/132 1106/1/132 1138/1/132 1139/1/132
f 1121/1/132 1120/1/132 1152/1/132 1153/1/132
f 1108/1/132 1107/1/132 1139/1/132 1140/1/132
f 1122/1/132 1121/1/132 1153/1/132 1154/1/132
f 1109/1/132 1108/1/132 1140/1/132 1141/1/132
f 1096/1/132 1095/1/132 1127/1/132 1128/1/132
f 1123/1/132 1122/1/132 1154/1/132 1155/1/132
f 1110/1/132 1109/1/132 1141/1/132 1142/1/132
f 1097/1/132 1096/1/132 1128/1/132 1129/1/132
f 1124/1/132 1123/1/132 1155/1/132 1156/1/132
f 1111/1/132 1110/1/132 1142/1/132 1143/1/132
f 1098/1/132 1097/1/132 1129/1/132 1130/1/132
f 1125/1/132 1124/1/132 1156/1/132 1157/1/132
f 1112/1/132 1111/1/132 1143/1/132 1144/1/132
f 1099/1/132 1098/1/132 1130/1/132 1131/1/132
f 1126/1/132 1125/1/132 1157/1/132 1158/1/132
f 1113/1/132 1112/1/132 1144/1/132 1145/1/132
f 1100/1/132 1099/1/132 1131/1/132 1132/1/132
f 1095/1/132 1126/1/132 1158/1/132 1127/1/132
f 1114/1/132 1113/1/132 1145/1/132 1146/1/132
f 1101/1/132 1100/1/132 1132/1/132 1133/1/132
f 1115/1/132 1114/1/132 1146/1/132 1147/1/132
f 1102/1/132 1101/1/132 1133/1/132 1134/1/132
f 1116/1/132 1115/1/132 1147/1/132 1148/1/132
f 1152/1/127 1151/1/125 1183/1/125 1184/1/127
f 1139/1/128 1138/1/126 1170/1/126 1171/1/128
f 1153/1/129 1152/1/127 1184/1/127 1185/1/129
f 1140/1/130 1139/1/128 1171/1/128 1172/1/130
f 1154/1/102 1153/1/129 1185/1/129 1186/1/102
f 1141/1/104 1140/1/130 1172/1/130 1173/1/104
f 1128/1/99 1127/1/100 1159/1/100 1160/1/99
f 1155/1/101 1154/1/102 1186/1/102 1187/1/101
f 1142/1/103 1141/1/104 1173/1/104 1174/1/103
f 1129/1/105 1128/1/99 1160/1/99 1161/1/105
f 1156/1/106 1155/1/101 1187/1/101 1188/1/106
f 1143/1/107 1142/1/103 1174/1/103 1175/1/107
f 1130/1/108 1129/1/105 1161/1/105 1162/1/108
f 1157/1/109 1156/1/106 1188/1/106 1189/1/109
f 1144/1/110 1143/1/107 1175/1/107 1176/1/110
f 1131/1/111 1130/1/108 1162/1/108 1163/1/111
f 1158/1/112 1157/1/109 1189/1/109 1190/1/112
f 1145/1/113 1144/1/110 1176/1/110 1177/1/113
f 1132/1/114 1131/1/111 1163/1/111 1164/1/114
f 1127/1/100 1158/1/112 1190/1/112 1159/1/100
f 1146/1/115 1145/1/113 1177/1/113 1178/1/115
f 1133/1/116 1132/1/114 1164/1/114 1165/1/116
f 1147/1/117 1146/1/115 1178/1/115 1179/1/117
f 1134/1/118 1133/1/116 1165/1/116 1166/1/118
f 1148/1/119 1147/1/117 1179/1/117 1180/1/119
f 1135/1/120 1134/1/118 1166/1/118 1167/1/120
f 1149/1/121 1148/1/119 1180/1/119 1181/1/121
f 1136/1/122 1135/1/120 1167/1/120 1168/1/122
f 1150/1/123 1149/1/121 1181/1/121 1182/1/123
f 1137/1/124 1136/1/122 1168/1/122 1169/1/124
f 1151/1/125 1150/1/123 1182/1/123 1183/1/125
f 1138/1/126 1137/1/124 1169/1/124 1170/1/126
f 1178/1/132 1177/1/132 1191/1/132
f 1179/1/132 1178/1/132 1191/1/132
f 1180/1/132 1179/1/132 1191/1/132
f 1181/1/132 1180/1/132 1191/1/132
f 1182/1/132 1181/1/132 1191/1/132
f 1183/1/132 1182/1/132 1191/1/132
f 1184/1/132 1183/1/132 1191/1/132
f 1185/1/132 1184/1/132 1191/1/132
f 1186/1/132 1185/1/132 1191/1/132
f 1160/1/132 1159/1/132 1191/1/132
f 1187/1/132 1186/1/132 1191/1/132
f 1174/1/132 1173/1/132 1191/1/132
f 1161/1/132 1160/1/132 1191/1/132
f 1188/1/132 1187/1/132 1191/1/132
f 1175/1/132 1174/1/132 1191/1/132
f 1189/1/132 1188/1/132 1191/1/132
f 1176/1/132 1175/1/132 1191/1/132
f 1190/1/132 1189/1/132 1191/1/132
f 1177/1/132 1176/1/132 1191/1/132
f 1159/1/132 1190/1/132 1191/1/132
f 1064/1/131 1065/1/131 1066/1/131 1067/1/131 1068/1/131 1069/1/131 1070/1/131 1071/1/131 1072/1/131 1073/1/131 1074/1/131 1075/1/131 1076/1/131 1077/1/131 1078/1/131 1079/1/131 1080/1/131 1081/1/131 1082/1/131 1083/1/131 1084/1/131 1085/1/131 1086/1/131 1087/1/131 1088/1/131 1089/1/131 1090/1/131 1091/1/131 1092/1/131 1093/1/131 1094/1/131 1063/1/131
f 983/15/132 985/5/132 991/350/132 993/348/132
usemtl Material.004
f 27/1/1 26/1/2 58/1/2 59/1/3
f 14/1/4 13/1/5 45/1/5 46/1/6
f 28/1/7 27/1/1 59/1/3 60/1/7
f 15/1/8 14/1/4 46/1/6 47/1/8
f 2/1/9 1/1/10 33/1/10 34/1/9
f 29/1/11 28/1/12 60/1/12 61/1/13
f 16/1/14 15/1/14 47/1/14 48/1/14
f 3/1/15 2/1/15 34/1/15 35/1/15
f 30/1/16 29/1/11 61/1/13 62/1/16
f 17/1/17 16/1/18 48/1/18 49/1/17
f 4/1/19 3/1/20 35/1/20 36/1/21
f 31/1/22 30/1/22 62/1/22 63/1/22
f 18/1/23 17/1/17 49/1/17 50/1/23
f 5/1/24 4/1/19 36/1/21 37/1/24
f 32/1/25 31/1/26 63/1/26 64/1/25
f 19/1/27 18/1/23 50/1/23 51/1/27
f 6/1/28 5/1/28 37/1/28 38/1/28
f 1/1/10 32/1/25 64/1/25 33/1/10
f 20/1/29 19/1/29 51/1/29 52/1/29
f 7/1/30 6/1/31 38/1/31 39/1/30
f 21/1/32 20/1/33 52/1/33 53/1/34
f 8/1/35 7/1/30 39/1/30 40/1/35
f 22/1/36 21/1/32 53/1/34 54/1/36
f 9/1/37 8/1/35 40/1/35 41/1/37
f 23/1/38 22/1/39 54/1/39 55/1/40
f 10/1/41 9/1/37 41/1/37 42/1/41
f 24/1/42 23/1/38 55/1/40 56/1/42
f 11/1/43 10/1/41 42/1/41 43/1/43
f 25/1/44 24/1/42 56/1/42 57/1/44
f 12/1/45 11/1/43 43/1/43 44/1/45
f 26/1/2 25/1/44 57/1/44 58/1/2
f 13/1/46 12/1/46 44/1/46 45/1/46
f 35/1/47 34/1/48 66/1/49 67/1/50
f 62/1/51 61/1/52 93/1/53 94/1/54
f 49/1/55 48/1/56 80/1/57 81/1/55
f 36/1/58 35/1/47 67/1/50 68/1/59
f 63/1/60 62/1/51 94/1/54 95/1/61
f 50/1/62 49/1/55 81/1/55 82/1/62
f 37/1/63 36/1/58 68/1/59 69/1/64
f 64/1/65 63/1/60 95/1/61 96/1/65
f 51/1/66 50/1/62 82/1/62 83/1/67
f 38/1/68 37/1/63 69/1/64 70/1/69
f 33/1/70 64/1/65 96/1/65 65/1/70
f 52/1/71 51/1/66 83/1/67 84/1/72
f 39/1/73 38/1/68 70/1/69 71/1/73
f 53/1/74 52/1/71 84/1/72 85/1/75
f 40/1/76 39/1/73 71/1/73 72/1/76
f 54/1/77 53/1/74 85/1/75 86/1/78
f 41/1/79 40/1/76 72/1/76 73/1/79
f 55/1/80 54/1/77 86/1/78 87/1/81
f 42/1/82 41/1/79 73/1/79 74/1/82
f 56/1/83 55/1/80 87/1/81 88/1/83
f 43/1/84 42/1/82 74/1/82 75/1/84
f 57/1/85 56/1/83 88/1/83 89/1/85
f 44/1/86 43/1/84 75/1/84 76/1/87
f 58/1/88 57/1/85 89/1/85 90/1/88
f 45/1/89 44/1/86 76/1/87 77/1/90
f 59/1/91 58/1/88 90/1/88 91/1/92
f 46/1/93 45/1/89 77/1/90 78/1/94
f 60/1/95 59/1/91 91/1/92 92/1/96
f 47/1/97 46/1/93 78/1/94 79/1/98
f 34/1/48 33/1/70 65/1/70 66/1/49
f 61/1/52 60/1/95 92/1/96 93/1/53
f 48/1/56 47/1/97 79/1/98 80/1/57
f 66/1/99 65/1/100 97/1/100 98/1/99
f 93/1/101 92/1/102 124/1/102 125/1/101
f 80/1/103 79/1/104 111/1/104 112/1/103
f 67/1/105 66/1/99 98/1/99 99/1/105
f 94/1/106 93/1/101 125/1/101 126/1/106
f 81/1/107 80/1/103 112/1/103 113/1/107
f 68/1/108 67/1/105 99/1/105 100/1/108
f 95/1/109 94/1/106 126/1/106 127/1/109
f 82/1/110 81/1/107 113/1/107 114/1/110
f 69/1/111 68/1/108 100/1/108 101/1/111
f 96/1/112 95/1/109 127/1/109 128/1/112
f 83/1/113 82/1/110 114/1/110 115/1/113
f 70/1/114 69/1/111 101/1/111 102/1/114
f 65/1/100 96/1/112 128/1/112 97/1/100
f 84/1/115 83/1/113 115/1/113 116/1/115
f 71/1/116 70/1/114 102/1/114 103/1/116
f 85/1/117 84/1/115 116/1/115 117/1/117
f 72/1/118 71/1/116 103/1/116 104/1/118
f 86/1/119 85/1/117 117/1/117 118/1/119
f 73/1/120 72/1/118 104/1/118 105/1/120
f 87/1/121 86/1/119 118/1/119 119/1/121
f 74/1/122 73/1/120 105/1/120 106/1/122
f 88/1/123 87/1/121 119/1/121 120/1/123
f 75/1/124 74/1/122 106/1/122 107/1/124
f 89/1/125 88/1/123 120/1/123 121/1/125
f 76/1/126 75/1/124 107/1/124 108/1/126
f 90/1/127 89/1/125 121/1/125 122/1/127
f 77/1/128 76/1/126 108/1/126 109/1/128
f 91/1/129 90/1/127 122/1/127 123/1/129
f 78/1/130 77/1/128 109/1/128 110/1/130
f 92/1/102 91/1/129 123/1/129 124/1/102
f 79/1/104 78/1/130 110/1/130 111/1/104
f 99/1/131 98/1/131 130/1/131 131/1/131
f 126/1/131 125/1/131 157/1/131 158/1/131
f 113/1/131 112/1/131 144/1/131 145/1/131
f 100/1/131 99/1/131 131/1/131 132/1/131
f 127/1/131 126/1/131 158/1/131 159/1/131
f 114/1/131 113/1/131 145/1/131 146/1/131
f 101/1/131 100/1/131 132/1/131 133/1/131
f 128/1/131 127/1/131 159/1/131 160/1/131
f 115/1/131 114/1/131 146/1/131 147/1/131
f 102/1/131 101/1/131 133/1/131 134/1/131
f 97/1/131 128/1/131 160/1/131 129/1/131
f 116/1/131 115/1/131 147/1/131 148/1/131
f 103/1/131 102/1/131 134/1/131 135/1/131
f 117/1/131 116/1/131 148/1/131 149/1/131
f 104/1/131 103/1/131 135/1/131 136/1/131
f 118/1/131 117/1/131 149/1/131 150/1/131
f 105/1/131 104/1/131 136/1/131 137/1/131
f 119/1/131 118/1/131 150/1/131 151/1/131
f 106/1/131 105/1/131 137/1/131 138/1/131
f 120/1/131 119/1/131 151/1/131 152/1/131
f 107/1/131 106/1/131 138/1/131 139/1/131
f 121/1/131 120/1/131 152/1/131 153/1/131
f 108/1/131 107/1/131 139/1/131 140/1/131
f 122/1/131 121/1/131 153/1/131 154/1/131
f 109/1/131 108/1/131 140/1/131 141/1/131
f 123/1/131 122/1/131 154/1/131 155/1/131
f 110/1/131 109/1/131 141/1/131 142/1/131
f 124/1/131 123/1/131 155/1/131 156/1/131
f 111/1/131 110/1/131 142/1/131 143/1/131
f 98/1/131 97/1/131 129/1/131 130/1/131
f 125/1/131 124/1/131 156/1/131 157/1/131
f 112/1/131 111/1/131 143/1/131 144/1/131
f 161/2/125 162/3/125 164/4/125 163/5/125
f 169/6/107 170/7/107 168/8/107 167/9/107
f 167/9/120 168/8/120 166/10/120 165/11/120
f 171/12/100 172/13/100 162/14/100 161/15/100
f 169/6/107 167/9/107 178/9/107 180/6/107
f 170/16/131 164/17/131 162/18/131 172/19/131
f 168/8/107 170/7/107 173/7/107 174/8/107
f 163/20/132 169/21/132 171/22/132 161/23/132
f 165/11/100 166/10/100 172/13/100 171/12/100
f 163/5/107 164/4/107 170/7/107 169/6/107
f 174/8/131 173/16/131 176/19/131 175/10/131
f 170/16/125 172/19/125 176/19/125 173/16/125
f 166/10/120 168/8/120 174/8/120 175/10/120
f 172/13/100 166/10/100 175/10/100 176/13/100
f 180/21/132 178/9/132 177/11/132 179/22/132
f 165/11/100 171/12/100 179/12/100 177/11/100
f 171/22/125 169/21/125 180/21/125 179/22/125
f 167/9/120 165/11/120 177/11/120 178/9/120
f 98/1/131 99/1/131 100/1/131 101/1/131 102/1/131 103/1/131 104/1/131 105/1/131 106/1/131 107/1/131 108/1/131 109/1/131 110/1/131 111/1/131 112/1/131 113/1/131 114/1/131 115/1/131 116/1/131 117/1/131 118/1/131 119/1/131 120/1/131 121/1/131 122/1/131 123/1/131 124/1/131 125/1/131 126/1/131 127/1/131 128/1/131 97/1/131
usemtl Material.003
f 194/1/133 193/1/134 225/1/134 226/1/133
f 208/1/135 207/1/136 239/1/136 240/1/135
f 195/1/137 194/1/133 226/1/133 227/1/137
f 182/1/138 181/1/132 213/1/132 214/1/138
f 209/1/139 208/1/135 240/1/135 241/1/139
f 196/1/140 195/1/137 227/1/137 228/1/140
f 183/1/141 182/1/138 214/1/138 215/1/141
f 210/1/142 209/1/139 241/1/139 242/1/142
f 197/1/131 196/1/140 228/1/140 229/1/131
f 184/1/143 183/1/141 215/1/141 216/1/143
f 211/1/144 210/1/142 242/1/142 243/1/144
f 198/1/145 197/1/131 229/1/131 230/1/145
f 185/1/146 184/1/143 216/1/143 217/1/146
f 212/1/147 211/1/144 243/1/144 244/1/147
f 199/1/148 198/1/145 230/1/145 231/1/148
f 186/1/149 185/1/146 217/1/146 218/1/149
f 181/1/132 212/1/147 244/1/147 213/1/132
f 200/1/150 199/1/148 231/1/148 232/1/150
f 187/1/151 186/1/149 218/1/149 219/1/151
f 201/1/152 200/1/150 232/1/150 233/1/152
f 188/1/153 187/1/151 219/1/151 220/1/153
f 202/1/154 201/1/152 233/1/152 234/1/154
f 189/1/120 188/1/153 220/1/153 221/1/120
f 203/1/155 202/1/154 234/1/154 235/1/155
f 190/1/156 189/1/120 221/1/120 222/1/156
f 204/1/157 203/1/155 235/1/155 236/1/157
f 191/1/158 190/1/156 222/1/156 223/1/158
f 205/1/125 204/1/157 236/1/157 237/1/125
f 192/1/159 191/1/158 223/1/158 224/1/159
f 206/1/160 205/1/125 237/1/125 238/1/160
f 193/1/134 192/1/159 224/1/159 225/1/134
f 207/1/136 206/1/160 238/1/160 239/1/136
f 221/1/107 220/1/107 252/1/107 253/1/107
f 235/1/107 234/1/107 266/1/107 267/1/107
f 222/1/107 221/1/107 253/1/107 254/1/107
f 236/1/107 235/1/107 267/1/107 268/1/107
f 223/1/107 222/1/107 254/1/107 255/1/107
f 237/1/107 236/1/107 268/1/107 269/1/107
f 224/1/107 223/1/107 255/1/107 256/1/107
f 238/1/107 237/1/107 269/1/107 270/1/107
f 225/1/107 224/1/107 256/1/107 257/1/107
f 239/1/107 238/1/107 270/1/107 271/1/107
f 226/1/107 225/1/107 257/1/107 258/1/107
f 240/1/107 239/1/107 271/1/107 272/1/107
f 227/1/107 226/1/107 258/1/107 259/1/107
f 214/1/107 213/1/107 245/1/107 246/1/107
f 241/1/107 240/1/107 272/1/107 273/1/107
f 228/1/107 227/1/107 259/1/107 260/1/107
f 215/1/107 214/1/107 246/1/107 247/1/107
f 242/1/107 241/1/107 273/1/107 274/1/107
f 229/1/107 228/1/107 260/1/107 261/1/107
f 216/1/107 215/1/107 247/1/107 248/1/107
f 243/1/107 242/1/107 274/1/107 275/1/107
f 230/1/107 229/1/107 261/1/107 262/1/107
f 217/1/107 216/1/107 248/1/107 249/1/107
f 244/1/107 243/1/107 275/1/107 276/1/107
f 231/1/107 230/1/107 262/1/107 263/1/107
f 218/1/107 217/1/107 249/1/107 250/1/107
f 213/1/107 244/1/107 276/1/107 245/1/107
f 232/1/107 231/1/107 263/1/107 264/1/107
f 219/1/107 218/1/107 250/1/107 251/1/107
f 233/1/107 232/1/107 264/1/107 265/1/107
f 220/1/107 219/1/107 251/1/107 252/1/107
f 234/1/107 233/1/107 265/1/107 266/1/107
f 256/1/159 255/1/158 287/1/158 288/1/159
f 270/1/160 269/1/125 301/1/125 302/1/160
f 257/1/134 256/1/159 288/1/159 289/1/134
f 271/1/136 270/1/160 302/1/160 303/1/136
f 258/1/133 257/1/134 289/1/134 290/1/133
f 272/1/135 271/1/136 303/1/136 304/1/135
f 259/1/137 258/1/133 290/1/133 291/1/137
f 246/1/138 245/1/132 277/1/132 278/1/138
f 273/1/139 272/1/135 304/1/135 305/1/139
f 260/1/140 259/1/137 291/1/137 292/1/140
f 247/1/141 246/1/138 278/1/138 279/1/141
f 274/1/142 273/1/139 305/1/139 306/1/142
f 261/1/131 260/1/140 292/1/140 293/1/131
f 248/1/143 247/1/141 279/1/141 280/1/143
f 275/1/144 274/1/142 306/1/142 307/1/144
f 262/1/145 261/1/131 293/1/131 294/1/145
f 249/1/146 248/1/143 280/1/143 281/1/146
f 276/1/147 275/1/144 307/1/144 308/1/147
f 263/1/148 262/1/145 294/1/145 295/1/148
f 250/1/149 249/1/146 281/1/146 282/1/149
f 245/1/132 276/1/147 308/1/147 277/1/132
f 264/1/150 263/1/148 295/1/148 296/1/150
f 251/1/151 250/1/149 282/1/149 283/1/151
f 265/1/152 264/1/150 296/1/150 297/1/152
f 252/1/153 251/1/151 283/1/151 284/1/153
f 266/1/154 265/1/152 297/1/152 298/1/154
f 253/1/120 252/1/153 284/1/153 285/1/120
f 267/1/155 266/1/154 298/1/154 299/1/155
f 254/1/156 253/1/120 285/1/120 286/1/156
f 268/1/157 267/1/155 299/1/155 300/1/157
f 255/1/158 254/1/156 286/1/156 287/1/158
f 269/1/125 268/1/157 300/1/157 301/1/125
f 291/1/107 290/1/107 322/1/161 323/1/162
f 278/1/107 277/1/107 309/1/107 310/1/107
f 305/1/107 304/1/107 336/1/107 337/1/107
f 292/1/107 291/1/107 323/1/162 324/1/107
f 279/1/107 278/1/107 310/1/107 311/1/107
f 306/1/107 305/1/107 337/1/107 338/1/107
f 293/1/107 292/1/107 324/1/107 325/1/107
f 280/1/107 279/1/107 311/1/107 312/1/107
f 307/1/107 306/1/107 338/1/107 339/1/107
f 294/1/107 293/1/107 325/1/107 326/1/107
f 281/1/107 280/1/107 312/1/107 313/1/107
f 308/1/107 307/1/107 339/1/107 340/1/107
f 295/1/107 294/1/107 326/1/107 327/1/107
f 282/1/107 281/1/107 313/1/107 314/1/107
f 277/1/107 308/1/107 340/1/107 309/1/107
f 296/1/107 295/1/107 327/1/107 328/1/107
f 283/1/107 282/1/107 314/1/107 315/1/107
f 297/1/107 296/1/107 328/1/107 329/1/107
f 284/1/107 283/1/107 315/1/107 316/1/107
f 298/1/107 297/1/107 329/1/107 330/1/107
f 285/1/107 284/1/107 316/1/107 317/1/107
f 299/1/107 298/1/107 330/1/107 331/1/107
f 286/1/107 285/1/107 317/1/107 318/1/107
f 300/1/107 299/1/107 331/1/107 332/1/107
f 287/1/107 286/1/107 318/1/107 319/1/107
f 301/1/107 300/1/107 332/1/107 333/1/107
f 288/1/107 287/1/107 319/1/107 320/1/107
f 302/1/107 301/1/107 333/1/107 334/1/107
f 289/1/107 288/1/107 320/1/107 321/1/107
f 303/1/107 302/1/107 334/1/107 335/1/107
f 290/1/107 289/1/107 321/1/107 322/1/161
f 304/1/107 303/1/107 335/1/107 336/1/107
f 374/1/145 373/1/131 357/1/131 358/1/145
f 376/1/146 375/1/143 344/1/143 345/1/146
f 378/1/163 377/1/164 371/1/165 372/1/163
f 379/1/148 374/1/145 358/1/145 359/1/148
f 380/1/149 376/1/146 345/1/146 346/1/149
f 381/1/132 378/1/163 372/1/163 341/1/132
f 382/1/150 379/1/148 359/1/148 360/1/150
f 383/1/151 380/1/149 346/1/149 347/1/151
f 384/1/152 382/1/150 360/1/150 361/1/152
f 385/1/153 383/1/151 347/1/151 348/1/153
f 386/1/154 384/1/152 361/1/152 362/1/154
f 387/1/120 385/1/153 348/1/153 349/1/120
f 388/1/155 386/1/154 362/1/154 363/1/155
f 389/1/156 387/1/120 349/1/120 350/1/156
f 390/1/157 388/1/155 363/1/155 364/1/157
f 391/1/158 389/1/156 350/1/156 351/1/158
f 392/1/125 390/1/157 364/1/157 365/1/125
f 393/1/159 391/1/158 351/1/158 352/1/159
f 394/1/160 392/1/125 365/1/125 366/1/160
f 395/1/134 393/1/159 352/1/159 353/1/134
f 396/1/136 394/1/160 366/1/160 367/1/136
f 397/1/133 395/1/134 353/1/134 354/1/133
f 398/1/135 396/1/136 367/1/136 368/1/135
f 399/1/166 397/1/133 354/1/133 355/1/166
f 400/1/138 381/1/132 341/1/132 342/1/138
f 401/1/139 398/1/135 368/1/135 369/1/139
f 402/1/167 399/1/166 355/1/166 356/1/167
f 403/1/141 400/1/138 342/1/138 343/1/141
f 404/1/142 401/1/139 369/1/139 370/1/142
f 373/1/131 402/1/168 356/1/168 357/1/131
f 375/1/143 403/1/141 343/1/141 344/1/143
f 377/1/164 404/1/142 370/1/142 371/1/165
f 342/1/107 341/1/107 372/1/107 371/1/107 370/1/107 369/1/107 368/1/107 367/1/107 366/1/107 365/1/107 364/1/107 363/1/107 362/1/107 361/1/107 360/1/107 359/1/107 358/1/107 357/1/107 356/1/107 355/1/107 354/1/107 353/1/107 352/1/107 351/1/107 350/1/107 349/1/107 348/1/107 347/1/107 346/1/107 345/1/107 344/1/107 343/1/107
f 339/1/169 338/1/142 404/1/142 377/1/164
f 312/1/170 311/1/171 403/1/172 375/1/173
f 325/1/131 324/1/168 402/1/168 373/1/131
f 338/1/142 337/1/139 401/1/139 404/1/142
f 311/1/171 310/1/174 400/1/175 403/1/172
f 324/1/176 323/1/176 399/1/176 402/1/176
f 337/1/139 336/1/135 398/1/135 401/1/139
f 310/1/174 309/1/177 381/1/178 400/1/175
f 323/1/162 322/1/161 397/1/179 399/1/179
f 336/1/135 335/1/136 396/1/136 398/1/135
f 322/1/180 321/1/181 395/1/182 397/1/180
f 335/1/136 334/1/160 394/1/160 396/1/136
f 321/1/181 320/1/183 393/1/184 395/1/182
f 334/1/160 333/1/125 392/1/125 394/1/160
f 320/1/183 319/1/185 391/1/186 393/1/184
f 333/1/125 332/1/157 390/1/157 392/1/125
f 319/1/185 318/1/187 389/1/188 391/1/186
f 332/1/157 331/1/155 388/1/155 390/1/157
f 318/1/187 317/1/189 387/1/190 389/1/188
f 331/1/155 330/1/154 386/1/154 388/1/155
f 317/1/189 316/1/191 385/1/192 387/1/190
f 330/1/154 329/1/152 384/1/152 386/1/154
f 316/1/191 315/1/193 383/1/194 385/1/192
f 329/1/152 328/1/150 382/1/150 384/1/152
f 315/1/193 314/1/195 380/1/195 383/1/194
f 328/1/150 327/1/148 379/1/148 382/1/150
f 309/1/177 340/1/196 378/1/196 381/1/178
f 314/1/195 313/1/197 376/1/198 380/1/195
f 327/1/148 326/1/145 374/1/145 379/1/148
f 340/1/199 339/1/199 377/1/199 378/1/199
f 313/1/197 312/1/170 375/1/173 376/1/198
f 326/1/145 325/1/131 373/1/131 374/1/145
f 182/1/100 183/1/100 184/1/100 185/1/100 186/1/100 187/1/100 188/1/100 189/1/100 190/1/100 191/1/100 192/1/100 193/1/100 194/1/100 195/1/100 196/1/100 197/1/100 198/1/100 199/1/100 200/1/100 201/1/100 202/1/100 203/1/100 204/1/100 205/1/100 206/1/100 207/1/100 208/1/100 209/1/100 210/1/100 211/1/100 212/1/100 181/1/100
usemtl Material.002
f 597/24/200 406/25/201 408/26/202 598/27/203
f 598/27/203 408/26/202 410/28/204 599/29/205
f 599/29/205 410/28/204 412/30/206 600/31/207
f 600/31/207 412/30/206 414/32/208 601/33/209
f 601/33/209 414/32/208 416/34/210 602/35/211
f 602/35/211 416/34/210 418/36/212 603/37/213
f 603/37/213 418/36/212 420/38/214 604/39/215
f 604/39/215 420/38/214 422/40/216 605/41/217
f 605/41/217 422/40/216 424/42/218 606/43/219
f 606/43/219 424/42/218 426/44/220 607/45/221
f 607/45/221 426/44/220 428/46/222 608/47/223
f 608/47/223 428/46/222 430/14/224 609/48/225
f 609/48/225 430/14/224 432/49/226 610/50/227
f 610/50/227 432/49/226 434/51/228 611/52/229
f 611/52/229 434/51/228 436/53/230 612/54/231
f 612/54/231 436/53/230 438/55/232 613/56/233
f 613/56/233 438/55/232 440/57/234 614/58/235
f 614/58/235 440/57/234 442/59/236 615/60/237
f 615/60/237 442/59/236 444/61/238 616/62/239
f 616/62/239 444/61/238 446/15/240 617/63/241
f 617/63/241 446/15/240 448/64/242 618/65/243
f 618/65/243 448/64/242 450/66/244 619/67/245
f 619/67/245 450/66/244 452/68/246 620/69/247
f 620/69/247 452/68/246 454/70/248 621/71/249
f 621/71/249 454/70/248 456/72/250 622/73/251
f 622/73/251 456/72/250 458/74/252 623/75/253
f 623/75/253 458/74/252 460/76/254 624/77/255
f 624/77/255 460/76/254 462/78/256 625/79/257
f 625/79/257 462/78/256 464/80/258 626/81/259
f 626/81/259 464/80/258 466/82/260 627/83/261
f 468/84/262 466/82/260 691/82/263 692/84/264
f 627/83/261 466/82/260 468/84/262 628/85/265
f 628/85/265 468/84/262 406/86/201 597/87/200
f 405/88/125 407/89/125 409/90/125 411/91/125 413/92/125 415/93/125 417/94/125 419/95/125 421/96/125 423/97/125 425/98/125 427/99/125 429/100/125 431/101/125 433/102/125 435/103/125 437/104/125 439/105/125 441/106/125 443/107/125 445/108/125 447/109/125 449/110/125 451/111/125 453/112/125 455/113/125 457/114/125 459/115/125 461/116/125 463/117/125 465/118/125 467/119/125
f 467/120/266 500/121/267 469/122/268 405/123/107
f 465/124/269 499/125/270 500/121/267 467/120/266
f 463/126/271 498/127/272 499/125/270 465/124/269
f 461/20/273 497/128/274 498/127/272 463/126/271
f 459/129/275 496/130/276 497/128/274 461/20/273
f 457/131/277 495/132/278 496/130/276 459/129/275
f 455/133/279 494/134/280 495/132/278 457/131/277
f 453/135/131 493/136/281 494/134/280 455/133/279
f 451/137/282 492/138/283 493/136/281 453/135/131
f 449/139/284 491/140/285 492/138/283 451/137/282
f 447/141/286 490/142/287 491/140/285 449/139/284
f 445/9/288 489/143/289 490/142/287 447/141/286
f 443/144/290 488/145/291 489/143/289 445/9/288
f 441/146/292 487/147/293 488/145/291 443/144/290
f 439/148/294 486/149/295 487/147/293 441/146/292
f 437/150/100 485/151/296 486/149/295 439/148/294
f 435/152/297 484/153/298 485/151/296 437/150/100
f 433/154/299 483/155/300 484/153/298 435/152/297
f 431/156/301 482/157/302 483/155/300 433/154/299
f 429/8/303 481/158/304 482/157/302 431/156/301
f 427/159/305 480/160/306 481/158/304 429/8/303
f 425/161/307 479/162/308 480/160/306 427/159/305
f 423/163/309 478/164/310 479/162/308 425/161/307
f 421/165/132 477/166/311 478/164/310 423/163/309
f 419/167/312 476/168/313 477/166/311 421/165/132
f 417/169/314 475/170/315 476/168/313 419/167/312
f 415/171/316 474/172/317 475/170/315 417/169/314
f 413/17/318 473/173/319 474/172/317 415/171/316
f 411/174/320 472/175/321 473/173/319 413/17/318
f 409/176/322 471/177/323 472/175/321 411/174/320
f 407/178/324 470/179/325 471/177/323 409/176/322
f 405/180/107 469/181/268 470/179/325 407/178/324
f 500/121/267 532/182/326 501/183/327 469/122/268
f 499/125/270 531/184/328 532/182/326 500/121/267
f 498/127/272 530/185/329 531/184/328 499/125/270
f 497/128/274 529/186/330 530/185/329 498/127/272
f 496/130/276 528/187/331 529/186/330 497/128/274
f 495/132/278 527/188/332 528/187/331 496/130/276
f 494/134/280 526/189/333 527/188/332 495/132/278
f 493/136/281 525/190/334 526/189/333 494/134/280
f 492/138/283 524/191/335 525/190/334 493/136/281
f 491/140/285 523/192/336 524/191/335 492/138/283
f 490/142/287 522/193/337 523/192/336 491/140/285
f 489/143/289 521/194/338 522/193/337 490/142/287
f 488/145/291 520/195/339 521/194/338 489/143/289
f 487/147/293 519/196/340 520/195/339 488/145/291
f 486/149/295 518/197/341 519/196/340 487/147/293
f 485/151/296 517/198/342 518/197/341 486/149/295
f 484/153/298 516/199/343 517/198/342 485/151/296
f 483/155/300 515/200/344 516/199/343 484/153/298
f 482/157/302 514/201/345 515/200/344 483/155/300
f 481/158/304 513/202/346 514/201/345 482/157/302
f 480/160/306 512/203/347 513/202/346 481/158/304
f 479/162/308 511/204/348 512/203/347 480/160/306
f 478/164/310 510/205/349 511/204/348 479/162/308
f 477/166/311 509/206/350 510/205/349 478/164/310
f 476/168/313 508/207/351 509/206/350 477/166/311
f 475/170/315 507/208/352 508/207/351 476/168/313
f 474/172/317 506/209/353 507/208/352 475/170/315
f 473/173/319 505/210/354 506/209/353 474/172/317
f 472/175/321 504/211/355 505/210/354 473/173/319
f 471/177/323 503/212/356 504/211/355 472/175/321
f 470/179/325 502/213/357 503/212/356 471/177/323
f 469/181/268 501/214/327 502/213/357 470/179/325
f 532/182/326 564/215/358 533/216/359 501/183/327
f 531/184/328 563/217/360 564/215/358 532/182/326
f 530/185/329 562/218/361 563/217/360 531/184/328
f 529/186/330 561/219/362 562/218/361 530/185/329
f 528/187/331 560/220/363 561/219/362 529/186/330
f 527/188/332 559/221/364 560/220/363 528/187/331
f 526/189/333 558/222/365 559/221/364 527/188/332
f 525/190/334 557/223/366 558/222/365 526/189/333
f 524/191/335 556/224/367 557/223/366 525/190/334
f 523/192/336 555/225/368 556/224/367 524/191/335
f 522/193/337 554/226/369 555/225/368 523/192/336
f 521/194/338 553/227/370 554/226/369 522/193/337
f 520/195/339 552/228/371 553/227/370 521/194/338
f 519/196/340 551/229/372 552/228/371 520/195/339
f 518/197/341 550/230/373 551/229/372 519/196/340
f 517/198/342 549/231/374 550/230/373 518/197/341
f 516/199/343 548/232/375 549/231/374 517/198/342
f 515/200/344 547/233/376 548/232/375 516/199/343
f 514/201/345 546/234/377 547/233/376 515/200/344
f 513/202/346 545/235/378 546/234/377 514/201/345
f 512/203/347 544/236/379 545/235/378 513/202/346
f 511/204/348 543/237/380 544/236/379 512/203/347
f 510/205/349 542/238/381 543/237/380 511/204/348
f 509/206/350 541/239/382 542/238/381 510/205/349
f 508/207/351 540/240/383 541/239/382 509/206/350
f 507/208/352 539/241/384 540/240/383 508/207/351
f 506/209/353 538/242/385 539/241/384 507/208/352
f 505/210/354 537/243/386 538/242/385 506/209/353
f 504/211/355 536/244/387 537/243/386 505/210/354
f 503/212/356 535/245/388 536/244/387 504/211/355
f 502/213/357 534/246/389 535/245/388 503/212/356
f 501/214/327 533/247/359 534/246/389 502/213/357
f 564/215/358 596/248/390 565/249/391 533/216/359
f 563/217/360 595/250/392 596/248/390 564/215/358
f 562/218/361 594/251/393 595/250/392 563/217/360
f 561/219/362 593/252/394 594/251/393 562/218/361
f 560/220/363 592/253/395 593/252/394 561/219/362
f 559/221/364 591/254/396 592/253/395 560/220/363
f 558/222/365 590/255/397 591/254/396 559/221/364
f 557/223/366 589/256/398 590/255/397 558/222/365
f 556/224/367 588/257/399 589/256/398 557/223/366
f 555/225/368 587/258/400 588/257/399 556/224/367
f 554/226/369 586/259/401 587/258/400 555/225/368
f 553/227/370 585/260/402 586/259/401 554/226/369
f 552/228/371 584/261/403 585/260/402 553/227/370
f 551/229/372 583/262/404 584/261/403 552/228/371
f 550/230/373 582/263/405 583/262/404 551/229/372
f 549/231/374 581/264/406 582/263/405 550/230/373
f 548/232/375 580/265/407 581/264/406 549/231/374
f 547/233/376 579/266/408 580/265/407 548/232/375
f 546/234/377 578/267/409 579/266/408 547/233/376
f 545/235/378 577/268/410 578/267/409 546/234/377
f 544/236/379 576/269/411 577/268/410 545/235/378
f 543/237/380 575/270/412 576/269/411 544/236/379
f 542/238/381 574/271/413 575/270/412 543/237/380
f 541/239/382 573/272/414 574/271/413 542/238/381
f 540/240/383 572/273/415 573/272/414 541/239/382
f 539/241/384 571/274/416 572/273/415 540/240/383
f 538/242/385 570/275/417 571/274/416 539/241/384
f 537/243/386 569/276/418 570/275/417 538/242/385
f 536/244/387 568/277/419 569/276/418 537/243/386
f 535/245/388 567/278/420 568/277/419 536/244/387
f 534/246/389 566/279/421 567/278/420 535/245/388
f 533/247/359 565/280/391 566/279/421 534/246/389
f 659/281/422 628/85/265 597/87/200 660/282/423
f 658/283/424 627/83/261 628/85/265 659/281/422
f 657/284/425 626/81/259 627/83/261 658/283/424
f 656/285/426 625/79/257 626/81/259 657/284/425
f 655/286/427 624/77/255 625/79/257 656/285/426
f 654/287/428 623/75/253 624/77/255 655/286/427
f 653/288/429 622/73/251 623/75/253 654/287/428
f 652/289/430 621/71/249 622/73/251 653/288/429
f 651/290/431 620/69/247 621/71/249 652/289/430
f 650/291/432 619/67/245 620/69/247 651/290/431
f 649/292/433 618/65/243 619/67/245 650/291/432
f 648/293/434 617/63/241 618/65/243 649/292/433
f 647/294/435 616/62/239 617/63/241 648/293/434
f 646/295/436 615/60/237 616/62/239 647/294/435
f 645/296/437 614/58/235 615/60/237 646/295/436
f 644/297/438 613/56/233 614/58/235 645/296/437
f 643/298/439 612/54/231 613/56/233 644/297/438
f 642/299/440 611/52/229 612/54/231 643/298/439
f 641/300/441 610/50/227 611/52/229 642/299/440
f 640/301/442 609/48/225 610/50/227 641/300/441
f 639/302/443 608/47/223 609/48/225 640/301/442
f 638/303/444 607/45/221 608/47/223 639/302/443
f 637/304/445 606/43/219 607/45/221 638/303/444
f 636/305/446 605/41/217 606/43/219 637/304/445
f 635/306/447 604/39/215 605/41/217 636/305/446
f 634/307/448 603/37/213 604/39/215 635/306/447
f 633/308/449 602/35/211 603/37/213 634/307/448
f 632/309/450 601/33/209 602/35/211 633/308/449
f 631/310/451 600/31/207 601/33/209 632/309/450
f 630/311/452 599/29/205 600/31/207 631/310/451
f 629/312/453 598/27/203 599/29/205 630/311/452
f 660/313/423 597/24/200 598/27/203 629/312/453
f 565/280/391 660/313/423 629/312/453 566/279/421
f 566/279/421 629/312/453 630/311/452 567/278/420
f 567/278/420 630/311/452 631/310/451 568/277/419
f 568/277/419 631/310/451 632/309/450 569/276/418
f 569/276/418 632/309/450 633/308/449 570/275/417
f 570/275/417 633/308/449 634/307/448 571/274/416
f 571/274/416 634/307/448 635/306/447 572/273/415
f 572/273/415 635/306/447 636/305/446 573/272/414
f 573/272/414 636/305/446 637/304/445 574/271/413
f 574/271/413 637/304/445 638/303/444 575/270/412
f 575/270/412 638/303/444 639/302/443 576/269/411
f 576/269/411 639/302/443 640/301/442 577/268/410
f 577/268/410 640/301/442 641/300/441 578/267/409
f 578/267/409 641/300/441 642/299/440 579/266/408
f 579/266/408 642/299/440 643/298/439 580/265/407
f 580/265/407 643/298/439 644/297/438 581/264/406
f 581/264/406 644/297/438 645/296/437 582/263/405
f 582/263/405 645/296/437 646/295/436 583/262/404
f 583/262/404 646/295/436 647/294/435 584/261/403
f 584/261/403 647/294/435 648/293/434 585/260/402
f 585/260/402 648/293/434 649/292/433 586/259/401
f 586/259/401 649/292/433 650/291/432 587/258/400
f 587/258/400 650/291/432 651/290/431 588/257/399
f 588/257/399 651/290/431 652/289/430 589/256/398
f 589/256/398 652/289/430 653/288/429 590/255/397
f 590/255/397 653/288/429 654/287/428 591/254/396
f 591/254/396 654/287/428 655/286/427 592/253/395
f 592/253/395 655/286/427 656/285/426 593/252/394
f 593/252/394 656/285/426 657/284/425 594/251/393
f 594/251/393 657/284/425 658/283/424 595/250/392
f 595/250/392 658/283/424 659/281/422 596/248/390
f 596/248/390 659/281/422 660/282/423 565/249/391
f 676/53/454 675/51/455 707/51/299 708/53/297
f 424/42/218 422/40/216 669/40/456 670/42/457
f 442/59/236 440/57/234 678/57/458 679/59/459
f 460/76/254 458/74/252 687/74/460 688/76/461
f 416/34/210 414/32/208 665/32/462 666/34/463
f 434/51/228 432/49/226 674/49/464 675/51/455
f 452/68/246 450/66/244 683/66/465 684/68/466
f 408/26/202 406/25/201 662/25/467 661/26/468
f 406/86/201 468/84/262 692/84/264 662/86/467
f 426/44/220 424/42/218 670/42/457 671/44/469
f 444/61/238 442/59/236 679/59/459 680/61/470
f 462/78/256 460/76/254 688/76/461 689/78/471
f 418/36/212 416/34/210 666/34/463 667/36/472
f 436/53/230 434/51/228 675/51/455 676/53/454
f 454/70/248 452/68/246 684/68/466 685/70/473
f 410/28/204 408/26/202 661/26/468 663/28/474
f 428/46/222 426/44/220 671/44/469 672/46/475
f 446/15/240 444/61/238 680/61/470 681/15/476
f 464/80/258 462/78/256 689/78/471 690/80/477
f 420/38/214 418/36/212 667/36/472 668/38/478
f 438/55/232 436/53/230 676/53/454 677/55/479
f 456/72/250 454/70/248 685/70/473 686/72/480
f 412/30/206 410/28/204 663/28/474 664/30/481
f 430/14/224 428/46/222 672/46/475 673/14/482
f 448/64/242 446/15/240 681/15/476 682/64/483
f 466/82/260 464/80/258 690/80/477 691/82/263
f 422/40/216 420/38/214 668/38/478 669/40/456
f 440/57/234 438/55/232 677/55/479 678/57/458
f 458/74/252 456/72/250 686/72/480 687/74/460
f 414/32/208 412/30/206 664/30/481 665/32/462
f 432/49/226 430/14/224 673/14/482 674/49/464
f 450/66/244 448/64/242 682/64/483 683/66/465
f 693/314/120 694/315/120 724/316/120 723/317/120 722/318/120 721/319/120 720/320/120 719/321/120 718/322/120 717/323/120 716/324/120 715/325/120 714/326/120 713/327/120 712/328/120 711/329/120 710/330/120 709/331/120 708/332/120 707/333/120 706/334/120 705/335/120 704/336/120 703/337/120 702/338/120 701/339/120 700/340/120 699/341/120 698/342/120 697/343/120 696/344/120 695/345/120
f 663/28/474 661/26/468 693/26/324 695/28/322
f 690/80/477 689/78/471 721/78/273 722/80/271
f 677/55/479 676/53/454 708/53/297 709/55/100
f 664/30/481 663/28/474 695/28/322 696/30/320
f 691/82/263 690/80/477 722/80/271 723/82/269
f 678/57/458 677/55/479 709/55/100 710/57/294
f 665/32/462 664/30/481 696/30/320 697/32/318
f 692/84/264 691/82/263 723/82/269 724/84/266
f 679/59/459 678/57/458 710/57/294 711/59/292
f 666/34/463 665/32/462 697/32/318 698/34/316
f 662/86/467 692/84/264 724/84/266 694/86/107
f 680/61/470 679/59/459 711/59/292 712/61/290
f 667/36/472 666/34/463 698/34/316 699/36/314
f 681/15/476 680/61/470 712/61/290 713/15/288
f 668/38/478 667/36/472 699/36/314 700/38/312
f 682/64/483 681/15/476 713/15/288 714/64/286
f 669/40/456 668/38/478 700/38/312 701/40/132
f 683/66/465 682/64/483 714/64/286 715/66/284
f 670/42/457 669/40/456 701/40/132 702/42/309
f 684/68/466 683/66/465 715/66/284 716/68/282
f 671/44/469 670/42/457 702/42/309 703/44/307
f 685/70/473 684/68/466 716/68/282 717/70/131
f 672/46/475 671/44/469 703/44/307 704/46/305
f 686/72/480 685/70/473 717/70/131 718/72/279
f 673/14/482 672/46/475 704/46/305 705/14/303
f 687/74/460 686/72/480 718/72/279 719/74/277
f 674/49/464 673/14/482 705/14/303 706/49/301
f 688/76/461 687/74/460 719/74/277 720/76/275
f 675/51/455 674/49/464 706/49/301 707/51/299
f 661/26/468 662/25/467 694/25/107 693/26/324
f 689/78/471 688/76/461 720/76/275 721/78/273
f 752/1/484 751/1/485 783/1/486 784/1/487
f 739/1/488 738/1/489 770/1/490 771/1/491
f 726/1/145 725/1/131 757/1/131 758/1/145
f 753/1/492 752/1/484 784/1/487 785/1/493
f 740/1/147 739/1/488 771/1/491 772/1/147
f 727/1/494 726/1/145 758/1/145 759/1/495
f 754/1/496 753/1/492 785/1/493 786/1/497
f 741/1/132 740/1/147 772/1/147 773/1/132
f 728/1/498 727/1/494 759/1/495 760/1/499
f 755/1/500 754/1/496 786/1/497 787/1/501
f 742/1/138 741/1/132 773/1/132 774/1/138
f 729/1/502 728/1/498 760/1/499 761/1/503
f 756/1/504 755/1/500 787/1/501 788/1/140
f 743/1/505 742/1/138 774/1/138 775/1/506
f 730/1/507 729/1/502 761/1/503 762/1/508
f 725/1/131 756/1/504 788/1/140 757/1/131
f 744/1/509 743/1/505 775/1/506 776/1/510
f 731/1/511 730/1/507 762/1/508 763/1/512
f 745/1/513 744/1/509 776/1/510 777/1/514
f 732/1/515 731/1/511 763/1/512 764/1/516
f 746/1/517 745/1/513 777/1/514 778/1/518
f 733/1/519 732/1/515 764/1/516 765/1/520
f 747/1/521 746/1/517 778/1/518 779/1/522
f 734/1/523 733/1/519 765/1/520 766/1/524
f 748/1/525 747/1/521 779/1/522 780/1/526
f 735/1/527 734/1/523 766/1/524 767/1/528
f 749/1/529 748/1/525 780/1/526 781/1/530
f 736/1/531 735/1/527 767/1/528 768/1/532
f 750/1/533 749/1/529 781/1/530 782/1/534
f 737/1/535 736/1/531 768/1/532 769/1/536
f 751/1/485 750/1/533 782/1/534 783/1/486
f 738/1/489 737/1/535 769/1/536 770/1/490
f 759/1/537 758/1/538 790/1/538 791/1/539
f 786/1/540 785/1/541 817/1/542 818/1/543
f 773/1/544 772/1/545 804/1/546 805/1/544
f 760/1/547 759/1/537 791/1/539 792/1/548
f 787/1/549 786/1/540 818/1/543 819/1/550
f 774/1/551 773/1/544 805/1/544 806/1/552
f 761/1/553 760/1/547 792/1/548 793/1/554
f 788/1/555 787/1/549 819/1/550 820/1/555
f 775/1/556 774/1/551 806/1/552 807/1/557
f 762/1/558 761/1/553 793/1/554 794/1/559
f 757/1/560 788/1/555 820/1/555 789/1/560
f 776/1/561 775/1/556 807/1/557 808/1/562
f 763/1/563 762/1/558 794/1/559 795/1/564
f 777/1/565 776/1/561 808/1/562 809/1/566
f 764/1/567 763/1/563 795/1/564 796/1/568
f 778/1/569 777/1/565 809/1/566 810/1/570
f 765/1/571 764/1/567 796/1/568 797/1/572
f 779/1/573 778/1/569 810/1/570 811/1/574
f 766/1/575 765/1/571 797/1/572 798/1/576
f 780/1/577 779/1/573 811/1/574 812/1/578
f 767/1/579 766/1/575 798/1/576 799/1/580
f 781/1/581 780/1/577 812/1/578 813/1/582
f 768/1/583 767/1/579 799/1/580 800/1/584
f 782/1/585 781/1/581 813/1/582 814/1/586
f 769/1/587 768/1/583 800/1/584 801/1/588
f 783/1/589 782/1/585 814/1/586 815/1/590
f 770/1/591 769/1/587 801/1/588 802/1/592
f 784/1/593 783/1/589 815/1/590 816/1/594
f 771/1/595 770/1/591 802/1/592 803/1/596
f 758/1/538 757/1/560 789/1/560 790/1/538
f 785/1/541 784/1/593 816/1/594 817/1/542
f 772/1/545 771/1/595 803/1/596 804/1/546
f 794/1/507 793/1/502 825/1/503 826/1/508
f 789/1/131 820/1/140 852/1/140 821/1/131
f 808/1/509 807/1/597 839/1/506 840/1/510
f 795/1/598 794/1/507 826/1/508 827/1/599
f 809/1/513 808/1/509 840/1/510 841/1/514
f 796/1/515 795/1/598 827/1/599 828/1/516
f 810/1/517 809/1/513 841/1/514 842/1/518
f 797/1/519 796/1/515 828/1/516 829/1/520
f 811/1/600 810/1/517 842/1/518 843/1/601
f 798/1/523 797/1/519 829/1/520 830/1/524
f 812/1/525 811/1/600 843/1/601 844/1/526
f 799/1/602 798/1/523 830/1/524 831/1/603
f 813/1/529 812/1/525 844/1/526 845/1/530
f 800/1/531 799/1/602 831/1/603 832/1/532
f 814/1/533 813/1/529 845/1/530 846/1/534
f 801/1/535 800/1/531 832/1/532 833/1/536
f 815/1/604 814/1/533 846/1/534 847/1/605
f 802/1/489 801/1/535 833/1/536 834/1/490
f 816/1/484 815/1/604 847/1/605 848/1/487
f 803/1/606 802/1/489 834/1/490 835/1/491
f 790/1/145 789/1/131 821/1/131 822/1/145
f 817/1/492 816/1/484 848/1/487 849/1/493
f 804/1/147 803/1/606 835/1/491 836/1/147
f 791/1/494 790/1/145 822/1/145 823/1/607
f 818/1/496 817/1/492 849/1/493 850/1/497
f 805/1/132 804/1/147 836/1/147 837/1/132
f 792/1/498 791/1/494 823/1/607 824/1/499
f 819/1/500 818/1/496 850/1/497 851/1/608
f 806/1/138 805/1/132 837/1/132 838/1/138
f 793/1/502 792/1/498 824/1/499 825/1/503
f 820/1/140 819/1/500 851/1/608 852/1/140
f 807/1/597 806/1/138 838/1/138 839/1/506
f 826/1/609 825/1/609 857/1/609 858/1/609
f 821/1/609 852/1/609 884/1/609 853/1/609
f 840/1/609 839/1/609 871/1/609 872/1/609
f 827/1/609 826/1/609 858/1/609 859/1/609
f 841/1/609 840/1/609 872/1/609 873/1/609
f 828/1/609 827/1/609 859/1/609 860/1/609
f 842/1/609 841/1/609 873/1/609 874/1/609
f 829/1/609 828/1/609 860/1/609 861/1/609
f 843/1/609 842/1/609 874/1/609 875/1/609
f 830/1/609 829/1/609 861/1/609 862/1/609
f 844/1/609 843/1/609 875/1/609 876/1/609
f 831/1/609 830/1/609 862/1/609 863/1/609
f 845/1/609 844/1/609 876/1/609 877/1/609
f 832/1/609 831/1/609 863/1/609 864/1/609
f 846/1/609 845/1/609 877/1/609 878/1/609
f 833/1/609 832/1/609 864/1/609 865/1/609
f 847/1/609 846/1/609 878/1/609 879/1/609
f 834/1/609 833/1/609 865/1/609 866/1/609
f 848/1/609 847/1/609 879/1/609 880/1/609
f 835/1/609 834/1/609 866/1/609 867/1/609
f 822/1/609 821/1/609 853/1/609 854/1/609
f 849/1/609 848/1/609 880/1/609 881/1/609
f 836/1/609 835/1/609 867/1/609 868/1/609
f 823/1/609 822/1/609 854/1/609 855/1/609
f 850/1/609 849/1/609 881/1/609 882/1/609
f 837/1/609 836/1/609 868/1/609 869/1/609
f 824/1/609 823/1/609 855/1/609 856/1/609
f 851/1/609 850/1/609 882/1/609 883/1/609
f 838/1/609 837/1/609 869/1/609 870/1/609
f 825/1/609 824/1/609 856/1/609 857/1/609
f 852/1/609 851/1/609 883/1/609 884/1/609
f 839/1/609 838/1/609 870/1/609 871/1/609
f 861/1/519 860/1/515 892/1/516 893/1/520
f 875/1/600 874/1/517 906/1/518 907/1/601
f 862/1/523 861/1/519 893/1/520 894/1/524
f 876/1/525 875/1/600 907/1/601 908/1/526
f 863/1/602 862/1/523 894/1/524 895/1/603
f 877/1/529 876/1/525 908/1/526 909/1/530
f 864/1/531 863/1/602 895/1/603 896/1/532
f 878/1/533 877/1/529 909/1/530 910/1/534
f 865/1/535 864/1/531 896/1/532 897/1/536
f 879/1/604 878/1/533 910/1/534 911/1/605
f 866/1/489 865/1/535 897/1/536 898/1/490
f 880/1/484 879/1/604 911/1/605 912/1/487
f 867/1/606 866/1/489 898/1/490 899/1/491
f 854/1/145 853/1/131 885/1/131 886/1/145
f 881/1/492 880/1/484 912/1/487 913/1/493
f 868/1/147 867/1/606 899/1/491 900/1/147
f 855/1/494 854/1/145 886/1/145 887/1/607
f 882/1/496 881/1/492 913/1/493 914/1/497
f 869/1/132 868/1/147 900/1/147 901/1/132
f 856/1/498 855/1/494 887/1/607 888/1/499
f 883/1/500 882/1/496 914/1/497 915/1/608
f 870/1/138 869/1/132 901/1/132 902/1/138
f 857/1/502 856/1/498 888/1/499 889/1/503
f 884/1/140 883/1/500 915/1/608 916/1/140
f 871/1/597 870/1/138 902/1/138 903/1/506
f 858/1/507 857/1/502 889/1/503 890/1/508
f 853/1/131 884/1/140 916/1/140 885/1/131
f 872/1/509 871/1/597 903/1/506 904/1/510
f 859/1/598 858/1/507 890/1/508 891/1/599
f 873/1/513 872/1/509 904/1/510 905/1/514
f 860/1/515 859/1/598 891/1/599 892/1/516
f 874/1/517 873/1/513 905/1/514 906/1/518
f 886/1/609 885/1/609 916/1/609 915/1/609 914/1/609 913/1/609 912/1/609 911/1/609 910/1/609 909/1/609 908/1/609 907/1/609 906/1/609 905/1/609 904/1/609 903/1/609 902/1/609 901/1/609 900/1/609 899/1/609 898/1/609 897/1/609 896/1/609 895/1/609 894/1/609 893/1/609 892/1/609 891/1/609 890/1/609 889/1/609 888/1/609 887/1/609
f 726/1/610 727/1/610 728/1/610 729/1/610 730/1/610 731/1/610 732/1/610 733/1/610 734/1/610 735/1/610 736/1/610 737/1/610 738/1/610 739/1/610 740/1/610 741/1/610 742/1/610 743/1/610 744/1/610 745/1/610 746/1/610 747/1/610 748/1/610 749/1/610 750/1/610 751/1/610 752/1/610 753/1/610 754/1/610 755/1/610 756/1/610 725/1/610
o Cube
v 2.000000 0.000000 1.000000
v 2.000000 2.000000 1.000000
v 2.000000 0.000000 -1.000000
v 2.000000 2.000000 -1.000000
v 4.000000 0.000000 1.000000
v 4.000000 2.000000 1.000000
v 4.000000 0.000000 -1.000000
v 4.000000 2.000000 -1.000000
vn -1.0000 -0.0000 -0.0000
vn -0.0000 -0.0000 -1.0000
vn 1.0000 -0.0000 -0.0000
vn -0.0000 -0.0000 1.0000
vn -0.0000 -1.0000 -0.0000
vn -0.0000 1.0000 -0.0000
vt 0.375000 0.000000
vt 0.625000 0.000000
vt 0.625000 0.250000
vt 0.375000 0.250000
vt 0.625000 0.500000
vt 0.375000 0.500000
vt 0.625000 0.750000
vt 0.375000 0.750000
vt 0.625000 1.000000
vt 0.375000 1.000000
vt 0.125000 0.500000
vt 0.125000 0.750000
vt 0.875000 0.500000
vt 0.875000 0.750000
s 0
f 1192/354/617 1193/355/617 1195/356/617 1194/357/617
f 1194/357/618 1195/356/618 1199/358/618 1198/359/618
f 1198/359/619 1199/358/619 1197/360/619 1196/361/619
f 1196/361/620 1197/360/620 1193/362/620 1192/363/620
f 1194/364/621 1198/359/621 1196/361/621 1192/365/621
f 1199/358/622 1195/366/622 1193/367/622 1197/360/622
o Sphere
v 0.000000 1.831470 2.344430
v 0.000000 1.555570 2.068531
v 0.000000 1.195090 1.919215
v 0.000000 1.000000 1.900000
v 0.000000 0.804910 1.919215
v 0.000000 0.444430 2.068531
v 0.038060 1.980785 2.708658
v 0.074658 1.923880 2.524670
v 0.108386 1.831470 2.355105
v 0.137950 1.707107 2.206480
v 0.162212 1.555570 2.084507
v 0.180240 1.382684 1.993873
v 0.191342 1.195090 1.938060
v 0.195090 1.000000 1.919215
v 0.191342 0.804910 1.938060
v 0.180240 0.617317 1.993873
v 0.162212 0.444430 2.084507
v 0.137950 0.292893 2.206480
v 0.108386 0.168530 2.355105
v 0.074658 0.076120 2.524670
v 0.038060 0.019215 2.708658
v 0.074658 1.980785 2.719760
v 0.146447 1.923880 2.546447
v 0.212608 1.831470 2.386720
v 0.270598 1.707107 2.246719
v 0.318190 1.555570 2.131823
v 0.353553 1.382684 2.046447
v 0.375330 1.195090 1.993873
v 0.382683 1.000000 1.976121
v 0.375330 0.804910 1.993873
v 0.353553 0.617317 2.046447
v 0.318190 0.444430 2.131823
v 0.270598 0.292893 2.246719
v 0.212608 0.168530 2.386720
v 0.146447 0.076120 2.546447
v 0.074658 0.019215 2.719760
v 0.108386 1.980785 2.737788
v 0.212608 1.923880 2.581810
v 0.308658 1.831470 2.438060
v 0.392847 1.707107 2.312062
v 0.461940 1.555570 2.208658
v 0.513280 1.382684 2.131822
v 0.544895 1.195090 2.084507
v 0.555570 1.000000 2.068531
v 0.544895 0.804910 2.084507
v 0.513280 0.617317 2.131822
v 0.461940 0.444430 2.208658
v 0.392847 0.292893 2.312062
v 0.308658 0.168530 2.438060
v 0.212608 0.076120 2.581810
v 0.108386 0.019215 2.737788
v 0.137950 1.980785 2.762050
v 0.270598 1.923880 2.629402
v 0.392847 1.831470 2.507153
v 0.500000 1.707107 2.400000
v 0.587938 1.555570 2.312063
v 0.653281 1.382684 2.246719
v 0.693520 1.195090 2.206480
v 0.707107 1.000000 2.192894
v 0.693520 0.804910 2.206480
v 0.653281 0.617317 2.246719
v 0.587938 0.444430 2.312063
v 0.500000 0.292893 2.400000
v 0.392847 0.168530 2.507153
v 0.270598 0.076120 2.629402
v 0.137950 0.019215 2.762050
v 0.162212 1.980785 2.791614
v 0.318190 1.923880 2.687393
v 0.461940 1.831470 2.591342
v 0.587938 1.707107 2.507153
v 0.691342 1.555570 2.438061
v 0.768178 1.382684 2.386720
v 0.815493 1.195090 2.355105
v 0.831470 1.000000 2.344430
v 0.815493 0.804910 2.355105
v 0.768178 0.617317 2.386720
v 0.691342 0.444430 2.438061
v 0.587938 0.292893 2.507153
v 0.461940 0.168530 2.591342
v 0.318190 0.076120 2.687393
v 0.162212 0.019215 2.791614
v 0.000000 2.000000 2.900000
v 0.180240 1.980785 2.825342
v 0.353553 1.923880 2.753553
v 0.513280 1.831470 2.687393
v 0.653281 1.707107 2.629402
v 0.768178 1.555570 2.581810
v 0.853553 1.382684 2.546447
v 0.906127 1.195090 2.524670
v 0.923879 1.000000 2.517317
v 0.906127 0.804910 2.524670
v 0.853553 0.617317 2.546447
v 0.768178 0.444430 2.581810
v 0.653281 0.292893 2.629402
v 0.513280 0.168530 2.687393
v 0.353553 0.076120 2.753553
v 0.180240 0.019215 2.825342
v 0.191342 1.980785 2.861940
v 0.375330 1.923880 2.825342
v 0.544895 1.831470 2.791614
v 0.693520 1.707107 2.762050
v 0.815493 1.555570 2.737788
v 0.906127 1.382684 2.719760
v 0.961940 1.195090 2.708658
v 0.980785 1.000000 2.704910
v 0.961940 0.804910 2.708658
v 0.906127 0.617317 2.719760
v 0.815493 0.444430 2.737788
v 0.693520 0.292893 2.762050
v 0.544895 0.168530 2.791614
v 0.375330 0.076120 2.825342
v 0.191342 0.019215 2.861940
v 0.195090 1.980785 2.900000
v 0.382683 1.923880 2.900000
v 0.555570 1.831470 2.900000
v 0.707107 1.707107 2.900000
v 0.831469 1.555570 2.900000
v 0.923879 1.382684 2.900000
v 0.980785 1.195090 2.900000
v 1.000000 1.000000 2.900000
v 0.980785 0.804910 2.900000
v 0.923879 0.617317 2.900000
v 0.831469 0.444430 2.900000
v 0.707107 0.292893 2.900000
v 0.555570 0.168530 2.900000
v 0.382683 0.076120 2.900000
v 0.195090 0.019215 2.900000
v 0.191342 1.980785 2.938060
v 0.375330 1.923880 2.974658
v 0.544895 1.831470 3.008387
v 0.693520 1.707107 3.037950
v 0.815493 1.555570 3.062212
v 0.906127 1.382684 3.080240
v 0.961940 1.195090 3.091342
v 0.980785 1.000000 3.095091
v 0.961940 0.804910 3.091342
v 0.906127 0.617317 3.080240
v 0.815493 0.444430 3.062212
v 0.693520 0.292893 3.037950
v 0.544895 0.168530 3.008387
v 0.375330 0.076120 2.974658
v 0.191342 0.019215 2.938060
v 0.180240 1.980785 2.974658
v 0.353553 1.923880 3.046447
v 0.513280 1.831470 3.112608
v 0.653281 1.707107 3.170598
v 0.768178 1.555570 3.218190
v 0.853553 1.382684 3.253553
v 0.906127 1.195090 3.275330
v 0.923879 1.000000 3.282684
v 0.906127 0.804910 3.275330
v 0.853553 0.617317 3.253553
v 0.768178 0.444430 3.218190
v 0.653281 0.292893 3.170598
v 0.513280 0.168530 3.112608
v 0.353553 0.076120 3.046447
v 0.180240 0.019215 2.974658
v 0.162212 1.980785 3.008386
v 0.318190 1.923880 3.112608
v 0.461940 1.831470 3.208658
v 0.587938 1.707107 3.292848
v 0.691341 1.555570 3.361940
v 0.768178 1.382684 3.413280
v 0.815493 1.195090 3.444895
v 0.831469 1.000000 3.455570
v 0.815493 0.804910 3.444895
v 0.768178 0.617317 3.413280
v 0.691341 0.444430 3.361940
v 0.587938 0.292893 3.292848
v 0.461940 0.168530 3.208658
v 0.318190 0.076120 3.112608
v 0.162212 0.019215 3.008386
v 0.137950 1.980785 3.037950
v 0.270598 1.923880 3.170598
v 0.392847 1.831470 3.292848
v 0.500000 1.707107 3.400000
v 0.587938 1.555570 3.487938
v 0.653281 1.382684 3.553281
v 0.693520 1.195090 3.593520
v 0.707106 1.000000 3.607107
v 0.693520 0.804910 3.593520
v 0.653281 0.617317 3.553281
v 0.587938 0.444430 3.487938
v 0.500000 0.292893 3.400000
v 0.392847 0.168530 3.292848
v 0.270598 0.076120 3.170598
v 0.137950 0.019215 3.037950
v 0.108386 1.980785 3.062212
v 0.212607 1.923880 3.218190
v 0.308658 1.831470 3.361940
v 0.392847 1.707107 3.487938
v 0.461940 1.555570 3.591341
v 0.513280 1.382684 3.668178
v 0.544895 1.195090 3.715493
v 0.555570 1.000000 3.731469
v 0.544895 0.804910 3.715493
v 0.513280 0.617317 3.668178
v 0.461940 0.444430 3.591341
v 0.392847 0.292893 3.487938
v 0.308658 0.168530 3.361940
v 0.212607 0.076120 3.218190
v 0.108386 0.019215 3.062212
v 0.074658 1.980785 3.080240
v 0.146447 1.923880 3.253553
v 0.212607 1.831470 3.413280
v 0.270598 1.707107 3.553282
v 0.318189 1.555570 3.668178
v 0.353553 1.382684 3.753553
v 0.375330 1.195090 3.806127
v 0.382683 1.000000 3.823879
v 0.375330 0.804910 3.806127
v 0.353553 0.617317 3.753553
v 0.318189 0.444430 3.668178
v 0.270598 0.292893 3.553282
v 0.212607 0.168530 3.413280
v 0.146447 0.076120 3.253553
v 0.074658 0.019215 3.080240
v 0.038060 1.980785 3.091342
v 0.074658 1.923880 3.275330
v 0.108386 1.831470 3.444895
v 0.137950 1.707107 3.593520
v 0.162212 1.555570 3.715493
v 0.180240 1.382684 3.806127
v 0.191342 1.195090 3.861939
v 0.195090 1.000000 3.880785
v 0.191342 0.804910 3.861939
v 0.180240 0.617317 3.806127
v 0.162212 0.444430 3.715493
v 0.137950 0.292893 3.593520
v 0.108386 0.168530 3.444895
v 0.074658 0.076120 3.275330
v 0.038060 0.019215 3.091342
v -0.000000 1.980785 3.095090
v -0.000000 1.923880 3.282683
v -0.000000 1.831470 3.455570
v -0.000000 1.707107 3.607107
v -0.000000 1.555570 3.731469
v 0.000000 1.382684 3.823879
v -0.000000 1.195090 3.880785
v -0.000000 1.000000 3.899999
v -0.000000 0.804910 3.880785
v 0.000000 0.617317 3.823879
v -0.000000 0.444430 3.731469
v -0.000000 0.292893 3.607107
v -0.000000 0.168530 3.455570
v -0.000000 0.076120 3.282683
v -0.000000 0.019215 3.095090
v -0.038060 1.980785 3.091342
v -0.074658 1.923880 3.275330
v -0.108386 1.831470 3.444895
v -0.137950 1.707107 3.593520
v -0.162212 1.555570 3.715493
v -0.180240 1.382684 3.806127
v -0.191342 1.195090 3.861939
v -0.195091 1.000000 3.880785
v -0.191342 0.804910 3.861939
v -0.180240 0.617317 3.806127
v -0.162212 0.444430 3.715493
v -0.137950 0.292893 3.593520
v -0.108386 0.168530 3.444895
v -0.074658 0.076120 3.275330
v -0.038060 0.019215 3.091342
v -0.074658 1.980785 3.080240
v -0.146447 1.923880 3.253553
v -0.212608 1.831470 3.413280
v -0.270598 1.707107 3.553281
v -0.318190 1.555570 3.668178
v -0.353553 1.382684 3.753553
v -0.375330 1.195090 3.806127
v -0.382683 1.000000 3.823879
v -0.375330 0.804910 3.806127
v -0.353553 0.617317 3.753553
v -0.318190 0.444430 3.668178
v -0.270598 0.292893 3.553281
v -0.212608 0.168530 3.413280
v -0.146447 0.076120 3.253553
v -0.074658 0.019215 3.080240
v -0.108386 1.980785 3.062212
v -0.212608 1.923880 3.218190
v -0.308658 1.831470 3.361939
v -0.392847 1.707107 3.487938
v -0.461940 1.555570 3.591341
v -0.513280 1.382684 3.668178
v -0.544895 1.195090 3.715493
v -0.555570 1.000000 3.731469
v -0.544895 0.804910 3.715493
v -0.513280 0.617317 3.668178
v -0.461940 0.444430 3.591341
v -0.392847 0.292893 3.487938
v -0.308658 0.168530 3.361939
v -0.212608 0.076120 3.218190
v -0.108386 0.019215 3.062212
v -0.137950 1.980785 3.037950
v -0.270598 1.923880 3.170598
v -0.392847 1.831470 3.292847
v -0.500000 1.707107 3.400000
v -0.587938 1.555570 3.487937
v -0.653281 1.382684 3.553281
v -0.693520 1.195090 3.593520
v -0.707106 1.000000 3.607106
v -0.693520 0.804910 3.593520
v -0.653281 0.617317 3.553281
v -0.587938 0.444430 3.487937
v -0.500000 0.292893 3.400000
v -0.392847 0.168530 3.292847
v -0.270598 0.076120 3.170598
v -0.137950 0.019215 3.037950
v 0.000000 0.000000 2.900000
v -0.162212 1.980785 3.008386
v -0.318190 1.923880 3.112607
v -0.461940 1.831470 3.208658
v -0.587938 1.707107 3.292847
v -0.691341 1.555570 3.361939
v -0.768177 1.382684 3.413280
v -0.815493 1.195090 3.444895
v -0.831469 1.000000 3.455570
v -0.815493 0.804910 3.444895
v -0.768177 0.617317 3.413280
v -0.691341 0.444430 3.361939
v -0.587938 0.292893 3.292847
v -0.461940 0.168530 3.208658
v -0.318190 0.076120 3.112607
v -0.162212 0.019215 3.008386
v -0.180240 1.980785 2.974658
v -0.353553 1.923880 3.046447
v -0.513280 1.831470 3.112607
v -0.653281 1.707107 3.170598
v -0.768177 1.555570 3.218189
v -0.853553 1.382684 3.253553
v -0.906127 1.195090 3.275330
v -0.923879 1.000000 3.282683
v -0.906127 0.804910 3.275330
v -0.853553 0.617317 3.253553
v -0.768177 0.444430 3.218189
v -0.653281 0.292893 3.170598
v -0.513280 0.168530 3.112607
v -0.353553 0.076120 3.046447
v -0.180240 0.019215 2.974658
v -0.191342 1.980785 2.938060
v -0.375330 1.923880 2.974658
v -0.544895 1.831470 3.008386
v -0.693520 1.707107 3.037950
v -0.815493 1.555570 3.062212
v -0.906127 1.382684 3.080240
v -0.961939 1.195090 3.091341
v -0.980784 1.000000 3.095090
v -0.961939 0.804910 3.091341
v -0.906127 0.617317 3.080240
v -0.815493 0.444430 3.062212
v -0.693520 0.292893 3.037950
v -0.544895 0.168530 3.008386
v -0.375330 0.076120 2.974658
v -0.191342 0.019215 2.938060
v -0.195090 1.980785 2.900000
v -0.382683 1.923880 2.900000
v -0.555570 1.831470 2.900000
v -0.707107 1.707107 2.900000
v -0.831469 1.555570 2.900000
v -0.923879 1.382684 2.900000
v -0.980785 1.195090 2.900000
v -0.999999 1.000000 2.900000
v -0.980785 0.804910 2.900000
v -0.923879 0.617317 2.900000
v -0.831469 0.444430 2.900000
v -0.707107 0.292893 2.900000
v -0.555570 0.168530 2.900000
v -0.382683 0.076120 2.900000
v -0.195090 0.019215 2.900000
v -0.191342 1.980785 2.861940
v -0.375330 1.923880 2.825342
v -0.544895 1.831470 2.791614
v -0.693520 1.707107 2.762050
v -0.815493 1.555570 2.737788
v -0.906127 1.382684 2.719760
v -0.961939 1.195090 2.708658
v -0.980784 1.000000 2.704910
v -0.961939 0.804910 2.708658
v -0.906127 0.617317 2.719760
v -0.815493 0.444430 2.737788
v -0.693520 0.292893 2.762050
v -0.544895 0.168530 2.791614
v -0.375330 0.076120 2.825342
v -0.191342 0.019215 2.861940
v -0.180240 1.980785 2.825342
v -0.353553 1.923880 2.753553
v -0.513279 1.831470 2.687393
v -0.653281 1.707107 2.629402
v -0.768177 1.555570 2.581810
v -0.853553 1.382684 2.546447
v -0.906127 1.195090 2.524670
v -0.923878 1.000000 2.517317
v -0.906127 0.804910 2.524670
v -0.853553 0.617317 2.546447
v -0.768177 0.444430 2.581810
v -0.653281 0.292893 2.629402
v -0.513279 0.168530 2.687393
v -0.353553 0.076120 2.753553
v -0.180240 0.019215 2.825342
v -0.162212 1.980785 2.791614
v -0.318189 1.923880 2.687393
v -0.461939 1.831470 2.591342
v -0.587938 1.707107 2.507153
v -0.691341 1.555570 2.438061
v -0.768177 1.382684 2.386720
v -0.815493 1.195090 2.355105
v -0.831468 1.000000 2.344430
v -0.815493 0.804910 2.355105
v -0.768177 0.617317 2.386720
v -0.691341 0.444430 2.438061
v -0.587938 0.292893 2.507153
v -0.461939 0.168530 2.591342
v -0.318189 0.076120 2.687393
v -0.162212 0.019215 2.791614
v -0.137950 1.980785 2.762051
v -0.270598 1.923880 2.629402
v -0.392847 1.831470 2.507153
v -0.500000 1.707107 2.400000
v -0.587937 1.555570 2.312063
v -0.653281 1.382684 2.246719
v -0.693519 1.195090 2.206481
v -0.707106 1.000000 2.192894
v -0.693519 0.804910 2.206481
v -0.653281 0.617317 2.246719
v -0.587937 0.444430 2.312063
v -0.500000 0.292893 2.400000
v -0.392847 0.168530 2.507153
v -0.270598 0.076120 2.629402
v -0.137950 0.019215 2.762051
v -0.108386 1.980785 2.737789
v -0.212607 1.923880 2.581810
v -0.308658 1.831470 2.438061
v -0.392847 1.707107 2.312063
v -0.461939 1.555570 2.208659
v -0.513280 1.382684 2.131823
v -0.544895 1.195090 2.084507
v -0.555569 1.000000 2.068531
v -0.544895 0.804910 2.084507
v -0.513280 0.617317 2.131823
v -0.461939 0.444430 2.208659
v -0.392847 0.292893 2.312063
v -0.308658 0.168530 2.438061
v -0.212607 0.076120 2.581810
v -0.108386 0.019215 2.737789
v -0.074658 1.980785 2.719760
v -0.146446 1.923880 2.546447
v -0.212607 1.831470 2.386721
v -0.270598 1.707107 2.246719
v -0.318189 1.555570 2.131823
v -0.353553 1.382684 2.046447
v -0.375330 1.195090 1.993873
v -0.382683 1.000000 1.976121
v -0.375330 0.804910 1.993873
v -0.353553 0.617317 2.046447
v -0.318189 0.444430 2.131823
v -0.270598 0.292893 2.246719
v -0.212607 0.168530 2.386721
v -0.146446 0.076120 2.546447
v -0.074658 0.019215 2.719760
v -0.038060 1.980785 2.708659
v -0.074658 1.923880 2.524670
v -0.108386 1.831470 2.355106
v -0.137950 1.707107 2.206480
v -0.162211 1.555570 2.084507
v -0.180240 1.382684 1.993873
v -0.191341 1.195090 1.938061
v -0.195090 1.000000 1.919216
v -0.191341 0.804910 1.938061
v -0.180240 0.617317 1.993873
v -0.162211 0.444430 2.084507
v -0.137950 0.292893 2.206480
v -0.108386 0.168530 2.355106
v -0.074658 0.076120 2.524670
v -0.038060 0.019215 2.708659
v 0.000000 1.980785 2.704910
v 0.000000 1.923880 2.517317
v 0.000000 1.707107 2.192894
v 0.000000 1.382684 1.976121
v 0.000000 0.617317 1.976121
v 0.000000 0.292893 2.192894
v 0.000000 0.168530 2.344430
v 0.000000 0.076120 2.517317
v 0.000000 0.019215 2.704910
vn 0.0938 0.2890 -0.9527
vn 0.0286 -0.9565 -0.2902
vn 0.0975 0.0975 -0.9904
vn 0.0097 0.9951 -0.0980
vn 0.0097 -0.9951 -0.0980
vn 0.0975 -0.0975 -0.9904
vn 0.0286 0.9565 -0.2902
vn 0.0938 -0.2890 -0.9527
vn 0.0464 0.8810 -0.4709
vn 0.0865 -0.4696 -0.8786
vn 0.0624 0.7715 -0.6332
vn 0.0759 -0.6326 -0.7708
vn 0.0759 0.6326 -0.7708
vn 0.0624 -0.7715 -0.6332
vn 0.0865 0.4696 -0.8786
vn 0.0464 -0.8810 -0.4709
vn 0.1847 -0.7715 -0.6088
vn 0.2563 0.4696 -0.8448
vn 0.1374 -0.8810 -0.4528
vn 0.2779 0.2890 -0.9161
vn 0.0846 -0.9565 -0.2790
vn 0.2889 0.0976 -0.9524
vn 0.0286 0.9951 -0.0942
vn 0.0286 -0.9951 -0.0942
vn 0.2889 -0.0976 -0.9524
vn 0.0846 0.9565 -0.2790
vn 0.2779 -0.2890 -0.9161
vn 0.1374 0.8810 -0.4528
vn 0.2563 -0.4696 -0.8448
vn 0.1847 0.7715 -0.6088
vn 0.2248 -0.6326 -0.7412
vn 0.2248 0.6326 -0.7412
vn 0.4513 -0.2890 -0.8443
vn 0.2230 0.8810 -0.4173
vn 0.4162 -0.4696 -0.7786
vn 0.2999 0.7715 -0.5611
vn 0.3651 -0.6326 -0.6831
vn 0.3651 0.6326 -0.6831
vn 0.2999 -0.7715 -0.5611
vn 0.4162 0.4696 -0.7786
vn 0.2230 -0.8810 -0.4173
vn 0.4513 0.2890 -0.8443
vn 0.1374 -0.9565 -0.2571
vn 0.4691 0.0975 -0.8777
vn 0.0464 0.9951 -0.0869
vn 0.0464 -0.9951 -0.0869
vn 0.4691 -0.0975 -0.8777
vn 0.1374 0.9565 -0.2571
vn 0.3002 -0.8810 -0.3658
vn 0.6073 0.2890 -0.7400
vn 0.1850 -0.9565 -0.2254
vn 0.6314 0.0975 -0.7693
vn 0.0625 0.9951 -0.0761
vn 0.0625 -0.9951 -0.0761
vn 0.6314 -0.0975 -0.7693
vn 0.1850 0.9565 -0.2254
vn 0.6073 -0.2890 -0.7400
vn 0.3002 0.8810 -0.3658
vn 0.5601 -0.4696 -0.6825
vn 0.4036 0.7715 -0.4918
vn 0.4913 -0.6326 -0.5987
vn 0.4913 0.6326 -0.5987
vn 0.4036 -0.7715 -0.4918
vn 0.5601 0.4696 -0.6825
vn 0.3658 0.8810 -0.3002
vn 0.6825 -0.4696 -0.5601
vn 0.4918 0.7715 -0.4036
vn 0.5987 -0.6326 -0.4913
vn 0.5987 0.6326 -0.4913
vn 0.4918 -0.7715 -0.4036
vn 0.6825 0.4696 -0.5601
vn 0.3658 -0.8810 -0.3002
vn 0.7400 0.2890 -0.6073
vn 0.2254 -0.9565 -0.1850
vn 0.7693 0.0975 -0.6314
vn 0.0761 0.9951 -0.0625
vn 0.0761 -0.9951 -0.0625
vn 0.7693 -0.0975 -0.6314
vn 0.2254 0.9565 -0.1850
vn 0.7400 -0.2890 -0.6073
vn 0.8443 0.2890 -0.4513
vn 0.2571 -0.9565 -0.1374
vn 0.8777 0.0975 -0.4691
vn 0.0869 0.9951 -0.0464
vn 0.0869 -0.9951 -0.0464
vn 0.8777 -0.0975 -0.4691
vn 0.2571 0.9565 -0.1374
vn 0.8443 -0.2890 -0.4513
vn 0.4173 0.8810 -0.2230
vn 0.7786 -0.4696 -0.4162
vn 0.5611 0.7715 -0.2999
vn 0.6831 -0.6326 -0.3651
vn 0.6831 0.6326 -0.3651
vn 0.5611 -0.7715 -0.2999
vn 0.7786 0.4696 -0.4162
vn 0.4173 -0.8810 -0.2230
vn 0.8448 -0.4696 -0.2563
vn 0.6088 0.7715 -0.1847
vn 0.7412 -0.6326 -0.2248
vn 0.7412 0.6326 -0.2248
vn 0.6088 -0.7715 -0.1847
vn 0.8448 0.4696 -0.2563
vn 0.4528 -0.8810 -0.1374
vn 0.9161 0.2890 -0.2779
vn 0.2790 -0.9565 -0.0846
vn 0.9524 0.0975 -0.2889
vn 0.0942 0.9951 -0.0286
vn 0.0942 -0.9951 -0.0286
vn 0.9524 -0.0975 -0.2889
vn 0.2790 0.9565 -0.0846
vn 0.9161 -0.2890 -0.2779
vn 0.4528 0.8810 -0.1374
vn 0.2902 -0.9565 -0.0286
vn 0.9904 0.0975 -0.0975
vn 0.0980 0.9951 -0.0097
vn 0.0980 -0.9951 -0.0097
vn 0.9904 -0.0975 -0.0975
vn 0.2902 0.9565 -0.0286
vn 0.9527 -0.2890 -0.0938
vn 0.4709 0.8810 -0.0464
vn 0.8786 -0.4696 -0.0865
vn 0.6332 0.7715 -0.0624
vn 0.7708 -0.6326 -0.0759
vn 0.7708 0.6326 -0.0759
vn 0.6332 -0.7715 -0.0624
vn 0.8786 0.4696 -0.0865
vn 0.4709 -0.8810 -0.0464
vn 0.9527 0.2890 -0.0938
vn 0.6332 0.7715 0.0624
vn 0.7708 -0.6326 0.0759
vn 0.7708 0.6326 0.0759
vn 0.6332 -0.7715 0.0624
vn 0.8786 0.4696 0.0865
vn 0.4709 -0.8810 0.0464
vn 0.9527 0.2890 0.0938
vn 0.2902 -0.9565 0.0286
vn 0.9904 0.0975 0.0976
vn 0.0980 0.9951 0.0097
vn 0.0980 -0.9951 0.0097
vn 0.9904 -0.0975 0.0976
vn 0.2902 0.9565 0.0286
vn 0.9527 -0.2890 0.0938
vn 0.4709 0.8810 0.0464
vn 0.8786 -0.4696 0.0865
vn 0.9524 0.0975 0.2889
vn 0.0942 0.9951 0.0286
vn 0.0942 -0.9951 0.0286
vn 0.9524 -0.0975 0.2889
vn 0.2790 0.9565 0.0846
vn 0.9161 -0.2890 0.2779
vn 0.4528 0.8810 0.1374
vn 0.8448 -0.4696 0.2563
vn 0.6088 0.7715 0.1847
vn 0.7412 -0.6326 0.2248
vn 0.7412 0.6326 0.2248
vn 0.6088 -0.7715 0.1847
vn 0.8448 0.4696 0.2563
vn 0.4528 -0.8810 0.1374
vn 0.9161 0.2890 0.2779
vn 0.2790 -0.9565 0.0846
vn 0.6831 -0.6326 0.3651
vn 0.6831 0.6326 0.3651
vn 0.5611 -0.7715 0.2999
vn 0.7786 0.4696 0.4162
vn 0.4173 -0.8810 0.2230
vn 0.8443 0.2890 0.4513
vn 0.2571 -0.9565 0.1374
vn 0.8777 0.0975 0.4691
vn 0.0869 0.9951 0.0464
vn 0.0869 -0.9951 0.0464
vn 0.8777 -0.0975 0.4691
vn 0.2571 0.9565 0.1374
vn 0.8443 -0.2890 0.4513
vn 0.4173 0.8810 0.2230
vn 0.7786 -0.4696 0.4162
vn 0.5611 0.7715 0.2999
vn 0.0761 -0.9951 0.0625
vn 0.7693 -0.0975 0.6314
vn 0.2254 0.9565 0.1850
vn 0.7400 -0.2890 0.6073
vn 0.3658 0.8810 0.3002
vn 0.6825 -0.4696 0.5601
vn 0.4918 0.7715 0.4036
vn 0.5987 -0.6326 0.4913
vn 0.5987 0.6326 0.4913
vn 0.4918 -0.7715 0.4036
vn 0.6825 0.4696 0.5601
vn 0.3658 -0.8810 0.3002
vn 0.7400 0.2890 0.6073
vn 0.2254 -0.9565 0.1850
vn 0.7693 0.0975 0.6314
vn 0.0761 0.9951 0.0625
vn 0.4036 -0.7715 0.4918
vn 0.5601 0.4696 0.6825
vn 0.3002 -0.8810 0.3658
vn 0.6073 0.2890 0.7400
vn 0.1850 -0.9565 0.2254
vn 0.6314 0.0975 0.7693
vn 0.0625 0.9951 0.0761
vn 0.0625 -0.9951 0.0761
vn 0.6314 -0.0975 0.7693
vn 0.1850 0.9565 0.2254
vn 0.6073 -0.2890 0.7400
vn 0.3002 0.8810 0.3658
vn 0.5601 -0.4696 0.6825
vn 0.4036 0.7715 0.4918
vn 0.4913 -0.6326 0.5987
vn 0.4913 0.6326 0.5987
vn 0.1374 0.9565 0.2571
vn 0.4513 -0.2890 0.8443
vn 0.2230 0.8810 0.4173
vn 0.4162 -0.4696 0.7786
vn 0.2999 0.7715 0.5611
vn 0.3651 -0.6326 0.6831
vn 0.3651 0.6326 0.6831
vn 0.2999 -0.7715 0.5611
vn 0.4162 0.4696 0.7786
vn 0.2230 -0.8810 0.4173
vn 0.4513 0.2890 0.8443
vn 0.1374 -0.9565 0.2571
vn 0.4691 0.0975 0.8777
vn 0.0464 0.9951 0.0869
vn 0.0464 -0.9951 0.0869
vn 0.4691 -0.0975 0.8777
vn 0.2563 0.4696 0.8448
vn 0.1374 -0.8810 0.4528
vn 0.2779 0.2890 0.9161
vn 0.0846 -0.9565 0.2790
vn 0.2889 0.0975 0.9524
vn 0.0286 0.9951 0.0942
vn 0.0286 -0.9951 0.0942
vn 0.2889 -0.0975 0.9524
vn 0.0846 0.9565 0.2790
vn 0.2779 -0.2890 0.9161
vn 0.1374 0.8810 0.4528
vn 0.2563 -0.4696 0.8448
vn 0.1847 0.7715 0.6088
vn 0.2248 -0.6326 0.7412
vn 0.2248 0.6326 0.7412
vn 0.1847 -0.7715 0.6088
vn 0.0938 -0.2890 0.9527
vn 0.0464 0.8810 0.4709
vn 0.0865 -0.4696 0.8786
vn 0.0624 0.7715 0.6332
vn 0.0759 -0.6326 0.7708
vn 0.0759 0.6326 0.7708
vn 0.0624 -0.7715 0.6332
vn 0.0865 0.4696 0.8786
vn 0.0464 -0.8810 0.4709
vn 0.0938 0.2890 0.9527
vn 0.0286 -0.9565 0.2902
vn 0.0975 0.0975 0.9904
vn 0.0097 0.9951 0.0980
vn 0.0097 -0.9951 0.0980
vn 0.0975 -0.0975 0.9904
vn 0.0286 0.9565 0.2902
vn -0.0464 -0.8810 0.4709
vn -0.0938 0.2890 0.9527
vn -0.0286 -0.9565 0.2902
vn -0.0976 0.0975 0.9904
vn -0.0097 0.9951 0.0980
vn -0.0097 -0.9951 0.0980
vn -0.0976 -0.0975 0.9904
vn -0.0286 0.9565 0.2902
vn -0.0938 -0.2890 0.9527
vn -0.0464 0.8810 0.4709
vn -0.0865 -0.4696 0.8786
vn -0.0624 0.7715 0.6332
vn -0.0759 -0.6326 0.7708
vn -0.0759 0.6326 0.7708
vn -0.0624 -0.7715 0.6332
vn -0.0865 0.4696 0.8786
vn -0.1374 0.8810 0.4528
vn -0.2563 -0.4696 0.8448
vn -0.1847 0.7715 0.6088
vn -0.2248 -0.6326 0.7412
vn -0.2248 0.6326 0.7412
vn -0.1847 -0.7715 0.6088
vn -0.2563 0.4696 0.8448
vn -0.1374 -0.8810 0.4528
vn -0.2779 0.2890 0.9161
vn -0.0846 -0.9565 0.2790
vn -0.2889 0.0975 0.9524
vn -0.0286 0.9951 0.0942
vn -0.0286 -0.9951 0.0942
vn -0.2889 -0.0975 0.9524
vn -0.0846 0.9565 0.2790
vn -0.2779 -0.2890 0.9161
vn -0.4513 0.2890 0.8443
vn -0.1374 -0.9565 0.2571
vn -0.4691 0.0975 0.8777
vn -0.0464 0.9951 0.0869
vn -0.0464 -0.9951 0.0869
vn -0.4691 -0.0975 0.8777
vn -0.1374 0.9565 0.2571
vn -0.4513 -0.2890 0.8443
vn -0.2230 0.8810 0.4173
vn -0.4162 -0.4696 0.7786
vn -0.2999 0.7715 0.5611
vn -0.3651 -0.6326 0.6831
vn -0.3651 0.6326 0.6831
vn -0.2999 -0.7715 0.5611
vn -0.4162 0.4696 0.7786
vn -0.2230 -0.8810 0.4173
vn -0.5601 -0.4696 0.6825
vn -0.4036 0.7715 0.4918
vn -0.4913 -0.6326 0.5987
vn -0.4913 0.6326 0.5987
vn -0.4036 -0.7715 0.4918
vn -0.5601 0.4696 0.6825
vn -0.3002 -0.8810 0.3658
vn -0.6073 0.2890 0.7400
vn -0.1850 -0.9565 0.2254
vn -0.6314 0.0975 0.7693
vn -0.0625 0.9951 0.0761
vn -0.0625 -0.9951 0.0761
vn -0.6314 -0.0975 0.7693
vn -0.1850 0.9565 0.2254
vn -0.6073 -0.2890 0.7400
vn -0.3002 0.8810 0.3658
vn -0.2254 -0.9565 0.1850
vn -0.7693 0.0975 0.6314
vn -0.0761 0.9951 0.0625
vn -0.0761 -0.9951 0.0625
vn -0.7693 -0.0975 0.6314
vn -0.2254 0.9565 0.1850
vn -0.7400 -0.2890 0.6073
vn -0.3658 0.8810 0.3002
vn -0.6825 -0.4696 0.5601
vn -0.4918 0.7715 0.4036
vn -0.5987 -0.6326 0.4913
vn -0.5987 0.6326 0.4913
vn -0.4918 -0.7715 0.4036
vn -0.6825 0.4696 0.5601
vn -0.3658 -0.8810 0.3002
vn -0.7400 0.2890 0.6073
vn -0.6831 -0.6326 0.3651
vn -0.6831 0.6326 0.3651
vn -0.5611 -0.7715 0.2999
vn -0.7786 0.4696 0.4162
vn -0.4173 -0.8810 0.2230
vn -0.8443 0.2890 0.4513
vn -0.2571 -0.9565 0.1374
vn -0.8777 0.0975 0.4691
vn -0.0869 0.9951 0.0464
vn -0.0869 -0.9951 0.0464
vn -0.8777 -0.0975 0.4691
vn -0.2571 0.9565 0.1374
vn -0.8443 -0.2890 0.4513
vn -0.4173 0.8810 0.2230
vn -0.7786 -0.4696 0.4162
vn -0.5611 0.7715 0.2999
vn -0.0942 0.9951 0.0286
vn -0.0942 -0.9951 0.0286
vn -0.9524 -0.0975 0.2889
vn -0.2790 0.9565 0.0846
vn -0.9161 -0.2890 0.2779
vn -0.4528 0.8810 0.1374
vn -0.8448 -0.4696 0.2563
vn -0.6088 0.7715 0.1847
vn -0.7412 -0.6326 0.2248
vn -0.7412 0.6326 0.2248
vn -0.6088 -0.7715 0.1847
vn -0.8448 0.4696 0.2563
vn -0.4528 -0.8810 0.1374
vn -0.9161 0.2890 0.2779
vn -0.2790 -0.9565 0.0846
vn -0.9524 0.0975 0.2889
vn -0.7708 0.6326 0.0759
vn -0.6332 -0.7715 0.0624
vn -0.8786 0.4696 0.0865
vn -0.4709 -0.8810 0.0464
vn -0.9527 0.2890 0.0938
vn -0.2902 -0.9565 0.0286
vn -0.9904 0.0975 0.0975
vn -0.0980 0.9951 0.0097
vn -0.0980 -0.9951 0.0097
vn -0.9904 -0.0975 0.0975
vn -0.2902 0.9565 0.0286
vn -0.9527 -0.2890 0.0938
vn -0.4709 0.8810 0.0464
vn -0.8786 -0.4696 0.0865
vn -0.6332 0.7715 0.0624
vn -0.7708 -0.6326 0.0759
vn -0.9904 -0.0975 -0.0976
vn -0.2902 0.9565 -0.0286
vn -0.9527 -0.2890 -0.0938
vn -0.4709 0.8810 -0.0464
vn -0.8786 -0.4696 -0.0865
vn -0.6332 0.7715 -0.0624
vn -0.7708 -0.6326 -0.0759
vn -0.7708 0.6326 -0.0759
vn -0.6332 -0.7715 -0.0624
vn -0.8786 0.4696 -0.0865
vn -0.4709 -0.8810 -0.0464
vn -0.9527 0.2890 -0.0938
vn -0.2902 -0.9565 -0.0286
vn -0.9904 0.0975 -0.0976
vn -0.0980 0.9951 -0.0097
vn -0.0980 -0.9951 -0.0097
vn -0.6088 -0.7715 -0.1847
vn -0.8448 0.4696 -0.2563
vn -0.4528 -0.8810 -0.1374
vn -0.9161 0.2890 -0.2779
vn -0.2790 -0.9565 -0.0846
vn -0.9524 0.0975 -0.2889
vn -0.0942 0.9951 -0.0286
vn -0.0942 -0.9951 -0.0286
vn -0.9524 -0.0975 -0.2889
vn -0.2790 0.9565 -0.0846
vn -0.9161 -0.2890 -0.2779
vn -0.4528 0.8810 -0.1374
vn -0.8448 -0.4696 -0.2563
vn -0.6088 0.7715 -0.1847
vn -0.7412 -0.6326 -0.2248
vn -0.7412 0.6326 -0.2248
vn -0.2571 0.9565 -0.1374
vn -0.8443 -0.2890 -0.4513
vn -0.4173 0.8810 -0.2231
vn -0.7786 -0.4696 -0.4162
vn -0.5611 0.7715 -0.2999
vn -0.6831 -0.6326 -0.3651
vn -0.6831 0.6326 -0.3651
vn -0.5611 -0.7715 -0.2999
vn -0.7786 0.4696 -0.4162
vn -0.4173 -0.8810 -0.2231
vn -0.8443 0.2890 -0.4513
vn -0.2571 -0.9565 -0.1374
vn -0.8777 0.0975 -0.4691
vn -0.0869 0.9951 -0.0464
vn -0.0869 -0.9951 -0.0464
vn -0.8777 -0.0975 -0.4691
vn -0.6825 0.4696 -0.5601
vn -0.3658 -0.8810 -0.3002
vn -0.7400 0.2890 -0.6073
vn -0.2254 -0.9565 -0.1850
vn -0.7693 0.0975 -0.6314
vn -0.0761 0.9951 -0.0625
vn -0.0761 -0.9951 -0.0625
vn -0.7693 -0.0975 -0.6314
vn -0.2254 0.9565 -0.1850
vn -0.7400 -0.2890 -0.6073
vn -0.3658 0.8810 -0.3002
vn -0.6825 -0.4696 -0.5601
vn -0.4918 0.7715 -0.4036
vn -0.5987 -0.6326 -0.4913
vn -0.5987 0.6326 -0.4913
vn -0.4918 -0.7715 -0.4036
vn -0.6073 -0.2890 -0.7400
vn -0.3002 0.8810 -0.3658
vn -0.5601 -0.4696 -0.6825
vn -0.4036 0.7715 -0.4918
vn -0.4913 -0.6326 -0.5987
vn -0.4913 0.6326 -0.5987
vn -0.4036 -0.7715 -0.4918
vn -0.5601 0.4696 -0.6825
vn -0.3002 -0.8810 -0.3658
vn -0.6073 0.2890 -0.7400
vn -0.1850 -0.9565 -0.2254
vn -0.6314 0.0975 -0.7693
vn -0.0625 0.9951 -0.0761
vn -0.0625 -0.9951 -0.0761
vn -0.6314 -0.0975 -0.7693
vn -0.1850 0.9565 -0.2254
vn -0.2230 -0.8810 -0.4173
vn -0.4513 0.2890 -0.8443
vn -0.1374 -0.9565 -0.2571
vn -0.4691 0.0975 -0.8777
vn -0.0464 0.9951 -0.0869
vn -0.0464 -0.9951 -0.0869
vn -0.4691 -0.0975 -0.8777
vn -0.1374 0.9565 -0.2571
vn -0.4513 -0.2890 -0.8443
vn -0.2230 0.8810 -0.4173
vn -0.4162 -0.4696 -0.7786
vn -0.2999 0.7715 -0.5611
vn -0.3651 -0.6326 -0.6831
vn -0.3651 0.6326 -0.6831
vn -0.2999 -0.7715 -0.5611
vn -0.4162 0.4696 -0.7786
vn -0.2563 -0.4696 -0.8448
vn -0.1847 0.7715 -0.6088
vn -0.2248 -0.6326 -0.7412
vn -0.2248 0.6326 -0.7412
vn -0.1847 -0.7715 -0.6088
vn -0.2563 0.4696 -0.8448
vn -0.1374 -0.8810 -0.4528
vn -0.2779 0.2890 -0.9161
vn -0.0846 -0.9565 -0.2790
vn -0.2889 0.0975 -0.9524
vn -0.0286 0.9951 -0.0942
vn -0.0286 -0.9951 -0.0942
vn -0.2889 -0.0975 -0.9524
vn -0.0846 0.9565 -0.2790
vn -0.2779 -0.2890 -0.9161
vn -0.1374 0.8810 -0.4528
vn -0.0286 -0.9565 -0.2902
vn -0.0976 0.0975 -0.9904
vn -0.0097 0.9951 -0.0980
vn -0.0097 -0.9951 -0.0980
vn -0.0976 -0.0975 -0.9904
vn -0.0286 0.9565 -0.2902
vn -0.0938 -0.2890 -0.9527
vn -0.0464 0.8810 -0.4709
vn -0.0865 -0.4696 -0.8786
vn -0.0624 0.7715 -0.6332
vn -0.0759 -0.6326 -0.7708
vn -0.0759 0.6326 -0.7708
vn -0.0624 -0.7715 -0.6332
vn -0.0865 0.4696 -0.8786
vn -0.0464 -0.8810 -0.4709
vn -0.0938 0.2890 -0.9527
vt 0.750000 0.562500
vt 0.750000 0.625000
vt 0.718750 0.625000
vt 0.718750 0.562500
vt 0.750000 0.062500
vt 0.750000 0.125000
vt 0.718750 0.125000
vt 0.718750 0.062500
vt 0.750000 0.500000
vt 0.718750 0.500000
vt 0.750000 0.937500
vt 0.734375 1.000000
vt 0.718750 0.937500
vt 0.734375 0.000000
vt 0.750000 0.437500
vt 0.718750 0.437500
vt 0.750000 0.875000
vt 0.718750 0.875000
vt 0.750000 0.375000
vt 0.718750 0.375000
vt 0.750000 0.812500
vt 0.718750 0.812500
vt 0.750000 0.312500
vt 0.718750 0.312500
vt 0.750000 0.750000
vt 0.718750 0.750000
vt 0.750000 0.250000
vt 0.718750 0.250000
vt 0.750000 0.687500
vt 0.718750 0.687500
vt 0.750000 0.187500
vt 0.718750 0.187500
vt 0.687500 0.250000
vt 0.687500 0.187500
vt 0.687500 0.687500
vt 0.687500 0.625000
vt 0.687500 0.125000
vt 0.687500 0.562500
vt 0.687500 0.062500
vt 0.687500 0.500000
vt 0.703125 1.000000
vt 0.687500 0.937500
vt 0.703125 0.000000
vt 0.687500 0.437500
vt 0.687500 0.875000
vt 0.687500 0.375000
vt 0.687500 0.812500
vt 0.687500 0.312500
vt 0.687500 0.750000
vt 0.656250 0.437500
vt 0.656250 0.375000
vt 0.656250 0.875000
vt 0.656250 0.812500
vt 0.656250 0.312500
vt 0.656250 0.750000
vt 0.656250 0.250000
vt 0.656250 0.687500
vt 0.656250 0.187500
vt 0.656250 0.625000
vt 0.656250 0.125000
vt 0.656250 0.562500
vt 0.656250 0.062500
vt 0.656250 0.500000
vt 0.671875 1.000000
vt 0.656250 0.937500
vt 0.671875 0.000000
vt 0.625000 0.187500
vt 0.625000 0.125000
vt 0.625000 0.625000
vt 0.625000 0.562500
vt 0.625000 0.062500
vt 0.625000 0.500000
vt 0.640625 1.000000
vt 0.625000 0.937500
vt 0.640625 0.000000
vt 0.625000 0.437500
vt 0.625000 0.875000
vt 0.625000 0.375000
vt 0.625000 0.812500
vt 0.625000 0.312500
vt 0.625000 0.750000
vt 0.625000 0.250000
vt 0.625000 0.687500
vt 0.593750 0.875000
vt 0.593750 0.812500
vt 0.593750 0.375000
vt 0.593750 0.312500
vt 0.593750 0.750000
vt 0.593750 0.250000
vt 0.593750 0.687500
vt 0.593750 0.187500
vt 0.593750 0.625000
vt 0.593750 0.125000
vt 0.593750 0.562500
vt 0.593750 0.062500
vt 0.593750 0.500000
vt 0.609375 1.000000
vt 0.593750 0.937500
vt 0.609375 0.000000
vt 0.593750 0.437500
vt 0.562500 0.625000
vt 0.562500 0.562500
vt 0.562500 0.125000
vt 0.562500 0.062500
vt 0.562500 0.500000
vt 0.578125 1.000000
vt 0.562500 0.937500
vt 0.578125 0.000000
vt 0.562500 0.437500
vt 0.562500 0.875000
vt 0.562500 0.375000
vt 0.562500 0.812500
vt 0.562500 0.312500
vt 0.562500 0.750000
vt 0.562500 0.250000
vt 0.562500 0.687500
vt 0.562500 0.187500
vt 0.531250 0.375000
vt 0.531250 0.312500
vt 0.531250 0.812500
vt 0.531250 0.750000
vt 0.531250 0.250000
vt 0.531250 0.687500
vt 0.531250 0.187500
vt 0.531250 0.625000
vt 0.531250 0.125000
vt 0.531250 0.562500
vt 0.531250 0.062500
vt 0.531250 0.500000
vt 0.546875 1.000000
vt 0.531250 0.937500
vt 0.546875 0.000000
vt 0.531250 0.437500
vt 0.531250 0.875000
vt 0.500000 0.125000
vt 0.500000 0.062500
vt 0.500000 0.562500
vt 0.500000 0.500000
vt 0.515625 1.000000
vt 0.500000 0.937500
vt 0.515625 0.000000
vt 0.500000 0.437500
vt 0.500000 0.875000
vt 0.500000 0.375000
vt 0.500000 0.812500
vt 0.500000 0.312500
vt 0.500000 0.750000
vt 0.500000 0.250000
vt 0.500000 0.687500
vt 0.500000 0.187500
vt 0.500000 0.625000
vt 0.468750 0.812500
vt 0.468750 0.750000
vt 0.468750 0.312500
vt 0.468750 0.250000
vt 0.468750 0.687500
vt 0.468750 0.187500
vt 0.468750 0.625000
vt 0.468750 0.125000
vt 0.468750 0.562500
vt 0.468750 0.062500
vt 0.468750 0.500000
vt 0.484375 1.000000
vt 0.468750 0.937500
vt 0.484375 0.000000
vt 0.468750 0.437500
vt 0.468750 0.875000
vt 0.468750 0.375000
vt 0.437500 0.562500
vt 0.437500 0.500000
vt 0.453125 1.000000
vt 0.437500 0.937500
vt 0.453125 0.000000
vt 0.437500 0.062500
vt 0.437500 0.437500
vt 0.437500 0.875000
vt 0.437500 0.375000
vt 0.437500 0.812500
vt 0.437500 0.312500
vt 0.437500 0.750000
vt 0.437500 0.250000
vt 0.437500 0.687500
vt 0.437500 0.187500
vt 0.437500 0.625000
vt 0.437500 0.125000
vt 0.406250 0.312500
vt 0.406250 0.250000
vt 0.406250 0.750000
vt 0.406250 0.687500
vt 0.406250 0.187500
vt 0.406250 0.625000
vt 0.406250 0.125000
vt 0.406250 0.562500
vt 0.406250 0.062500
vt 0.406250 0.500000
vt 0.421875 1.000000
vt 0.406250 0.937500
vt 0.421875 0.000000
vt 0.406250 0.437500
vt 0.406250 0.875000
vt 0.406250 0.375000
vt 0.406250 0.812500
vt 0.390625 0.000000
vt 0.375000 0.062500
vt 0.375000 0.500000
vt 0.375000 0.437500
vt 0.375000 0.937500
vt 0.375000 0.875000
vt 0.375000 0.375000
vt 0.375000 0.812500
vt 0.375000 0.312500
vt 0.375000 0.750000
vt 0.375000 0.250000
vt 0.375000 0.687500
vt 0.375000 0.187500
vt 0.375000 0.625000
vt 0.375000 0.125000
vt 0.375000 0.562500
vt 0.390625 1.000000
vt 0.343750 0.250000
vt 0.343750 0.187500
vt 0.343750 0.687500
vt 0.343750 0.625000
vt 0.343750 0.125000
vt 0.343750 0.562500
vt 0.343750 0.062500
vt 0.343750 0.500000
vt 0.359375 1.000000
vt 0.343750 0.937500
vt 0.359375 0.000000
vt 0.343750 0.437500
vt 0.343750 0.875000
vt 0.343750 0.375000
vt 0.343750 0.812500
vt 0.343750 0.312500
vt 0.343750 0.750000
vt 0.312500 0.937500
vt 0.312500 0.875000
vt 0.312500 0.437500
vt 0.312500 0.375000
vt 0.312500 0.812500
vt 0.312500 0.312500
vt 0.312500 0.750000
vt 0.312500 0.250000
vt 0.312500 0.687500
vt 0.312500 0.187500
vt 0.312500 0.625000
vt 0.312500 0.125000
vt 0.312500 0.562500
vt 0.312500 0.062500
vt 0.312500 0.500000
vt 0.328125 1.000000
vt 0.328125 0.000000
vt 0.281250 0.687500
vt 0.281250 0.625000
vt 0.281250 0.187500
vt 0.281250 0.125000
vt 0.281250 0.562500
vt 0.281250 0.062500
vt 0.281250 0.500000
vt 0.296875 1.000000
vt 0.281250 0.937500
vt 0.296875 0.000000
vt 0.281250 0.437500
vt 0.281250 0.875000
vt 0.281250 0.375000
vt 0.281250 0.812500
vt 0.281250 0.312500
vt 0.281250 0.750000
vt 0.281250 0.250000
vt 0.250000 0.437500
vt 0.250000 0.375000
vt 0.250000 0.875000
vt 0.250000 0.812500
vt 0.250000 0.312500
vt 0.250000 0.750000
vt 0.250000 0.250000
vt 0.250000 0.687500
vt 0.250000 0.187500
vt 0.250000 0.625000
vt 0.250000 0.125000
vt 0.250000 0.562500
vt 0.250000 0.062500
vt 0.250000 0.500000
vt 0.265625 1.000000
vt 0.250000 0.937500
vt 0.265625 0.000000
vt 0.218750 0.187500
vt 0.218750 0.125000
vt 0.218750 0.625000
vt 0.218750 0.562500
vt 0.218750 0.062500
vt 0.218750 0.500000
vt 0.234375 1.000000
vt 0.218750 0.937500
vt 0.234375 0.000000
vt 0.218750 0.437500
vt 0.218750 0.875000
vt 0.218750 0.375000
vt 0.218750 0.812500
vt 0.218750 0.312500
vt 0.218750 0.750000
vt 0.218750 0.250000
vt 0.218750 0.687500
vt 0.187500 0.875000
vt 0.187500 0.812500
vt 0.187500 0.375000
vt 0.187500 0.312500
vt 0.187500 0.750000
vt 0.187500 0.250000
vt 0.187500 0.687500
vt 0.187500 0.187500
vt 0.187500 0.625000
vt 0.187500 0.125000
vt 0.187500 0.562500
vt 0.187500 0.062500
vt 0.187500 0.500000
vt 0.203125 1.000000
vt 0.187500 0.937500
vt 0.203125 0.000000
vt 0.187500 0.437500
vt 0.156250 0.625000
vt 0.156250 0.562500
vt 0.156250 0.125000
vt 0.156250 0.062500
vt 0.156250 0.500000
vt 0.171875 1.000000
vt 0.156250 0.937500
vt 0.171875 0.000000
vt 0.156250 0.437500
vt 0.156250 0.875000
vt 0.156250 0.375000
vt 0.156250 0.812500
vt 0.156250 0.312500
vt 0.156250 0.750000
vt 0.156250 0.250000
vt 0.156250 0.687500
vt 0.156250 0.187500
vt 0.125000 0.375000
vt 0.125000 0.312500
vt 0.125000 0.812500
vt 0.125000 0.750000
vt 0.125000 0.250000
vt 0.125000 0.687500
vt 0.125000 0.187500
vt 0.125000 0.625000
vt 0.125000 0.125000
vt 0.125000 0.562500
vt 0.125000 0.062500
vt 0.125000 0.500000
vt 0.140625 1.000000
vt 0.125000 0.937500
vt 0.140625 0.000000
vt 0.125000 0.437500
vt 0.125000 0.875000
vt 0.093750 0.125000
vt 0.093750 0.062500
vt 0.093750 0.562500
vt 0.093750 0.500000
vt 0.109375 1.000000
vt 0.093750 0.937500
vt 0.109375 0.000000
vt 0.093750 0.437500
vt 0.093750 0.875000
vt 0.093750 0.375000
vt 0.093750 0.812500
vt 0.093750 0.312500
vt 0.093750 0.750000
vt 0.093750 0.250000
vt 0.093750 0.687500
vt 0.093750 0.187500
vt 0.093750 0.625000
vt 0.062500 0.312500
vt 0.062500 0.250000
vt 0.062500 0.750000
vt 0.062500 0.687500
vt 0.062500 0.187500
vt 0.062500 0.625000
vt 0.062500 0.125000
vt 0.062500 0.562500
vt 0.062500 0.062500
vt 0.062500 0.500000
vt 0.078125 1.000000
vt 0.062500 0.937500
vt 0.078125 0.000000
vt 0.062500 0.437500
vt 0.062500 0.875000
vt 0.062500 0.375000
vt 0.062500 0.812500
vt 0.046875 1.000000
vt 0.031250 0.937500
vt 0.046875 0.000000
vt 0.031250 0.062500
vt 0.031250 0.500000
vt 0.031250 0.437500
vt 0.031250 0.875000
vt 0.031250 0.375000
vt 0.031250 0.812500
vt 0.031250 0.312500
vt 0.031250 0.750000
vt 0.031250 0.250000
vt 0.031250 0.687500
vt 0.031250 0.187500
vt 0.031250 0.625000
vt 0.031250 0.125000
vt 0.031250 0.562500
vt 0.000000 0.750000
vt 0.000000 0.687500
vt 0.000000 0.250000
vt 0.000000 0.187500
vt 0.000000 0.625000
vt 0.000000 0.125000
vt 0.000000 0.562500
vt 0.000000 0.062500
vt 0.000000 0.500000
vt 0.015625 1.000000
vt 0.000000 0.937500
vt 0.015625 0.000000
vt 0.000000 0.437500
vt 0.000000 0.875000
vt 0.000000 0.375000
vt 0.000000 0.812500
vt 0.000000 0.312500
vt 1.000000 0.437500
vt 1.000000 0.500000
vt 0.968750 0.500000
vt 0.968750 0.437500
vt 1.000000 0.875000
vt 1.000000 0.937500
vt 0.968750 0.937500
vt 0.968750 0.875000
vt 1.000000 0.375000
vt 0.968750 0.375000
vt 1.000000 0.812500
vt 0.968750 0.812500
vt 1.000000 0.312500
vt 0.968750 0.312500
vt 1.000000 0.750000
vt 0.968750 0.750000
vt 1.000000 0.250000
vt 0.968750 0.250000
vt 1.000000 0.687500
vt 0.968750 0.687500
vt 1.000000 0.187500
vt 0.968750 0.187500
vt 1.000000 0.625000
vt 0.968750 0.625000
vt 1.000000 0.125000
vt 0.968750 0.125000
vt 1.000000 0.562500
vt 0.968750 0.562500
vt 1.000000 0.062500
vt 0.968750 0.062500
vt 0.984375 1.000000
vt 0.984375 0.000000
vt 0.937500 0.250000
vt 0.937500 0.187500
vt 0.937500 0.687500
vt 0.937500 0.625000
vt 0.937500 0.125000
vt 0.937500 0.562500
vt 0.937500 0.062500
vt 0.937500 0.500000
vt 0.953125 1.000000
vt 0.937500 0.937500
vt 0.953125 0.000000
vt 0.937500 0.437500
vt 0.937500 0.875000
vt 0.937500 0.375000
vt 0.937500 0.812500
vt 0.937500 0.312500
vt 0.937500 0.750000
vt 0.906250 0.937500
vt 0.906250 0.875000
vt 0.906250 0.437500
vt 0.906250 0.375000
vt 0.906250 0.812500
vt 0.906250 0.312500
vt 0.906250 0.750000
vt 0.906250 0.250000
vt 0.906250 0.687500
vt 0.906250 0.187500
vt 0.906250 0.625000
vt 0.906250 0.125000
vt 0.906250 0.562500
vt 0.906250 0.062500
vt 0.906250 0.500000
vt 0.921875 1.000000
vt 0.921875 0.000000
vt 0.875000 0.687500
vt 0.875000 0.625000
vt 0.875000 0.187500
vt 0.875000 0.125000
vt 0.875000 0.562500
vt 0.875000 0.062500
vt 0.875000 0.500000
vt 0.890625 1.000000
vt 0.875000 0.937500
vt 0.890625 0.000000
vt 0.875000 0.437500
vt 0.875000 0.875000
vt 0.875000 0.375000
vt 0.875000 0.812500
vt 0.875000 0.312500
vt 0.875000 0.750000
vt 0.875000 0.250000
vt 0.843750 0.437500
vt 0.843750 0.375000
vt 0.843750 0.875000
vt 0.843750 0.812500
vt 0.843750 0.312500
vt 0.843750 0.750000
vt 0.843750 0.250000
vt 0.843750 0.687500
vt 0.843750 0.187500
vt 0.843750 0.625000
vt 0.843750 0.125000
vt 0.843750 0.562500
vt 0.843750 0.062500
vt 0.843750 0.500000
vt 0.859375 1.000000
vt 0.843750 0.937500
vt 0.859375 0.000000
vt 0.812500 0.187500
vt 0.812500 0.125000
vt 0.812500 0.625000
vt 0.812500 0.562500
vt 0.812500 0.062500
vt 0.812500 0.500000
vt 0.828125 1.000000
vt 0.812500 0.937500
vt 0.828125 0.000000
vt 0.812500 0.437500
vt 0.812500 0.875000
vt 0.812500 0.375000
vt 0.812500 0.812500
vt 0.812500 0.312500
vt 0.812500 0.750000
vt 0.812500 0.250000
vt 0.812500 0.687500
vt 0.781250 0.375000
vt 0.781250 0.312500
vt 0.781250 0.812500
vt 0.781250 0.750000
vt 0.781250 0.250000
vt 0.781250 0.687500
vt 0.781250 0.187500
vt 0.781250 0.625000
vt 0.781250 0.125000
vt 0.781250 0.562500
vt 0.781250 0.062500
vt 0.781250 0.500000
vt 0.796875 1.000000
vt 0.781250 0.937500
vt 0.796875 0.000000
vt 0.781250 0.437500
vt 0.781250 0.875000
vt 0.765625 1.000000
vt 0.765625 0.000000
s 0
f 1202/368/623 1676/369/623 1211/370/623 1212/371/623
f 1681/372/624 1680/373/624 1219/374/624 1220/375/624
f 1203/376/625 1202/368/625 1212/371/625 1213/377/625
f 1673/378/626 1281/379/626 1206/380/626
f 1507/381/627 1681/372/627 1220/375/627
f 1204/382/628 1203/376/628 1213/377/628 1214/383/628
f 1674/384/629 1673/378/629 1206/380/629 1207/385/629
f 1677/386/630 1204/382/630 1214/383/630 1215/387/630
f 1200/388/631 1674/384/631 1207/385/631 1208/389/631
f 1205/390/632 1677/386/632 1215/387/632 1216/391/632
f 1675/392/633 1200/388/633 1208/389/633 1209/393/633
f 1678/394/634 1205/390/634 1216/391/634 1217/395/634
f 1201/396/635 1675/392/635 1209/393/635 1210/397/635
f 1679/398/636 1678/394/636 1217/395/636 1218/399/636
f 1676/369/637 1201/396/637 1210/397/637 1211/370/637
f 1680/373/638 1679/398/638 1218/399/638 1219/374/638
f 1218/399/639 1217/395/639 1232/400/639 1233/401/639
f 1211/370/640 1210/397/640 1225/402/640 1226/403/640
f 1219/374/641 1218/399/641 1233/401/641 1234/404/641
f 1212/371/642 1211/370/642 1226/403/642 1227/405/642
f 1220/375/643 1219/374/643 1234/404/643 1235/406/643
f 1213/377/644 1212/371/644 1227/405/644 1228/407/644
f 1206/380/645 1281/408/645 1221/409/645
f 1507/410/646 1220/375/646 1235/406/646
f 1214/383/647 1213/377/647 1228/407/647 1229/411/647
f 1207/385/648 1206/380/648 1221/409/648 1222/412/648
f 1215/387/649 1214/383/649 1229/411/649 1230/413/649
f 1208/389/650 1207/385/650 1222/412/650 1223/414/650
f 1216/391/651 1215/387/651 1230/413/651 1231/415/651
f 1209/393/652 1208/389/652 1223/414/652 1224/416/652
f 1217/395/653 1216/391/653 1231/415/653 1232/400/653
f 1210/397/654 1209/393/654 1224/416/654 1225/402/654
f 1230/413/655 1229/411/655 1244/417/655 1245/418/655
f 1223/414/656 1222/412/656 1237/419/656 1238/420/656
f 1231/415/657 1230/413/657 1245/418/657 1246/421/657
f 1224/416/658 1223/414/658 1238/420/658 1239/422/658
f 1232/400/659 1231/415/659 1246/421/659 1247/423/659
f 1225/402/660 1224/416/660 1239/422/660 1240/424/660
f 1233/401/661 1232/400/661 1247/423/661 1248/425/661
f 1226/403/662 1225/402/662 1240/424/662 1241/426/662
f 1234/404/663 1233/401/663 1248/425/663 1249/427/663
f 1227/405/664 1226/403/664 1241/426/664 1242/428/664
f 1235/406/665 1234/404/665 1249/427/665 1250/429/665
f 1228/407/666 1227/405/666 1242/428/666 1243/430/666
f 1221/409/667 1281/431/667 1236/432/667
f 1507/433/668 1235/406/668 1250/429/668
f 1229/411/669 1228/407/669 1243/430/669 1244/417/669
f 1222/412/670 1221/409/670 1236/432/670 1237/419/670
f 1249/427/671 1248/425/671 1263/434/671 1264/435/671
f 1242/428/672 1241/426/672 1256/436/672 1257/437/672
f 1250/429/673 1249/427/673 1264/435/673 1265/438/673
f 1243/430/674 1242/428/674 1257/437/674 1258/439/674
f 1236/432/675 1281/440/675 1251/441/675
f 1507/442/676 1250/429/676 1265/438/676
f 1244/417/677 1243/430/677 1258/439/677 1259/443/677
f 1237/419/678 1236/432/678 1251/441/678 1252/444/678
f 1245/418/679 1244/417/679 1259/443/679 1260/445/679
f 1238/420/680 1237/419/680 1252/444/680 1253/446/680
f 1246/421/681 1245/418/681 1260/445/681 1261/447/681
f 1239/422/682 1238/420/682 1253/446/682 1254/448/682
f 1247/423/683 1246/421/683 1261/447/683 1262/449/683
f 1240/424/684 1239/422/684 1254/448/684 1255/450/684
f 1248/425/685 1247/423/685 1262/449/685 1263/434/685
f 1241/426/686 1240/424/686 1255/450/686 1256/436/686
f 1253/446/687 1252/444/687 1267/451/687 1268/452/687
f 1261/447/688 1260/445/688 1275/453/688 1276/454/688
f 1254/448/689 1253/446/689 1268/452/689 1269/455/689
f 1262/449/690 1261/447/690 1276/454/690 1277/456/690
f 1255/450/691 1254/448/691 1269/455/691 1270/457/691
f 1263/434/692 1262/449/692 1277/456/692 1278/458/692
f 1256/436/693 1255/450/693 1270/457/693 1271/459/693
f 1264/435/694 1263/434/694 1278/458/694 1279/460/694
f 1257/437/695 1256/436/695 1271/459/695 1272/461/695
f 1265/438/696 1264/435/696 1279/460/696 1280/462/696
f 1258/439/697 1257/437/697 1272/461/697 1273/463/697
f 1251/441/698 1281/464/698 1266/465/698
f 1507/466/699 1265/438/699 1280/462/699
f 1259/443/700 1258/439/700 1273/463/700 1274/467/700
f 1252/444/701 1251/441/701 1266/465/701 1267/451/701
f 1260/445/702 1259/443/702 1274/467/702 1275/453/702
f 1272/461/703 1271/459/703 1287/468/703 1288/469/703
f 1280/462/704 1279/460/704 1295/470/704 1296/471/704
f 1273/463/705 1272/461/705 1288/469/705 1289/472/705
f 1266/465/706 1281/473/706 1282/474/706
f 1507/475/707 1280/462/707 1296/471/707
f 1274/467/708 1273/463/708 1289/472/708 1290/476/708
f 1267/451/709 1266/465/709 1282/474/709 1283/477/709
f 1275/453/710 1274/467/710 1290/476/710 1291/478/710
f 1268/452/711 1267/451/711 1283/477/711 1284/479/711
f 1276/454/712 1275/453/712 1291/478/712 1292/480/712
f 1269/455/713 1268/452/713 1284/479/713 1285/481/713
f 1277/456/714 1276/454/714 1292/480/714 1293/482/714
f 1270/457/715 1269/455/715 1285/481/715 1286/483/715
f 1278/458/716 1277/456/716 1293/482/716 1294/484/716
f 1271/459/717 1270/457/717 1286/483/717 1287/468/717
f 1279/460/718 1278/458/718 1294/484/718 1295/470/718
f 1292/480/719 1291/478/719 1306/485/719 1307/486/719
f 1285/481/720 1284/479/720 1299/487/720 1300/488/720
f 1293/482/721 1292/480/721 1307/486/721 1308/489/721
f 1286/483/722 1285/481/722 1300/488/722 1301/490/722
f 1294/484/723 1293/482/723 1308/489/723 1309/491/723
f 1287/468/724 1286/483/724 1301/490/724 1302/492/724
f 1295/470/725 1294/484/725 1309/491/725 1310/493/725
f 1288/469/726 1287/468/726 1302/492/726 1303/494/726
f 1296/471/727 1295/470/727 1310/493/727 1311/495/727
f 1289/472/728 1288/469/728 1303/494/728 1304/496/728
f 1282/474/729 1281/497/729 1297/498/729
f 1507/499/730 1296/471/730 1311/495/730
f 1290/476/731 1289/472/731 1304/496/731 1305/500/731
f 1283/477/732 1282/474/732 1297/498/732 1298/501/732
f 1291/478/733 1290/476/733 1305/500/733 1306/485/733
f 1284/479/734 1283/477/734 1298/501/734 1299/487/734
f 1311/495/735 1310/493/735 1325/502/735 1326/503/735
f 1304/496/736 1303/494/736 1318/504/736 1319/505/736
f 1297/498/737 1281/506/737 1312/507/737
f 1507/508/738 1311/495/738 1326/503/738
f 1305/500/739 1304/496/739 1319/505/739 1320/509/739
f 1298/501/740 1297/498/740 1312/507/740 1313/510/740
f 1306/485/741 1305/500/741 1320/509/741 1321/511/741
f 1299/487/742 1298/501/742 1313/510/742 1314/512/742
f 1307/486/743 1306/485/743 1321/511/743 1322/513/743
f 1300/488/744 1299/487/744 1314/512/744 1315/514/744
f 1308/489/745 1307/486/745 1322/513/745 1323/515/745
f 1301/490/746 1300/488/746 1315/514/746 1316/516/746
f 1309/491/747 1308/489/747 1323/515/747 1324/517/747
f 1302/492/748 1301/490/748 1316/516/748 1317/518/748
f 1310/493/749 1309/491/749 1324/517/749 1325/502/749
f 1303/494/750 1302/492/750 1317/518/750 1318/504/750
f 1315/514/751 1314/512/751 1329/519/751 1330/520/751
f 1323/515/752 1322/513/752 1337/521/752 1338/522/752
f 1316/516/753 1315/514/753 1330/520/753 1331/523/753
f 1324/517/754 1323/515/754 1338/522/754 1339/524/754
f 1317/518/755 1316/516/755 1331/523/755 1332/525/755
f 1325/502/756 1324/517/756 1339/524/756 1340/526/756
f 1318/504/757 1317/518/757 1332/525/757 1333/527/757
f 1326/503/758 1325/502/758 1340/526/758 1341/528/758
f 1319/505/759 1318/504/759 1333/527/759 1334/529/759
f 1312/507/760 1281/530/760 1327/531/760
f 1507/532/761 1326/503/761 1341/528/761
f 1320/509/762 1319/505/762 1334/529/762 1335/533/762
f 1313/510/763 1312/507/763 1327/531/763 1328/534/763
f 1321/511/764 1320/509/764 1335/533/764 1336/535/764
f 1314/512/765 1313/510/765 1328/534/765 1329/519/765
f 1322/513/766 1321/511/766 1336/535/766 1337/521/766
f 1334/529/767 1333/527/767 1348/536/767 1349/537/767
f 1327/531/768 1281/538/768 1342/539/768
f 1507/540/769 1341/528/769 1356/541/769
f 1335/533/770 1334/529/770 1349/537/770 1350/542/770
f 1328/534/771 1327/531/771 1342/539/771 1343/543/771
f 1336/535/772 1335/533/772 1350/542/772 1351/544/772
f 1329/519/773 1328/534/773 1343/543/773 1344/545/773
f 1337/521/774 1336/535/774 1351/544/774 1352/546/774
f 1330/520/775 1329/519/775 1344/545/775 1345/547/775
f 1338/522/776 1337/521/776 1352/546/776 1353/548/776
f 1331/523/777 1330/520/777 1345/547/777 1346/549/777
f 1339/524/778 1338/522/778 1353/548/778 1354/550/778
f 1332/525/779 1331/523/779 1346/549/779 1347/551/779
f 1340/526/780 1339/524/780 1354/550/780 1355/552/780
f 1333/527/781 1332/525/781 1347/551/781 1348/536/781
f 1341/528/782 1340/526/782 1355/552/782 1356/541/782
f 1353/548/783 1352/546/783 1367/553/783 1368/554/783
f 1346/549/784 1345/547/784 1360/555/784 1361/556/784
f 1354/550/785 1353/548/785 1368/554/785 1369/557/785
f 1347/551/786 1346/549/786 1361/556/786 1362/558/786
f 1355/552/787 1354/550/787 1369/557/787 1370/559/787
f 1348/536/788 1347/551/788 1362/558/788 1363/560/788
f 1356/541/789 1355/552/789 1370/559/789 1371/561/789
f 1349/537/790 1348/536/790 1363/560/790 1364/562/790
f 1342/539/791 1281/563/791 1357/564/791
f 1507/565/792 1356/541/792 1371/561/792
f 1350/542/793 1349/537/793 1364/562/793 1365/566/793
f 1343/543/794 1342/539/794 1357/564/794 1358/567/794
f 1351/544/795 1350/542/795 1365/566/795 1366/568/795
f 1344/545/796 1343/543/796 1358/567/796 1359/569/796
f 1352/546/797 1351/544/797 1366/568/797 1367/553/797
f 1345/547/798 1344/545/798 1359/569/798 1360/555/798
f 1507/570/799 1371/561/799 1386/571/799
f 1365/566/800 1364/562/800 1379/572/800 1380/573/800
f 1358/567/801 1357/564/801 1372/574/801 1373/575/801
f 1366/568/802 1365/566/802 1380/573/802 1381/576/802
f 1359/569/803 1358/567/803 1373/575/803 1374/577/803
f 1367/553/804 1366/568/804 1381/576/804 1382/578/804
f 1360/555/805 1359/569/805 1374/577/805 1375/579/805
f 1368/554/806 1367/553/806 1382/578/806 1383/580/806
f 1361/556/807 1360/555/807 1375/579/807 1376/581/807
f 1369/557/808 1368/554/808 1383/580/808 1384/582/808
f 1362/558/809 1361/556/809 1376/581/809 1377/583/809
f 1370/559/810 1369/557/810 1384/582/810 1385/584/810
f 1363/560/811 1362/558/811 1377/583/811 1378/585/811
f 1371/561/812 1370/559/812 1385/584/812 1386/571/812
f 1364/562/813 1363/560/813 1378/585/813 1379/572/813
f 1357/564/814 1281/586/814 1372/574/814
f 1384/582/815 1383/580/815 1398/587/815 1399/588/815
f 1377/583/816 1376/581/816 1391/589/816 1392/590/816
f 1385/584/817 1384/582/817 1399/588/817 1400/591/817
f 1378/585/818 1377/583/818 1392/590/818 1393/592/818
f 1386/571/819 1385/584/819 1400/591/819 1401/593/819
f 1379/572/820 1378/585/820 1393/592/820 1394/594/820
f 1372/574/821 1281/595/821 1387/596/821
f 1507/597/822 1386/571/822 1401/593/822
f 1380/573/823 1379/572/823 1394/594/823 1395/598/823
f 1373/575/824 1372/574/824 1387/596/824 1388/599/824
f 1381/576/825 1380/573/825 1395/598/825 1396/600/825
f 1374/577/826 1373/575/826 1388/599/826 1389/601/826
f 1382/578/827 1381/576/827 1396/600/827 1397/602/827
f 1375/579/828 1374/577/828 1389/601/828 1390/603/828
f 1383/580/829 1382/578/829 1397/602/829 1398/587/829
f 1376/581/830 1375/579/830 1390/603/830 1391/589/830
f 1388/599/831 1387/596/831 1402/604/831 1403/605/831
f 1396/600/832 1395/598/832 1410/606/832 1411/607/832
f 1389/601/833 1388/599/833 1403/605/833 1404/608/833
f 1397/602/834 1396/600/834 1411/607/834 1412/609/834
f 1390/603/835 1389/601/835 1404/608/835 1405/610/835
f 1398/587/836 1397/602/836 1412/609/836 1413/611/836
f 1391/589/837 1390/603/837 1405/610/837 1406/612/837
f 1399/588/838 1398/587/838 1413/611/838 1414/613/838
f 1392/590/839 1391/589/839 1406/612/839 1407/614/839
f 1400/591/840 1399/588/840 1414/613/840 1415/615/840
f 1393/592/841 1392/590/841 1407/614/841 1408/616/841
f 1401/593/842 1400/591/842 1415/615/842 1416/617/842
f 1394/594/843 1393/592/843 1408/616/843 1409/618/843
f 1387/596/844 1281/619/844 1402/604/844
f 1507/620/845 1401/593/845 1416/617/845
f 1395/598/846 1394/594/846 1409/618/846 1410/606/846
f 1407/614/847 1406/612/847 1421/621/847 1422/622/847
f 1415/615/848 1414/613/848 1429/623/848 1430/624/848
f 1408/616/849 1407/614/849 1422/622/849 1423/625/849
f 1416/617/850 1415/615/850 1430/624/850 1431/626/850
f 1409/618/851 1408/616/851 1423/625/851 1424/627/851
f 1402/604/852 1281/628/852 1417/629/852
f 1507/630/853 1416/617/853 1431/626/853
f 1410/606/854 1409/618/854 1424/627/854 1425/631/854
f 1403/605/855 1402/604/855 1417/629/855 1418/632/855
f 1411/607/856 1410/606/856 1425/631/856 1426/633/856
f 1404/608/857 1403/605/857 1418/632/857 1419/634/857
f 1412/609/858 1411/607/858 1426/633/858 1427/635/858
f 1405/610/859 1404/608/859 1419/634/859 1420/636/859
f 1413/611/860 1412/609/860 1427/635/860 1428/637/860
f 1406/612/861 1405/610/861 1420/636/861 1421/621/861
f 1414/613/862 1413/611/862 1428/637/862 1429/623/862
f 1426/633/863 1425/631/863 1440/638/863 1441/639/863
f 1419/634/864 1418/632/864 1433/640/864 1434/641/864
f 1427/635/865 1426/633/865 1441/639/865 1442/642/865
f 1420/636/866 1419/634/866 1434/641/866 1435/643/866
f 1428/637/867 1427/635/867 1442/642/867 1443/644/867
f 1421/621/868 1420/636/868 1435/643/868 1436/645/868
f 1429/623/869 1428/637/869 1443/644/869 1444/646/869
f 1422/622/870 1421/621/870 1436/645/870 1437/647/870
f 1430/624/871 1429/623/871 1444/646/871 1445/648/871
f 1423/625/872 1422/622/872 1437/647/872 1438/649/872
f 1431/626/873 1430/624/873 1445/648/873 1446/650/873
f 1424/627/874 1423/625/874 1438/649/874 1439/651/874
f 1417/629/875 1281/652/875 1432/653/875
f 1507/654/876 1431/626/876 1446/650/876
f 1425/631/877 1424/627/877 1439/651/877 1440/638/877
f 1418/632/878 1417/629/878 1432/653/878 1433/640/878
f 1445/648/879 1444/646/879 1459/655/879 1460/656/879
f 1438/649/880 1437/647/880 1452/657/880 1453/658/880
f 1446/650/881 1445/648/881 1460/656/881 1461/659/881
f 1439/651/882 1438/649/882 1453/658/882 1454/660/882
f 1432/653/883 1281/661/883 1447/662/883
f 1507/663/884 1446/650/884 1461/659/884
f 1440/638/885 1439/651/885 1454/660/885 1455/664/885
f 1433/640/886 1432/653/886 1447/662/886 1448/665/886
f 1441/639/887 1440/638/887 1455/664/887 1456/666/887
f 1434/641/888 1433/640/888 1448/665/888 1449/667/888
f 1442/642/889 1441/639/889 1456/666/889 1457/668/889
f 1435/643/890 1434/641/890 1449/667/890 1450/669/890
f 1443/644/891 1442/642/891 1457/668/891 1458/670/891
f 1436/645/892 1435/643/892 1450/669/892 1451/671/892
f 1444/646/893 1443/644/893 1458/670/893 1459/655/893
f 1437/647/894 1436/645/894 1451/671/894 1452/657/894
f 1449/667/895 1448/665/895 1463/672/895 1464/673/895
f 1457/668/896 1456/666/896 1471/674/896 1472/675/896
f 1450/669/897 1449/667/897 1464/673/897 1465/676/897
f 1458/670/898 1457/668/898 1472/675/898 1473/677/898
f 1451/671/899 1450/669/899 1465/676/899 1466/678/899
f 1459/655/900 1458/670/900 1473/677/900 1474/679/900
f 1452/657/901 1451/671/901 1466/678/901 1467/680/901
f 1460/656/902 1459/655/902 1474/679/902 1475/681/902
f 1453/658/903 1452/657/903 1467/680/903 1468/682/903
f 1461/659/904 1460/656/904 1475/681/904 1476/683/904
f 1454/660/905 1453/658/905 1468/682/905 1469/684/905
f 1447/662/906 1281/685/906 1462/686/906
f 1507/687/907 1461/659/907 1476/683/907
f 1455/664/908 1454/660/908 1469/684/908 1470/688/908
f 1448/665/909 1447/662/909 1462/686/909 1463/672/909
f 1456/666/910 1455/664/910 1470/688/910 1471/674/910
f 1468/682/911 1467/680/911 1482/689/911 1483/690/911
f 1476/683/912 1475/681/912 1490/691/912 1491/692/912
f 1469/684/913 1468/682/913 1483/690/913 1484/693/913
f 1462/686/914 1281/694/914 1477/695/914
f 1507/696/915 1476/683/915 1491/692/915
f 1470/688/916 1469/684/916 1484/693/916 1485/697/916
f 1463/672/917 1462/686/917 1477/695/917 1478/698/917
f 1471/674/918 1470/688/918 1485/697/918 1486/699/918
f 1464/673/919 1463/672/919 1478/698/919 1479/700/919
f 1472/675/920 1471/674/920 1486/699/920 1487/701/920
f 1465/676/921 1464/673/921 1479/700/921 1480/702/921
f 1473/677/922 1472/675/922 1487/701/922 1488/703/922
f 1466/678/923 1465/676/923 1480/702/923 1481/704/923
f 1474/679/924 1473/677/924 1488/703/924 1489/705/924
f 1467/680/925 1466/678/925 1481/704/925 1482/689/925
f 1475/681/926 1474/679/926 1489/705/926 1490/691/926
f 1487/701/927 1486/699/927 1501/706/927 1502/707/927
f 1480/702/928 1479/700/928 1494/708/928 1495/709/928
f 1488/703/929 1487/701/929 1502/707/929 1503/710/929
f 1481/704/930 1480/702/930 1495/709/930 1496/711/930
f 1489/705/931 1488/703/931 1503/710/931 1504/712/931
f 1482/689/932 1481/704/932 1496/711/932 1497/713/932
f 1490/691/933 1489/705/933 1504/712/933 1505/714/933
f 1483/690/934 1482/689/934 1497/713/934 1498/715/934
f 1491/692/935 1490/691/935 1505/714/935 1506/716/935
f 1484/693/936 1483/690/936 1498/715/936 1499/717/936
f 1477/695/937 1281/718/937 1492/719/937
f 1507/720/938 1491/692/938 1506/716/938
f 1485/697/939 1484/693/939 1499/717/939 1500/721/939
f 1478/698/940 1477/695/940 1492/719/940 1493/722/940
f 1486/699/941 1485/697/941 1500/721/941 1501/706/941
f 1479/700/942 1478/698/942 1493/722/942 1494/708/942
f 1506/716/943 1505/714/943 1521/723/943 1522/724/943
f 1499/717/944 1498/715/944 1514/725/944 1515/726/944
f 1492/719/945 1281/727/945 1508/728/945
f 1507/729/946 1506/716/946 1522/724/946
f 1500/721/947 1499/717/947 1515/726/947 1516/730/947
f 1493/722/948 1492/719/948 1508/728/948 1509/731/948
f 1501/706/949 1500/721/949 1516/730/949 1517/732/949
f 1494/708/950 1493/722/950 1509/731/950 1510/733/950
f 1502/707/951 1501/706/951 1517/732/951 1518/734/951
f 1495/709/952 1494/708/952 1510/733/952 1511/735/952
f 1503/710/953 1502/707/953 1518/734/953 1519/736/953
f 1496/711/954 1495/709/954 1511/735/954 1512/737/954
f 1504/712/955 1503/710/955 1519/736/955 1520/738/955
f 1497/713/956 1496/711/956 1512/737/956 1513/739/956
f 1505/714/957 1504/712/957 1520/738/957 1521/723/957
f 1498/715/958 1497/713/958 1513/739/958 1514/725/958
f 1519/736/959 1518/734/959 1533/740/959 1534/741/959
f 1512/737/960 1511/735/960 1526/742/960 1527/743/960
f 1520/738/961 1519/736/961 1534/741/961 1535/744/961
f 1513/739/962 1512/737/962 1527/743/962 1528/745/962
f 1521/723/963 1520/738/963 1535/744/963 1536/746/963
f 1514/725/964 1513/739/964 1528/745/964 1529/747/964
f 1522/724/965 1521/723/965 1536/746/965 1537/748/965
f 1515/726/966 1514/725/966 1529/747/966 1530/749/966
f 1508/728/967 1281/750/967 1523/751/967
f 1507/752/968 1522/724/968 1537/748/968
f 1516/730/969 1515/726/969 1530/749/969 1531/753/969
f 1509/731/970 1508/728/970 1523/751/970 1524/754/970
f 1517/732/971 1516/730/971 1531/753/971 1532/755/971
f 1510/733/972 1509/731/972 1524/754/972 1525/756/972
f 1518/734/973 1517/732/973 1532/755/973 1533/740/973
f 1511/735/974 1510/733/974 1525/756/974 1526/742/974
f 1523/751/975 1281/757/975 1538/758/975
f 1507/759/976 1537/748/976 1552/760/976
f 1531/753/977 1530/749/977 1545/761/977 1546/762/977
f 1524/754/978 1523/751/978 1538/758/978 1539/763/978
f 1532/755/979 1531/753/979 1546/762/979 1547/764/979
f 1525/756/980 1524/754/980 1539/763/980 1540/765/980
f 1533/740/981 1532/755/981 1547/764/981 1548/766/981
f 1526/742/982 1525/756/982 1540/765/982 1541/767/982
f 1534/741/983 1533/740/983 1548/766/983 1549/768/983
f 1527/743/984 1526/742/984 1541/767/984 1542/769/984
f 1535/744/985 1534/741/985 1549/768/985 1550/770/985
f 1528/745/986 1527/743/986 1542/769/986 1543/771/986
f 1536/746/987 1535/744/987 1550/770/987 1551/772/987
f 1529/747/988 1528/745/988 1543/771/988 1544/773/988
f 1537/748/989 1536/746/989 1551/772/989 1552/760/989
f 1530/749/990 1529/747/990 1544/773/990 1545/761/990
f 1542/769/991 1541/767/991 1556/774/991 1557/775/991
f 1550/770/992 1549/768/992 1564/776/992 1565/777/992
f 1543/771/993 1542/769/993 1557/775/993 1558/778/993
f 1551/772/994 1550/770/994 1565/777/994 1566/779/994
f 1544/773/995 1543/771/995 1558/778/995 1559/780/995
f 1552/760/996 1551/772/996 1566/779/996 1567/781/996
f 1545/761/997 1544/773/997 1559/780/997 1560/782/997
f 1538/758/998 1281/783/998 1553/784/998
f 1507/785/999 1552/760/999 1567/781/999
f 1546/762/1000 1545/761/1000 1560/782/1000 1561/786/1000
f 1539/763/1001 1538/758/1001 1553/784/1001 1554/787/1001
f 1547/764/1002 1546/762/1002 1561/786/1002 1562/788/1002
f 1540/765/1003 1539/763/1003 1554/787/1003 1555/789/1003
f 1548/766/1004 1547/764/1004 1562/788/1004 1563/790/1004
f 1541/767/1005 1540/765/1005 1555/789/1005 1556/774/1005
f 1549/768/1006 1548/766/1006 1563/790/1006 1564/776/1006
f 1561/791/1007 1560/792/1007 1575/793/1007 1576/794/1007
f 1554/795/1008 1553/796/1008 1568/797/1008 1569/798/1008
f 1562/799/1009 1561/791/1009 1576/794/1009 1577/800/1009
f 1555/801/1010 1554/795/1010 1569/798/1010 1570/802/1010
f 1563/803/1011 1562/799/1011 1577/800/1011 1578/804/1011
f 1556/805/1012 1555/801/1012 1570/802/1012 1571/806/1012
f 1564/807/1013 1563/803/1013 1578/804/1013 1579/808/1013
f 1557/809/1014 1556/805/1014 1571/806/1014 1572/810/1014
f 1565/811/1015 1564/807/1015 1579/808/1015 1580/812/1015
f 1558/813/1016 1557/809/1016 1572/810/1016 1573/814/1016
f 1566/815/1017 1565/811/1017 1580/812/1017 1581/816/1017
f 1559/817/1018 1558/813/1018 1573/814/1018 1574/818/1018
f 1567/819/1019 1566/815/1019 1581/816/1019 1582/820/1019
f 1560/792/1020 1559/817/1020 1574/818/1020 1575/793/1020
f 1553/796/1021 1281/821/1021 1568/797/1021
f 1507/822/1022 1567/819/1022 1582/820/1022
f 1580/812/1023 1579/808/1023 1594/823/1023 1595/824/1023
f 1573/814/1024 1572/810/1024 1587/825/1024 1588/826/1024
f 1581/816/1025 1580/812/1025 1595/824/1025 1596/827/1025
f 1574/818/1026 1573/814/1026 1588/826/1026 1589/828/1026
f 1582/820/1027 1581/816/1027 1596/827/1027 1597/829/1027
f 1575/793/1028 1574/818/1028 1589/828/1028 1590/830/1028
f 1568/797/1029 1281/831/1029 1583/832/1029
f 1507/833/1030 1582/820/1030 1597/829/1030
f 1576/794/1031 1575/793/1031 1590/830/1031 1591/834/1031
f 1569/798/1032 1568/797/1032 1583/832/1032 1584/835/1032
f 1577/800/1033 1576/794/1033 1591/834/1033 1592/836/1033
f 1570/802/1034 1569/798/1034 1584/835/1034 1585/837/1034
f 1578/804/1035 1577/800/1035 1592/836/1035 1593/838/1035
f 1571/806/1036 1570/802/1036 1585/837/1036 1586/839/1036
f 1579/808/1037 1578/804/1037 1593/838/1037 1594/823/1037
f 1572/810/1038 1571/806/1038 1586/839/1038 1587/825/1038
f 1584/835/1039 1583/832/1039 1598/840/1039 1599/841/1039
f 1592/836/1040 1591/834/1040 1606/842/1040 1607/843/1040
f 1585/837/1041 1584/835/1041 1599/841/1041 1600/844/1041
f 1593/838/1042 1592/836/1042 1607/843/1042 1608/845/1042
f 1586/839/1043 1585/837/1043 1600/844/1043 1601/846/1043
f 1594/823/1044 1593/838/1044 1608/845/1044 1609/847/1044
f 1587/825/1045 1586/839/1045 1601/846/1045 1602/848/1045
f 1595/824/1046 1594/823/1046 1609/847/1046 1610/849/1046
f 1588/826/1047 1587/825/1047 1602/848/1047 1603/850/1047
f 1596/827/1048 1595/824/1048 1610/849/1048 1611/851/1048
f 1589/828/1049 1588/826/1049 1603/850/1049 1604/852/1049
f 1597/829/1050 1596/827/1050 1611/851/1050 1612/853/1050
f 1590/830/1051 1589/828/1051 1604/852/1051 1605/854/1051
f 1583/832/1052 1281/855/1052 1598/840/1052
f 1507/856/1053 1597/829/1053 1612/853/1053
f 1591/834/1054 1590/830/1054 1605/854/1054 1606/842/1054
f 1603/850/1055 1602/848/1055 1617/857/1055 1618/858/1055
f 1611/851/1056 1610/849/1056 1625/859/1056 1626/860/1056
f 1604/852/1057 1603/850/1057 1618/858/1057 1619/861/1057
f 1612/853/1058 1611/851/1058 1626/860/1058 1627/862/1058
f 1605/854/1059 1604/852/1059 1619/861/1059 1620/863/1059
f 1598/840/1060 1281/864/1060 1613/865/1060
f 1507/866/1061 1612/853/1061 1627/862/1061
f 1606/842/1062 1605/854/1062 1620/863/1062 1621/867/1062
f 1599/841/1063 1598/840/1063 1613/865/1063 1614/868/1063
f 1607/843/1064 1606/842/1064 1621/867/1064 1622/869/1064
f 1600/844/1065 1599/841/1065 1614/868/1065 1615/870/1065
f 1608/845/1066 1607/843/1066 1622/869/1066 1623/871/1066
f 1601/846/1067 1600/844/1067 1615/870/1067 1616/872/1067
f 1609/847/1068 1608/845/1068 1623/871/1068 1624/873/1068
f 1602/848/1069 1601/846/1069 1616/872/1069 1617/857/1069
f 1610/849/1070 1609/847/1070 1624/873/1070 1625/859/1070
f 1622/869/1071 1621/867/1071 1636/874/1071 1637/875/1071
f 1615/870/1072 1614/868/1072 1629/876/1072 1630/877/1072
f 1623/871/1073 1622/869/1073 1637/875/1073 1638/878/1073
f 1616/872/1074 1615/870/1074 1630/877/1074 1631/879/1074
f 1624/873/1075 1623/871/1075 1638/878/1075 1639/880/1075
f 1617/857/1076 1616/872/1076 1631/879/1076 1632/881/1076
f 1625/859/1077 1624/873/1077 1639/880/1077 1640/882/1077
f 1618/858/1078 1617/857/1078 1632/881/1078 1633/883/1078
f 1626/860/1079 1625/859/1079 1640/882/1079 1641/884/1079
f 1619/861/1080 1618/858/1080 1633/883/1080 1634/885/1080
f 1627/862/1081 1626/860/1081 1641/884/1081 1642/886/1081
f 1620/863/1082 1619/861/1082 1634/885/1082 1635/887/1082
f 1613/865/1083 1281/888/1083 1628/889/1083
f 1507/890/1084 1627/862/1084 1642/886/1084
f 1621/867/1085 1620/863/1085 1635/887/1085 1636/874/1085
f 1614/868/1086 1613/865/1086 1628/889/1086 1629/876/1086
f 1641/884/1087 1640/882/1087 1655/891/1087 1656/892/1087
f 1634/885/1088 1633/883/1088 1648/893/1088 1649/894/1088
f 1642/886/1089 1641/884/1089 1656/892/1089 1657/895/1089
f 1635/887/1090 1634/885/1090 1649/894/1090 1650/896/1090
f 1628/889/1091 1281/897/1091 1643/898/1091
f 1507/899/1092 1642/886/1092 1657/895/1092
f 1636/874/1093 1635/887/1093 1650/896/1093 1651/900/1093
f 1629/876/1094 1628/889/1094 1643/898/1094 1644/901/1094
f 1637/875/1095 1636/874/1095 1651/900/1095 1652/902/1095
f 1630/877/1096 1629/876/1096 1644/901/1096 1645/903/1096
f 1638/878/1097 1637/875/1097 1652/902/1097 1653/904/1097
f 1631/879/1098 1630/877/1098 1645/903/1098 1646/905/1098
f 1639/880/1099 1638/878/1099 1653/904/1099 1654/906/1099
f 1632/881/1100 1631/879/1100 1646/905/1100 1647/907/1100
f 1640/882/1101 1639/880/1101 1654/906/1101 1655/891/1101
f 1633/883/1102 1632/881/1102 1647/907/1102 1648/893/1102
f 1653/904/1103 1652/902/1103 1667/908/1103 1668/909/1103
f 1646/905/1104 1645/903/1104 1660/910/1104 1661/911/1104
f 1654/906/1105 1653/904/1105 1668/909/1105 1669/912/1105
f 1647/907/1106 1646/905/1106 1661/911/1106 1662/913/1106
f 1655/891/1107 1654/906/1107 1669/912/1107 1670/914/1107
f 1648/893/1108 1647/907/1108 1662/913/1108 1663/915/1108
f 1656/892/1109 1655/891/1109 1670/914/1109 1671/916/1109
f 1649/894/1110 1648/893/1110 1663/915/1110 1664/917/1110
f 1657/895/1111 1656/892/1111 1671/916/1111 1672/918/1111
f 1650/896/1112 1649/894/1112 1664/917/1112 1665/919/1112
f 1643/898/1113 1281/920/1113 1658/921/1113
f 1507/922/1114 1657/895/1114 1672/918/1114
f 1651/900/1115 1650/896/1115 1665/919/1115 1666/923/1115
f 1644/901/1116 1643/898/1116 1658/921/1116 1659/924/1116
f 1652/902/1117 1651/900/1117 1666/923/1117 1667/908/1117
f 1645/903/1118 1644/901/1118 1659/924/1118 1660/910/1118
f 1672/918/1119 1671/916/1119 1680/373/1119 1681/372/1119
f 1665/919/1120 1664/917/1120 1202/368/1120 1203/376/1120
f 1658/921/1121 1281/925/1121 1673/378/1121
f 1507/926/1122 1672/918/1122 1681/372/1122
f 1666/923/1123 1665/919/1123 1203/376/1123 1204/382/1123
f 1659/924/1124 1658/921/1124 1673/378/1124 1674/384/1124
f 1667/908/1125 1666/923/1125 1204/382/1125 1677/386/1125
f 1660/910/1126 1659/924/1126 1674/384/1126 1200/388/1126
f 1668/909/1127 1667/908/1127 1677/386/1127 1205/390/1127
f 1661/911/1128 1660/910/1128 1200/388/1128 1675/392/1128
f 1669/912/1129 1668/909/1129 1205/390/1129 1678/394/1129
f 1662/913/1130 1661/911/1130 1675/392/1130 1201/396/1130
f 1670/914/1131 1669/912/1131 1678/394/1131 1679/398/1131
f 1663/915/1132 1662/913/1132 1201/396/1132 1676/369/1132
f 1671/916/1133 1670/914/1133 1679/398/1133 1680/373/1133
f 1664/917/1134 1663/915/1134 1676/369/1134 1202/368/1134
